/**
** egemb_refindplus_banner_hidpi.h
** An encoded RefindPlus banner at high resolution
**
** Copyright (c) 2025 Dayo Akanji
** Released under the MIT License
**/
static const UINT8 egemb_refindplus_banner_hidpi_data[39834] = {
 0xff, 0x00, 0xff, 0x00, 0xff, 0x00, 0xff, 0x00, 0xff, 0x00, 0xff, 0x00,
 0xff, 0x00, 0xff, 0x00, 0xff, 0x00, 0xff, 0x00, 0xff, 0x00, 0xff, 0x00,
 0xff, 0x00, 0xff, 0x00, 0xff, 0x00, 0xff, 0x00, 0xff, 0x00, 0xff, 0x00,
 0xff, 0x00, 0xff, 0x00, 0xff, 0x00, 0xff, 0x00, 0xff, 0x00, 0xff, 0x00,
 0xff, 0x00, 0xff, 0x00, 0xff, 0x00, 0xff, 0x00, 0xff, 0x00, 0xff, 0x00,
 0xff, 0x00, 0xff, 0x00, 0xff, 0x00, 0xff, 0x00, 0xff, 0x00, 0xff, 0x00,
 0xff, 0x00, 0xff, 0x00, 0xff, 0x00, 0xff, 0x00, 0xff, 0x00, 0xff, 0x00,
 0xff, 0x00, 0xff, 0x00, 0xff, 0x00, 0xff, 0x00, 0xff, 0x00, 0xff, 0x00,
 0xff, 0x00, 0xff, 0x00, 0xff, 0x00, 0xff, 0x00, 0xff, 0x00, 0xff, 0x00,
 0xff, 0x00, 0xff, 0x00, 0xff, 0x00, 0xff, 0x00, 0xff, 0x00, 0xff, 0x00,
 0xff, 0x00, 0xff, 0x00, 0xff, 0x00, 0xff, 0x00, 0xff, 0x00, 0xff, 0x00,
 0xff, 0x00, 0xff, 0x00, 0xff, 0x00, 0xff, 0x00, 0xff, 0x00, 0xff, 0x00,
 0xff, 0x00, 0xff, 0x00, 0xff, 0x00, 0xff, 0x00, 0xff, 0x00, 0xff, 0x00,
 0xff, 0x00, 0xff, 0x00, 0xff, 0x00, 0xff, 0x00, 0xff, 0x00, 0xff, 0x00,
 0xff, 0x00, 0xff, 0x00, 0xff, 0x00, 0xff, 0x00, 0xff, 0x00, 0xff, 0x00,
 0xff, 0x00, 0xff, 0x00, 0xff, 0x00, 0xff, 0x00, 0xff, 0x00, 0xff, 0x00,
 0xff, 0x00, 0xff, 0x00, 0xff, 0x00, 0xff, 0x00, 0xff, 0x00, 0xff, 0x00,
 0xff, 0x00, 0xff, 0x00, 0xff, 0x00, 0xff, 0x00, 0xff, 0x00, 0xff, 0x00,
 0xff, 0x00, 0xff, 0x00, 0xff, 0x00, 0xff, 0x00, 0xff, 0x00, 0xff, 0x00,
 0xff, 0x00, 0xff, 0x00, 0xff, 0x00, 0xff, 0x00, 0xff, 0x00, 0xff, 0x00,
 0xff, 0x00, 0xff, 0x00, 0xff, 0x00, 0xff, 0x00, 0xff, 0x00, 0xff, 0x00,
 0xff, 0x00, 0xff, 0x00, 0xff, 0x00, 0xff, 0x00, 0xff, 0x00, 0xff, 0x00,
 0xff, 0x00, 0xff, 0x00, 0xff, 0x00, 0xff, 0x00, 0xff, 0x00, 0xff, 0x00,
 0xff, 0x00, 0xff, 0x00, 0xff, 0x00, 0xff, 0x00, 0xff, 0x00, 0xff, 0x00,
 0xff, 0x00, 0xff, 0x00, 0xff, 0x00, 0xff, 0x00, 0xff, 0x00, 0xff, 0x00,
 0xff, 0x00, 0xff, 0x00, 0xff, 0x00, 0xff, 0x00, 0xff, 0x00, 0xff, 0x00,
 0xff, 0x00, 0xff, 0x00, 0xff, 0x00, 0xff, 0x00, 0xff, 0x00, 0xff, 0x00,
 0xff, 0x00, 0xff, 0x00, 0xff, 0x00, 0xff, 0x00, 0xff, 0x00, 0xff, 0x00,
 0xff, 0x00, 0xff, 0x00, 0xff, 0x00, 0xff, 0x00, 0xff, 0x00, 0xe8, 0x00,
 0x0b, 0x03, 0x09, 0x10, 0x17, 0x1d, 0x20, 0x1f, 0x1a, 0x13, 0x0a, 0x05,
 0x02, 0xff, 0x00, 0xff, 0x00, 0xff, 0x00, 0xff, 0x00, 0xe9, 0x00, 0x0b,
 0x09, 0x1b, 0x2f, 0x46, 0x56, 0x61, 0x5e, 0x4d, 0x38, 0x1f, 0x0e, 0x05,
 0xff, 0x00, 0xff, 0x00, 0xff, 0x00, 0xff, 0x00, 0xe5, 0x00, 0x13, 0x06,
 0x12, 0x20, 0x30, 0x43, 0x59, 0x6f, 0x86, 0x96, 0xa1, 0x9e, 0x8d, 0x77,
 0x5e, 0x4a, 0x3d, 0x32, 0x28, 0x1a, 0x09, 0xff, 0x00, 0x93, 0x00, 0x03,
 0x08, 0x18, 0x22, 0x28, 0x81, 0x2a, 0x03, 0x22, 0x13, 0x08, 0x03, 0xd3,
 0x00, 0x03, 0x01, 0x03, 0x0d, 0x21, 0x81, 0x2a, 0x03, 0x28, 0x25, 0x1a,
 0x09, 0xff, 0x00, 0xff, 0x00, 0xdf, 0x00, 0x13, 0x12, 0x37, 0x61, 0x91,
 0xb2, 0xc3, 0xcf, 0xd7, 0xdc, 0xe0, 0xdf, 0xd9, 0xd1, 0xc7, 0xbb, 0xac,
 0x95, 0x78, 0x4f, 0x1a, 0xff, 0x00, 0x93, 0x00, 0x03, 0x18, 0x47, 0x67,
 0x77, 0x81, 0x7f, 0x03, 0x67, 0x38, 0x19, 0x08, 0xd3, 0x00, 0x03, 0x03,
 0x08, 0x28, 0x62, 0x81, 0x7f, 0x03, 0x79, 0x6e, 0x4f, 0x1a, 0xff, 0x00,
 0xff, 0x00, 0xdb, 0x00, 0x09, 0x02, 0x05, 0x0f, 0x21, 0x42, 0x71, 0xa1,
 0xd1, 0xef, 0xfa, 0x83, 0xff, 0x07, 0xfe, 0xfd, 0xf6, 0xea, 0xcf, 0xa6,
 0x6d, 0x24, 0xff, 0x00, 0x93, 0x00, 0x03, 0x24, 0x6b, 0x9a, 0xb2, 0x81,
 0xbf, 0x03, 0x9b, 0x55, 0x25, 0x0c, 0xd3, 0x00, 0x03, 0x04, 0x0b, 0x3b,
 0x93, 0x81, 0xbf, 0x03, 0xb6, 0xa6, 0x76, 0x27, 0xff, 0x00, 0xff, 0x00,
 0xdb, 0x00, 0x09, 0x05, 0x0e, 0x2d, 0x64, 0x95, 0xc1, 0xdf, 0xf0, 0xfa,
 0xfd, 0x84, 0xff, 0x06, 0xfe, 0xfc, 0xf8, 0xe0, 0xb3, 0x76, 0x27, 0xff,
 0x00, 0x93, 0x00, 0x03, 0x2c, 0x83, 0xbd, 0xdb, 0x81, 0xea, 0x03, 0xbe,
 0x67, 0x2d, 0x0f, 0xd3, 0x00, 0x03, 0x04, 0x0d, 0x48, 0xb4, 0x81, 0xea,
 0x03, 0xdf, 0xcb, 0x91, 0x30, 0xff, 0x00, 0xff, 0x00, 0xdb, 0x00, 0x06,
 0x10, 0x30, 0x60, 0x9f, 0xce, 0xee, 0xfe, 0x8a, 0xff, 0x03, 0xe5, 0xb2,
 0x72, 0x26, 0xff, 0x00, 0x93, 0x00, 0x03, 0x30, 0x8f, 0xcf, 0xef, 0x81,
 0xff, 0x03, 0xd0, 0x71, 0x31, 0x10, 0xd3, 0x00, 0x03, 0x05, 0x0e, 0x4e,
 0xc4, 0x81, 0xff, 0x03, 0xf4, 0xde, 0x9e, 0x35, 0xff, 0x00, 0xff, 0x00,
 0xdb, 0x00, 0x05, 0x24, 0x6c, 0xa6, 0xd3, 0xef, 0xf9, 0x8b, 0xff, 0x03,
 0xe0, 0xa1, 0x61, 0x20, 0xff, 0x00, 0x93, 0x00, 0x03, 0x30, 0x8f, 0xcf,
 0xef, 0x81, 0xff, 0x03, 0xd0, 0x71, 0x31, 0x10, 0xd3, 0x00, 0x03, 0x05,
 0x0e, 0x4e, 0xc4, 0x81, 0xff, 0x03, 0xf4, 0xde, 0x9e, 0x35, 0xff, 0x00,
 0xff, 0x00, 0xd9, 0x00, 0x05, 0x06, 0x11, 0x43, 0x9d, 0xd7, 0xf2, 0x83,
 0xff, 0x0d, 0xfe, 0xfc, 0xf8, 0xf4, 0xf3, 0xf6, 0xfa, 0xfd, 0xff, 0xff,
 0xd9, 0x8e, 0x4e, 0x1a, 0xff, 0x00, 0x93, 0x00, 0x03, 0x30, 0x8f, 0xcf,
 0xef, 0x81, 0xff, 0x03, 0xd0, 0x71, 0x31, 0x10, 0xd3, 0x00, 0x03, 0x05,
 0x0e, 0x4e, 0xc4, 0x81, 0xff, 0x03, 0xf4, 0xde, 0x9e, 0x35, 0xff, 0x00,
 0xff, 0x00, 0xd9, 0x00, 0x05, 0x11, 0x33, 0x6e, 0xc2, 0xf1, 0xfa, 0x83,
 0xff, 0x0d, 0xfc, 0xf5, 0xeb, 0xdd, 0xdb, 0xe4, 0xef, 0xfa, 0xff, 0xff,
 0xd2, 0x79, 0x39, 0x13, 0xff, 0x00, 0x93, 0x00, 0x03, 0x30, 0x8f, 0xcf,
 0xef, 0x81, 0xff, 0x03, 0xd0, 0x71, 0x31, 0x10, 0xd3, 0x00, 0x03, 0x05,
 0x0e, 0x4e, 0xc4, 0x81, 0xff, 0x03, 0xf4, 0xde, 0x9e, 0x35, 0xff, 0x00,
 0xc5, 0x00, 0x03, 0x09, 0x1a, 0x29, 0x36, 0x93, 0x3d, 0x0e, 0x3c, 0x3b,
 0x3b, 0x3a, 0x38, 0x36, 0x33, 0x2f, 0x2b, 0x28, 0x22, 0x1a, 0x11, 0x07,
 0x01, 0xe8, 0x00, 0x06, 0x01, 0x02, 0x21, 0x5d, 0x9b, 0xdd, 0xfe, 0x80,
 0xff, 0x11, 0xfe, 0xfd, 0xf2, 0xe0, 0xce, 0xbd, 0xad, 0x9e, 0x9b, 0xa5,
 0xb2, 0xc2, 0xce, 0xd6, 0xb0, 0x5b, 0x24, 0x0c, 0xff, 0x00, 0x93, 0x00,
 0x03, 0x30, 0x8f, 0xcf, 0xef, 0x81, 0xff, 0x03, 0xd0, 0x71, 0x31, 0x10,
 0x8d, 0x00, 0x03, 0x0b, 0x20, 0x2f, 0x38, 0x93, 0x3d, 0x0d, 0x3c, 0x3b,
 0x3a, 0x37, 0x34, 0x31, 0x2d, 0x2a, 0x26, 0x23, 0x1c, 0x13, 0x0b, 0x04,
 0x9b, 0x00, 0x03, 0x05, 0x0e, 0x4e, 0xc4, 0x81, 0xff, 0x03, 0xf4, 0xde,
 0x9e, 0x35, 0xff, 0x00, 0xc5, 0x00, 0x03, 0x1a, 0x4e, 0x7b, 0xa3, 0x93,
 0xb6, 0x0f, 0xb4, 0xb2, 0xb0, 0xae, 0xa9, 0xa1, 0x98, 0x8d, 0x82, 0x77,
 0x66, 0x4d, 0x32, 0x14, 0x04, 0x01, 0xe7, 0x00, 0x05, 0x02, 0x06, 0x34,
 0x8d, 0xcb, 0xed, 0x81, 0xff, 0x11, 0xfd, 0xf8, 0xd9, 0xa1, 0x74, 0x52,
 0x3d, 0x36, 0x34, 0x37, 0x42, 0x55, 0x6b, 0x84, 0x72, 0x34, 0x10, 0x05,
 0xff, 0x00, 0x93, 0x00, 0x03, 0x30, 0x8f, 0xcf, 0xef, 0x81, 0xff, 0x03,
 0xd0, 0x71, 0x31, 0x10, 0x8d, 0x00, 0x03, 0x20, 0x60, 0x8e, 0xa9, 0x93,
 0xb6, 0x0d, 0xb5, 0xb2, 0xad, 0xa4, 0x9b, 0x92, 0x88, 0x7e, 0x73, 0x68,
 0x55, 0x3a, 0x21, 0x0b, 0x9b, 0x00, 0x03, 0x05, 0x0e, 0x4e, 0xc4, 0x81,
 0xff, 0x03, 0xf4, 0xde, 0x9e, 0x35, 0xff, 0x00, 0xc5, 0x00, 0x03, 0x23,
 0x69, 0xa7, 0xdc, 0x92, 0xf6, 0x14, 0xf5, 0xf4, 0xf2, 0xf0, 0xed, 0xe8,
 0xe0, 0xd7, 0xcd, 0xc2, 0xb7, 0xa6, 0x8d, 0x71, 0x50, 0x3a, 0x2f, 0x24,
 0x18, 0x0e, 0x05, 0xe3, 0x00, 0x05, 0x0a, 0x1d, 0x56, 0xb4, 0xea, 0xf8,
 0x80, 0xff, 0x12, 0xfe, 0xf1, 0xd8, 0xaa, 0x67, 0x35, 0x15, 0x04, 0x01,
 0x00, 0x00, 0x08, 0x17, 0x2b, 0x44, 0x3e, 0x18, 0x04, 0x01, 0x81, 0x00,
 0x07, 0x03, 0x0a, 0x13, 0x20, 0x21, 0x17, 0x0e, 0x05, 0xff, 0x00, 0x87,
 0x00, 0x03, 0x30, 0x8f, 0xcf, 0xef, 0x81, 0xff, 0x03, 0xd0, 0x71, 0x31,
 0x10, 0x8d, 0x00, 0x03, 0x2b, 0x82, 0xbf, 0xe4, 0x93, 0xf6, 0x11, 0xf5,
 0xf2, 0xec, 0xe4, 0xdb, 0xd1, 0xc8, 0xbe, 0xb3, 0xa8, 0x94, 0x79, 0x5c,
 0x3d, 0x27, 0x19, 0x0d, 0x04, 0x97, 0x00, 0x03, 0x05, 0x0e, 0x4e, 0xc4,
 0x81, 0xff, 0x03, 0xf4, 0xde, 0x9e, 0x35, 0xff, 0x00, 0xc5, 0x00, 0x03,
 0x24, 0x6c, 0xab, 0xe1, 0x93, 0xfc, 0x13, 0xfb, 0xfb, 0xfa, 0xf9, 0xf7,
 0xf5, 0xf2, 0xee, 0xeb, 0xe7, 0xe1, 0xd9, 0xcc, 0xb9, 0xa2, 0x89, 0x6b,
 0x49, 0x2a, 0x0e, 0xe3, 0x00, 0x10, 0x18, 0x49, 0x87, 0xd1, 0xf8, 0xfd,
 0xff, 0xff, 0xfe, 0xfb, 0xdb, 0x9e, 0x65, 0x31, 0x12, 0x07, 0x01, 0x80,
 0x00, 0x06, 0x03, 0x08, 0x0e, 0x17, 0x15, 0x08, 0x01, 0x82, 0x00, 0x07,
 0x0a, 0x1d, 0x39, 0x5f, 0x63, 0x46, 0x29, 0x0e, 0xff, 0x00, 0x87, 0x00,
 0x03, 0x30, 0x8f, 0xcf, 0xef, 0x81, 0xff, 0x03, 0xd0, 0x71, 0x31, 0x10,
 0x8d, 0x00, 0x03, 0x2c, 0x85, 0xc4, 0xe9, 0x94, 0xfc, 0x10, 0xfb, 0xf9,
 0xf6, 0xf3, 0xf0, 0xed, 0xe9, 0xe6, 0xe2, 0xdb, 0xd1, 0xbb, 0x9a, 0x75,
 0x4a, 0x27, 0x0d, 0x97, 0x00, 0x03, 0x05, 0x0e, 0x4e, 0xc4, 0x81, 0xff,
 0x03, 0xf4, 0xde, 0x9e, 0x35, 0xff, 0x00, 0xc5, 0x00, 0x03, 0x25, 0x6e,
 0xad, 0xe4, 0x9f, 0xff, 0x0a, 0xfb, 0xf2, 0xe1, 0xc8, 0xab, 0x88, 0x62,
 0x39, 0x1c, 0x0b, 0x01, 0xe0, 0x00, 0x03, 0x24, 0x6c, 0xac, 0xe3, 0x81,
 0xff, 0x05, 0xf9, 0xec, 0xbc, 0x6b, 0x32, 0x11, 0x8d, 0x00, 0x0b, 0x08,
 0x18, 0x31, 0x53, 0x78, 0x9e, 0xa3, 0x85, 0x63, 0x3c, 0x1f, 0x0a, 0xff,
 0x00, 0x85, 0x00, 0x03, 0x30, 0x8f, 0xcf, 0xef, 0x81, 0xff, 0x03, 0xd0,
 0x71, 0x31, 0x10, 0x8d, 0x00, 0x03, 0x2d, 0x87, 0xc7, 0xec, 0x9d, 0xff,
 0x0b, 0xfe, 0xfd, 0xf0, 0xd7, 0xb4, 0x89, 0x63, 0x41, 0x29, 0x1b, 0x0f,
 0x05, 0x93, 0x00, 0x03, 0x05, 0x0e, 0x4e, 0xc4, 0x81, 0xff, 0x03, 0xf4,
 0xde, 0x9e, 0x35, 0xff, 0x00, 0xc5, 0x00, 0x03, 0x25, 0x6e, 0xad, 0xe4,
 0x9f, 0xff, 0x0b, 0xfe, 0xfb, 0xf5, 0xed, 0xe2, 0xd5, 0xb7, 0x86, 0x54,
 0x20, 0x04, 0x01, 0xdf, 0x00, 0x03, 0x2d, 0x86, 0xc5, 0xec, 0x81, 0xff,
 0x05, 0xf0, 0xd1, 0x96, 0x41, 0x11, 0x06, 0x8d, 0x00, 0x0b, 0x18, 0x48,
 0x7a, 0xae, 0xcf, 0xde, 0xe0, 0xd6, 0xbb, 0x90, 0x5c, 0x1f, 0xff, 0x00,
 0x85, 0x00, 0x03, 0x30, 0x8f, 0xcf, 0xef, 0x81, 0xff, 0x03, 0xd0, 0x71,
 0x31, 0x10, 0x8d, 0x00, 0x03, 0x2d, 0x87, 0xc7, 0xec, 0x9e, 0xff, 0x0a,
 0xfe, 0xfa, 0xf2, 0xe6, 0xd7, 0xc0, 0xa1, 0x7c, 0x52, 0x2e, 0x0f, 0x93,
 0x00, 0x03, 0x05, 0x0e, 0x4e, 0xc4, 0x81, 0xff, 0x03, 0xf4, 0xde, 0x9e,
 0x35, 0xff, 0x00, 0xc5, 0x00, 0x03, 0x25, 0x6e, 0xad, 0xe4, 0xa3, 0xff,
 0x09, 0xfe, 0xfd, 0xe9, 0xc2, 0x90, 0x55, 0x2d, 0x17, 0x09, 0x03, 0xdc,
 0x00, 0x04, 0x01, 0x35, 0x9b, 0xdb, 0xf3, 0x81, 0xff, 0x03, 0xe6, 0xb4,
 0x75, 0x27, 0x8f, 0x00, 0x0d, 0x26, 0x71, 0xb0, 0xe2, 0xfc, 0xfe, 0xff,
 0xfe, 0xed, 0xca, 0x8c, 0x33, 0x05, 0x02, 0xff, 0x00, 0x83, 0x00, 0x03,
 0x30, 0x8f, 0xcf, 0xef, 0x81, 0xff, 0x03, 0xd0, 0x71, 0x31, 0x10, 0x8d,
 0x00, 0x03, 0x2d, 0x87, 0xc7, 0xec, 0xa2, 0xff, 0x08, 0xfe, 0xf3, 0xdc,
 0xbb, 0x91, 0x64, 0x36, 0x17, 0x08, 0x91, 0x00, 0x03, 0x05, 0x0e, 0x4e,
 0xc4, 0x81, 0xff, 0x03, 0xf4, 0xde, 0x9e, 0x35, 0xff, 0x00, 0xc5, 0x00,
 0x03, 0x25, 0x6e, 0xad, 0xe4, 0xa4, 0xff, 0x08, 0xfe, 0xf8, 0xeb, 0xd1,
 0xab, 0x7b, 0x40, 0x1a, 0x09, 0xdb, 0x00, 0x05, 0x01, 0x04, 0x3d, 0xad,
 0xec, 0xf9, 0x81, 0xff, 0x03, 0xdc, 0x97, 0x57, 0x1d, 0x8f, 0x00, 0x04,
 0x31, 0x93, 0xd2, 0xef, 0xfe, 0x80, 0xff, 0x05, 0xf7, 0xe9, 0xae, 0x47,
 0x0f, 0x05, 0xff, 0x00, 0x83, 0x00, 0x03, 0x30, 0x8f, 0xcf, 0xef, 0x81,
 0xff, 0x03, 0xd0, 0x71, 0x31, 0x10, 0x8d, 0x00, 0x03, 0x2d, 0x87, 0xc7,
 0xec, 0xa3, 0xff, 0x07, 0xfb, 0xf3, 0xe8, 0xd9, 0xb4, 0x78, 0x44, 0x17,
 0x91, 0x00, 0x03, 0x05, 0x0e, 0x4e, 0xc4, 0x81, 0xff, 0x03, 0xf4, 0xde,
 0x9e, 0x35, 0xff, 0x00, 0xc5, 0x00, 0x03, 0x25, 0x6e, 0xad, 0xe4, 0x81,
 0xff, 0x03, 0xfe, 0xfb, 0xf7, 0xf0, 0x8c, 0xec, 0x08, 0xed, 0xee, 0xef,
 0xf1, 0xf3, 0xf6, 0xf8, 0xfb, 0xfe, 0x87, 0xff, 0x07, 0xf5, 0xe1, 0xb8,
 0x7b, 0x47, 0x1c, 0x05, 0x02, 0xd9, 0x00, 0x0d, 0x05, 0x0e, 0x4b, 0xbc,
 0xf7, 0xfc, 0xff, 0xff, 0xfe, 0xfc, 0xcf, 0x77, 0x38, 0x13, 0x8d, 0x00,
 0x05, 0x04, 0x0c, 0x44, 0xae, 0xea, 0xf8, 0x81, 0xff, 0x05, 0xfd, 0xfa,
 0xc6, 0x62, 0x24, 0x0c, 0xff, 0x00, 0x83, 0x00, 0x03, 0x30, 0x8f, 0xcf,
 0xef, 0x81, 0xff, 0x03, 0xd0, 0x71, 0x31, 0x10, 0x8d, 0x00, 0x03, 0x2d,
 0x87, 0xc7, 0xec, 0x81, 0xff, 0x03, 0xfd, 0xf9, 0xf5, 0xef, 0x8d, 0xec,
 0x05, 0xee, 0xf1, 0xf4, 0xf7, 0xfa, 0xfd, 0x87, 0xff, 0x07, 0xfe, 0xfd,
 0xe4, 0xb3, 0x7b, 0x3e, 0x17, 0x08, 0x8f, 0x00, 0x03, 0x05, 0x0e, 0x4e,
 0xc4, 0x81, 0xff, 0x03, 0xf4, 0xde, 0x9e, 0x35, 0xff, 0x00, 0xc5, 0x00,
 0x03, 0x25, 0x6e, 0xad, 0xe4, 0x81, 0xff, 0x03, 0xfb, 0xf4, 0xe6, 0xd1,
 0x8c, 0xc7, 0x08, 0xc8, 0xcb, 0xd0, 0xd6, 0xdc, 0xe3, 0xeb, 0xf3, 0xfb,
 0x87, 0xff, 0x07, 0xfc, 0xf5, 0xe3, 0xc6, 0x8f, 0x3e, 0x10, 0x05, 0xd9,
 0x00, 0x0d, 0x0b, 0x20, 0x5f, 0xc7, 0xfc, 0xfe, 0xff, 0xff, 0xfc, 0xf6,
 0xbe, 0x55, 0x18, 0x08, 0x8d, 0x00, 0x05, 0x0c, 0x23, 0x60, 0xc4, 0xf8,
 0xfd, 0x81, 0xff, 0x05, 0xfe, 0xfd, 0xd5, 0x85, 0x46, 0x17, 0xff, 0x00,
 0x83, 0x00, 0x03, 0x30, 0x8f, 0xcf, 0xef, 0x81, 0xff, 0x03, 0xd0, 0x71,
 0x31, 0x10, 0x8d, 0x00, 0x03, 0x2d, 0x87, 0xc7, 0xec, 0x81, 0xff, 0x03,
 0xf9, 0xee, 0xe0, 0xcf, 0x8d, 0xc7, 0x06, 0xcc, 0xd4, 0xdd, 0xe7, 0xf1,
 0xf9, 0xfe, 0x87, 0xff, 0x06, 0xfe, 0xf6, 0xe5, 0xbc, 0x7d, 0x46, 0x17,
 0x8f, 0x00, 0x03, 0x05, 0x0e, 0x4e, 0xc4, 0x81, 0xff, 0x03, 0xf4, 0xde,
 0x9e, 0x35, 0xff, 0x00, 0xc5, 0x00, 0x03, 0x25, 0x6e, 0xad, 0xe4, 0x81,
 0xff, 0x03, 0xf8, 0xea, 0xcc, 0x9e, 0x8c, 0x87, 0x0d, 0x88, 0x8b, 0x90,
 0x96, 0x9c, 0xa3, 0xab, 0xb8, 0xc9, 0xd7, 0xe2, 0xec, 0xf7, 0xfe, 0x84,
 0xff, 0x05, 0xfa, 0xf1, 0xc1, 0x69, 0x2e, 0x0f, 0xd9, 0x00, 0x03, 0x0f,
 0x2e, 0x6e, 0xcf, 0x81, 0xff, 0x05, 0xf9, 0xee, 0xb0, 0x40, 0x06, 0x02,
 0x8d, 0x00, 0x04, 0x0e, 0x29, 0x68, 0xcc, 0xfe, 0x84, 0xff, 0x03, 0xda,
 0x91, 0x51, 0x1b, 0xff, 0x00, 0x83, 0x00, 0x03, 0x30, 0x8f, 0xcf, 0xef,
 0x81, 0xff, 0x03, 0xd0, 0x71, 0x31, 0x10, 0x8d, 0x00, 0x03, 0x2d, 0x87,
 0xc7, 0xec, 0x81, 0xff, 0x03, 0xf4, 0xde, 0xc0, 0x9a, 0x8c, 0x87, 0x0c,
 0x88, 0x8c, 0x94, 0x9d, 0xa7, 0xb2, 0xbd, 0xc8, 0xd4, 0xe1, 0xef, 0xf9,
 0xfd, 0x84, 0xff, 0x06, 0xfe, 0xe5, 0xb3, 0x78, 0x32, 0x0b, 0x04, 0x8d,
 0x00, 0x03, 0x05, 0x0e, 0x4e, 0xc4, 0x81, 0xff, 0x03, 0xf4, 0xde, 0x9e,
 0x35, 0xff, 0x00, 0xc5, 0x00, 0x03, 0x25, 0x6e, 0xad, 0xe4, 0x81, 0xff,
 0x03, 0xf4, 0xdf, 0xab, 0x57, 0x8d, 0x2d, 0x0d, 0x2e, 0x30, 0x32, 0x34,
 0x36, 0x39, 0x4a, 0x69, 0x88, 0xa7, 0xc7, 0xe8, 0xfb, 0xfe, 0x83, 0xff,
 0x05, 0xfd, 0xfa, 0xdb, 0x9f, 0x60, 0x20, 0xd9, 0x00, 0x03, 0x12, 0x37,
 0x77, 0xd2, 0x81, 0xff, 0x05, 0xf6, 0xe3, 0xa4, 0x38, 0x02, 0x01, 0x8d,
 0x00, 0x05, 0x0a, 0x1e, 0x5c, 0xc5, 0xfb, 0xfe, 0x83, 0xff, 0x03, 0xd6,
 0x85, 0x45, 0x17, 0xff, 0x00, 0x83, 0x00, 0x03, 0x30, 0x8f, 0xcf, 0xef,
 0x81, 0xff, 0x03, 0xd0, 0x71, 0x31, 0x10, 0x8d, 0x00, 0x03, 0x2d, 0x87,
 0xc7, 0xec, 0x81, 0xff, 0x03, 0xee, 0xcb, 0x97, 0x50, 0x8d, 0x2d, 0x0b,
 0x2f, 0x31, 0x34, 0x38, 0x3f, 0x49, 0x5e, 0x80, 0xa6, 0xd0, 0xec, 0xf9,
 0x85, 0xff, 0x05, 0xf5, 0xe2, 0xae, 0x58, 0x22, 0x0b, 0x8d, 0x00, 0x03,
 0x05, 0x0e, 0x4e, 0xc4, 0x81, 0xff, 0x03, 0xf4, 0xde, 0x9e, 0x35, 0xff,
 0x00, 0xc5, 0x00, 0x03, 0x25, 0x6e, 0xad, 0xe4, 0x81, 0xff, 0x03, 0xf3,
 0xda, 0x9a, 0x33, 0x93, 0x00, 0x09, 0x0e, 0x2a, 0x48, 0x67, 0x8c, 0xb6,
 0xd7, 0xec, 0xf9, 0xfd, 0x83, 0xff, 0x05, 0xed, 0xca, 0x8e, 0x3b, 0x0d,
 0x04, 0xd7, 0x00, 0x03, 0x15, 0x3f, 0x7f, 0xd4, 0x81, 0xff, 0x03, 0xf3,
 0xda, 0x9b, 0x34, 0x8f, 0x00, 0x05, 0x06, 0x12, 0x4d, 0xb6, 0xf0, 0xfa,
 0x81, 0xff, 0x05, 0xfd, 0xfa, 0xcb, 0x6f, 0x31, 0x10, 0xff, 0x00, 0x83,
 0x00, 0x03, 0x30, 0x8f, 0xcf, 0xef, 0x81, 0xff, 0x03, 0xd0, 0x71, 0x31,
 0x10, 0x8d, 0x00, 0x03, 0x2d, 0x87, 0xc7, 0xec, 0x81, 0xff, 0x03, 0xeb,
 0xc2, 0x82, 0x2b, 0x91, 0x00, 0x0b, 0x04, 0x0b, 0x1f, 0x40, 0x67, 0x92,
 0xb6, 0xd2, 0xe6, 0xf4, 0xfc, 0xfe, 0x81, 0xff, 0x06, 0xfe, 0xfb, 0xd3,
 0x86, 0x48, 0x19, 0x01, 0x8c, 0x00, 0x03, 0x05, 0x0e, 0x4e, 0xc4, 0x81,
 0xff, 0x03, 0xf4, 0xde, 0x9e, 0x35, 0xff, 0x00, 0xc5, 0x00, 0x03, 0x25,
 0x6e, 0xad, 0xe4, 0x81, 0xff, 0x03, 0xf3, 0xda, 0x9a, 0x33, 0x93, 0x00,
 0x09, 0x05, 0x0e, 0x18, 0x22, 0x3b, 0x62, 0x92, 0xcb, 0xee, 0xf9, 0x83,
 0xff, 0x05, 0xf8, 0xeb, 0xb8, 0x5f, 0x26, 0x0d, 0xd7, 0x00, 0x03, 0x18,
 0x47, 0x86, 0xd7, 0x81, 0xff, 0x03, 0xf1, 0xd5, 0x95, 0x32, 0x8f, 0x00,
 0x05, 0x02, 0x06, 0x3a, 0x9e, 0xdb, 0xf3, 0x81, 0xff, 0x05, 0xfa, 0xf0,
 0xb7, 0x4f, 0x14, 0x07, 0xff, 0x00, 0x83, 0x00, 0x03, 0x30, 0x8f, 0xcf,
 0xef, 0x81, 0xff, 0x03, 0xd0, 0x71, 0x31, 0x10, 0x8d, 0x00, 0x03, 0x2d,
 0x87, 0xc7, 0xec, 0x81, 0xff, 0x03, 0xeb, 0xc2, 0x82, 0x2b, 0x91, 0x00,
 0x0b, 0x01, 0x04, 0x0a, 0x15, 0x24, 0x36, 0x57, 0x88, 0xb4, 0xde, 0xf5,
 0xfc, 0x82, 0xff, 0x06, 0xfe, 0xe7, 0xbb, 0x7d, 0x2d, 0x04, 0x01, 0x8b,
 0x00, 0x03, 0x05, 0x0e, 0x4e, 0xc4, 0x81, 0xff, 0x03, 0xf4, 0xde, 0x9e,
 0x35, 0xff, 0x00, 0xc5, 0x00, 0x03, 0x25, 0x6e, 0xad, 0xe4, 0x81, 0xff,
 0x03, 0xf3, 0xda, 0x9a, 0x33, 0x97, 0x00, 0x07, 0x0e, 0x2a, 0x56, 0x92,
 0xbf, 0xde, 0xf2, 0xfb, 0x81, 0xff, 0x05, 0xfe, 0xfc, 0xd6, 0x8b, 0x4c,
 0x19, 0xd7, 0x00, 0x03, 0x1a, 0x4d, 0x8c, 0xd9, 0x81, 0xff, 0x03, 0xef,
 0xcf, 0x8f, 0x30, 0x91, 0x00, 0x0d, 0x29, 0x7a, 0xb6, 0xdd, 0xf4, 0xfb,
 0xfc, 0xf7, 0xe8, 0xd0, 0x94, 0x35, 0x04, 0x01, 0xff, 0x00, 0x83, 0x00,
 0x03, 0x30, 0x8f, 0xcf, 0xef, 0x81, 0xff, 0x03, 0xd0, 0x71, 0x31, 0x10,
 0x8d, 0x00, 0x03, 0x2d, 0x87, 0xc7, 0xec, 0x81, 0xff, 0x03, 0xeb, 0xc2,
 0x82, 0x2b, 0x95, 0x00, 0x08, 0x02, 0x06, 0x1e, 0x4a, 0x7a, 0xae, 0xd5,
 0xf0, 0xfe, 0x82, 0xff, 0x05, 0xf5, 0xe0, 0xa8, 0x4c, 0x16, 0x07, 0x8b,
 0x00, 0x03, 0x05, 0x0e, 0x4e, 0xc4, 0x81, 0xff, 0x03, 0xf4, 0xde, 0x9e,
 0x35, 0xff, 0x00, 0xc5, 0x00, 0x03, 0x25, 0x6e, 0xad, 0xe4, 0x81, 0xff,
 0x03, 0xf3, 0xda, 0x9a, 0x33, 0x97, 0x00, 0x07, 0x05, 0x0e, 0x22, 0x40,
 0x6e, 0xac, 0xd8, 0xf2, 0x82, 0xff, 0x04, 0xfe, 0xe8, 0xbd, 0x7e, 0x2a,
 0xd7, 0x00, 0x03, 0x1b, 0x52, 0x91, 0xda, 0x81, 0xff, 0x03, 0xed, 0xca,
 0x8a, 0x2e, 0x91, 0x00, 0x0c, 0x19, 0x4c, 0x80, 0xb6, 0xdd, 0xf3, 0xf6,
 0xe7, 0xc7, 0x99, 0x61, 0x22, 0x01, 0xff, 0x00, 0x84, 0x00, 0x03, 0x30,
 0x8f, 0xcf, 0xef, 0x81, 0xff, 0x03, 0xd0, 0x71, 0x31, 0x10, 0x8d, 0x00,
 0x03, 0x2d, 0x87, 0xc7, 0xec, 0x81, 0xff, 0x03, 0xeb, 0xc2, 0x82, 0x2b,
 0x95, 0x00, 0x09, 0x01, 0x02, 0x0a, 0x19, 0x37, 0x64, 0x9b, 0xdc, 0xfd,
 0xfe, 0x81, 0xff, 0x05, 0xfc, 0xf5, 0xc8, 0x75, 0x38, 0x13, 0x8b, 0x00,
 0x03, 0x05, 0x0e, 0x4e, 0xc4, 0x81, 0xff, 0x03, 0xf4, 0xde, 0x9e, 0x35,
 0xff, 0x00, 0xc5, 0x00, 0x03, 0x25, 0x6e, 0xad, 0xe4, 0x81, 0xff, 0x03,
 0xf3, 0xda, 0x9a, 0x33, 0x99, 0x00, 0x07, 0x06, 0x11, 0x34, 0x70, 0xa7,
 0xdb, 0xf8, 0xfd, 0x81, 0xff, 0x05, 0xf5, 0xe1, 0xa6, 0x45, 0x10, 0x05,
 0xd5, 0x00, 0x03, 0x1c, 0x54, 0x94, 0xdb, 0x81, 0xff, 0x03, 0xeb, 0xc4,
 0x84, 0x2c, 0x91, 0x00, 0x0b, 0x0d, 0x27, 0x4c, 0x7a, 0xa0, 0xbc, 0xc0,
 0xaa, 0x89, 0x5e, 0x36, 0x12, 0xff, 0x00, 0x85, 0x00, 0x03, 0x30, 0x8f,
 0xcf, 0xef, 0x81, 0xff, 0x03, 0xd0, 0x71, 0x31, 0x10, 0x8d, 0x00, 0x03,
 0x2d, 0x87, 0xc7, 0xec, 0x81, 0xff, 0x03, 0xeb, 0xc2, 0x82, 0x2b, 0x99,
 0x00, 0x05, 0x10, 0x30, 0x68, 0xb8, 0xe8, 0xf7, 0x83, 0xff, 0x03, 0xdd,
 0x98, 0x58, 0x1d, 0x8b, 0x00, 0x03, 0x05, 0x0e, 0x4e, 0xc4, 0x81, 0xff,
 0x03, 0xf4, 0xde, 0x9e, 0x35, 0xff, 0x00, 0xc5, 0x00, 0x03, 0x25, 0x6e,
 0xad, 0xe4, 0x81, 0xff, 0x03, 0xf3, 0xda, 0x9a, 0x33, 0x99, 0x00, 0x07,
 0x02, 0x06, 0x13, 0x29, 0x5f, 0xb6, 0xe9, 0xf8, 0x81, 0xff, 0x05, 0xfc,
 0xf5, 0xc5, 0x6c, 0x2f, 0x10, 0xd5, 0x00, 0x03, 0x1c, 0x54, 0x94, 0xdb,
 0x81, 0xff, 0x03, 0xe9, 0xbe, 0x7e, 0x2a, 0x91, 0x00, 0x0b, 0x04, 0x0d,
 0x19, 0x29, 0x3d, 0x57, 0x58, 0x41, 0x2e, 0x1f, 0x12, 0x06, 0xff, 0x00,
 0x85, 0x00, 0x03, 0x30, 0x8f, 0xcf, 0xef, 0x81, 0xff, 0x03, 0xd0, 0x71,
 0x31, 0x10, 0x8d, 0x00, 0x03, 0x2d, 0x87, 0xc7, 0xec, 0x81, 0xff, 0x03,
 0xeb, 0xc2, 0x82, 0x2b, 0x99, 0x00, 0x05, 0x05, 0x10, 0x3b, 0x86, 0xc0,
 0xea, 0x83, 0xff, 0x03, 0xe7, 0xb6, 0x76, 0x27, 0x8b, 0x00, 0x03, 0x05,
 0x0e, 0x4e, 0xc4, 0x81, 0xff, 0x03, 0xf4, 0xde, 0x9e, 0x35, 0xff, 0x00,
 0xc5, 0x00, 0x03, 0x25, 0x6e, 0xad, 0xe4, 0x81, 0xff, 0x03, 0xf3, 0xda,
 0x9a, 0x33, 0x9b, 0x00, 0x05, 0x01, 0x04, 0x33, 0x8f, 0xce, 0xef, 0x83,
 0xff, 0x03, 0xd9, 0x8c, 0x4c, 0x19, 0xd5, 0x00, 0x03, 0x1c, 0x54, 0x94,
 0xdb, 0x81, 0xff, 0x03, 0xe8, 0xba, 0x7a, 0x29, 0x95, 0x00, 0x03, 0x09,
 0x1b, 0x1b, 0x09, 0xff, 0x00, 0x89, 0x00, 0x03, 0x30, 0x8f, 0xcf, 0xef,
 0x81, 0xff, 0x03, 0xd0, 0x71, 0x31, 0x10, 0x8d, 0x00, 0x03, 0x2d, 0x87,
 0xc7, 0xec, 0x81, 0xff, 0x03, 0xeb, 0xc2, 0x82, 0x2b, 0x9b, 0x00, 0x05,
 0x1c, 0x53, 0x8f, 0xd1, 0xf5, 0xfc, 0x81, 0xff, 0x05, 0xef, 0xd0, 0x91,
 0x32, 0x02, 0x01, 0x89, 0x00, 0x03, 0x05, 0x0e, 0x4e, 0xc4, 0x81, 0xff,
 0x03, 0xf4, 0xde, 0x9e, 0x35, 0xff, 0x00, 0xc5, 0x00, 0x03, 0x25, 0x6e,
 0xad, 0xe4, 0x81, 0xff, 0x03, 0xf3, 0xda, 0x9a, 0x33, 0x9c, 0x00, 0x04,
 0x01, 0x23, 0x66, 0xa6, 0xe1, 0x83, 0xff, 0x03, 0xe1, 0xa5, 0x65, 0x22,
 0xd5, 0x00, 0x03, 0x1c, 0x54, 0x94, 0xdb, 0x81, 0xff, 0x03, 0xe7, 0xb7,
 0x78, 0x28, 0x95, 0x00, 0x03, 0x03, 0x09, 0x09, 0x03, 0xff, 0x00, 0x89,
 0x00, 0x03, 0x30, 0x8f, 0xcf, 0xef, 0x81, 0xff, 0x03, 0xd0, 0x71, 0x31,
 0x10, 0x8d, 0x00, 0x03, 0x2d, 0x87, 0xc7, 0xec, 0x81, 0xff, 0x03, 0xeb,
 0xc2, 0x82, 0x2b, 0x9b, 0x00, 0x05, 0x0a, 0x1f, 0x55, 0xab, 0xe0, 0xf5,
 0x81, 0xff, 0x05, 0xf7, 0xe7, 0xa9, 0x3d, 0x06, 0x02, 0x89, 0x00, 0x03,
 0x05, 0x0e, 0x4e, 0xc4, 0x81, 0xff, 0x03, 0xf4, 0xde, 0x9e, 0x35, 0xff,
 0x00, 0xc5, 0x00, 0x03, 0x25, 0x6e, 0xad, 0xe4, 0x81, 0xff, 0x03, 0xf3,
 0xda, 0x9a, 0x33, 0x9d, 0x00, 0x05, 0x15, 0x3f, 0x7c, 0xcd, 0xf8, 0xfd,
 0x81, 0xff, 0x03, 0xe9, 0xbc, 0x7c, 0x29, 0xd5, 0x00, 0x03, 0x1c, 0x54,
 0x94, 0xdb, 0x81, 0xff, 0x03, 0xe7, 0xb6, 0x77, 0x28, 0xff, 0x00, 0xa5,
 0x00, 0x03, 0x30, 0x8f, 0xcf, 0xef, 0x81, 0xff, 0x03, 0xd0, 0x71, 0x31,
 0x10, 0x8d, 0x00, 0x03, 0x2d, 0x87, 0xc7, 0xec, 0x81, 0xff, 0x03, 0xeb,
 0xc2, 0x82, 0x2b, 0x9b, 0x00, 0x05, 0x01, 0x04, 0x30, 0x85, 0xc3, 0xeb,
 0x81, 0xff, 0x05, 0xfc, 0xf5, 0xbd, 0x51, 0x15, 0x07, 0x89, 0x00, 0x03,
 0x05, 0x0e, 0x4e, 0xc4, 0x81, 0xff, 0x03, 0xf4, 0xde, 0x9e, 0x35, 0xff,
 0x00, 0xc5, 0x00, 0x03, 0x25, 0x6e, 0xad, 0xe4, 0x81, 0xff, 0x03, 0xf3,
 0xda, 0x9a, 0x33, 0x9d, 0x00, 0x05, 0x08, 0x18, 0x51, 0xb2, 0xea, 0xf8,
 0x81, 0xff, 0x03, 0xef, 0xd0, 0x90, 0x30, 0xd5, 0x00, 0x03, 0x1c, 0x54,
 0x94, 0xdb, 0x81, 0xff, 0x03, 0xe7, 0xb6, 0x77, 0x28, 0xff, 0x00, 0xa5,
 0x00, 0x03, 0x30, 0x8f, 0xcf, 0xef, 0x81, 0xff, 0x03, 0xd0, 0x71, 0x31,
 0x10, 0x8d, 0x00, 0x03, 0x2d, 0x87, 0xc7, 0xec, 0x81, 0xff, 0x03, 0xeb,
 0xc2, 0x82, 0x2b, 0x9c, 0x00, 0x04, 0x01, 0x21, 0x5f, 0x9e, 0xdf, 0x81,
 0xff, 0x05, 0xfe, 0xfc, 0xcc, 0x6e, 0x2f, 0x10, 0x89, 0x00, 0x03, 0x05,
 0x0e, 0x4e, 0xc4, 0x81, 0xff, 0x03, 0xf4, 0xde, 0x9e, 0x35, 0xff, 0x00,
 0xc5, 0x00, 0x03, 0x25, 0x6e, 0xad, 0xe4, 0x81, 0xff, 0x03, 0xf3, 0xda,
 0x9a, 0x33, 0x9d, 0x00, 0x05, 0x01, 0x04, 0x36, 0x97, 0xd6, 0xf1, 0x81,
 0xff, 0x03, 0xf4, 0xde, 0x9f, 0x35, 0xd5, 0x00, 0x03, 0x1c, 0x54, 0x94,
 0xdb, 0x81, 0xff, 0x03, 0xe7, 0xb6, 0x77, 0x28, 0xff, 0x00, 0xa5, 0x00,
 0x03, 0x30, 0x8f, 0xcf, 0xef, 0x81, 0xff, 0x03, 0xd0, 0x71, 0x31, 0x10,
 0x8d, 0x00, 0x03, 0x2d, 0x87, 0xc7, 0xec, 0x81, 0xff, 0x03, 0xeb, 0xc2,
 0x82, 0x2b, 0x9d, 0x00, 0x05, 0x14, 0x3b, 0x7a, 0xd1, 0xfd, 0xfe, 0x81,
 0xff, 0x03, 0xd5, 0x82, 0x42, 0x16, 0x89, 0x00, 0x03, 0x05, 0x0e, 0x4e,
 0xc4, 0x81, 0xff, 0x03, 0xf4, 0xde, 0x9e, 0x35, 0xff, 0x00, 0xc5, 0x00,
 0x03, 0x25, 0x6e, 0xad, 0xe4, 0x81, 0xff, 0x03, 0xf3, 0xda, 0x9a, 0x33,
 0x9e, 0x00, 0x04, 0x01, 0x2b, 0x7d, 0xbc, 0xe9, 0x81, 0xff, 0x03, 0xf7,
 0xe8, 0xa8, 0x38, 0xd5, 0x00, 0x03, 0x1c, 0x54, 0x94, 0xdb, 0x81, 0xff,
 0x03, 0xe7, 0xb6, 0x77, 0x28, 0xff, 0x00, 0xa5, 0x00, 0x03, 0x30, 0x8f,
 0xcf, 0xef, 0x81, 0xff, 0x03, 0xd0, 0x71, 0x31, 0x10, 0x8d, 0x00, 0x03,
 0x2d, 0x87, 0xc7, 0xec, 0x81, 0xff, 0x03, 0xeb, 0xc2, 0x82, 0x2b, 0x9d,
 0x00, 0x05, 0x09, 0x1b, 0x58, 0xc1, 0xf8, 0xfd, 0x81, 0xff, 0x03, 0xd9,
 0x8d, 0x4d, 0x1a, 0x89, 0x00, 0x03, 0x05, 0x0e, 0x4e, 0xc4, 0x81, 0xff,
 0x03, 0xf4, 0xde, 0x9e, 0x35, 0xff, 0x00, 0xc5, 0x00, 0x03, 0x25, 0x6e,
 0xad, 0xe4, 0x81, 0xff, 0x03, 0xf3, 0xda, 0x9a, 0x33, 0x9f, 0x00, 0x03,
 0x23, 0x6a, 0xaa, 0xe3, 0x81, 0xff, 0x03, 0xfa, 0xef, 0xb0, 0x3b, 0xd5,
 0x00, 0x03, 0x1c, 0x54, 0x94, 0xdb, 0x81, 0xff, 0x03, 0xe7, 0xb6, 0x77,
 0x28, 0xff, 0x00, 0xa5, 0x00, 0x03, 0x30, 0x8f, 0xcf, 0xef, 0x81, 0xff,
 0x03, 0xd0, 0x71, 0x31, 0x10, 0x8d, 0x00, 0x03, 0x2d, 0x87, 0xc7, 0xec,
 0x81, 0xff, 0x03, 0xeb, 0xc2, 0x82, 0x2b, 0x9d, 0x00, 0x05, 0x03, 0x08,
 0x43, 0xb3, 0xf1, 0xfa, 0x81, 0xff, 0x03, 0xdc, 0x96, 0x57, 0x1d, 0x89,
 0x00, 0x03, 0x05, 0x0e, 0x4e, 0xc4, 0x81, 0xff, 0x03, 0xf4, 0xde, 0x9e,
 0x35, 0xff, 0x00, 0xc5, 0x00, 0x03, 0x25, 0x6e, 0xad, 0xe4, 0x81, 0xff,
 0x03, 0xf3, 0xda, 0x9a, 0x33, 0x9f, 0x00, 0x03, 0x1f, 0x5e, 0x9e, 0xdf,
 0x81, 0xff, 0x03, 0xfb, 0xf4, 0xb5, 0x3c, 0xd5, 0x00, 0x03, 0x1c, 0x54,
 0x94, 0xdb, 0x81, 0xff, 0x03, 0xe7, 0xb6, 0x77, 0x28, 0xff, 0x00, 0xa5,
 0x00, 0x03, 0x30, 0x8f, 0xcf, 0xef, 0x81, 0xff, 0x03, 0xd0, 0x71, 0x31,
 0x10, 0x8d, 0x00, 0x03, 0x2d, 0x87, 0xc7, 0xec, 0x81, 0xff, 0x03, 0xeb,
 0xc2, 0x82, 0x2b, 0x9d, 0x00, 0x05, 0x01, 0x03, 0x3a, 0xa8, 0xe7, 0xf7,
 0x81, 0xff, 0x03, 0xdf, 0x9f, 0x5f, 0x20, 0x89, 0x00, 0x03, 0x05, 0x0e,
 0x4e, 0xc4, 0x81, 0xff, 0x03, 0xf4, 0xde, 0x9e, 0x35, 0xff, 0x00, 0xc5,
 0x00, 0x03, 0x25, 0x6e, 0xad, 0xe4, 0x81, 0xff, 0x03, 0xf3, 0xda, 0x9a,
 0x33, 0x9f, 0x00, 0x03, 0x1b, 0x51, 0x90, 0xda, 0x81, 0xff, 0x05, 0xfd,
 0xf9, 0xba, 0x41, 0x03, 0x01, 0xd3, 0x00, 0x03, 0x1c, 0x54, 0x94, 0xdb,
 0x81, 0xff, 0x03, 0xe7, 0xb6, 0x77, 0x28, 0xff, 0x00, 0xa5, 0x00, 0x03,
 0x30, 0x8f, 0xcf, 0xef, 0x81, 0xff, 0x03, 0xd0, 0x71, 0x31, 0x10, 0x8d,
 0x00, 0x03, 0x2d, 0x87, 0xc7, 0xec, 0x81, 0xff, 0x03, 0xeb, 0xc2, 0x82,
 0x2b, 0x9f, 0x00, 0x03, 0x35, 0xa0, 0xdf, 0xf4, 0x81, 0xff, 0x03, 0xe2,
 0xa7, 0x67, 0x22, 0x89, 0x00, 0x03, 0x05, 0x0e, 0x4e, 0xc4, 0x81, 0xff,
 0x03, 0xf4, 0xde, 0x9e, 0x35, 0xff, 0x00, 0xc5, 0x00, 0x03, 0x25, 0x6e,
 0xad, 0xe4, 0x81, 0xff, 0x03, 0xf3, 0xda, 0x9a, 0x33, 0x9f, 0x00, 0x03,
 0x16, 0x42, 0x82, 0xd5, 0x81, 0xff, 0x05, 0xfe, 0xfd, 0xc0, 0x48, 0x09,
 0x03, 0xd3, 0x00, 0x03, 0x1c, 0x54, 0x94, 0xdb, 0x81, 0xff, 0x03, 0xe7,
 0xb6, 0x77, 0x28, 0xff, 0x00, 0xa5, 0x00, 0x03, 0x30, 0x8f, 0xcf, 0xef,
 0x81, 0xff, 0x03, 0xd0, 0x71, 0x31, 0x10, 0x8d, 0x00, 0x03, 0x2d, 0x87,
 0xc7, 0xec, 0x81, 0xff, 0x03, 0xeb, 0xc2, 0x82, 0x2b, 0x9f, 0x00, 0x03,
 0x33, 0x99, 0xd9, 0xf2, 0x81, 0xff, 0x03, 0xe4, 0xae, 0x6e, 0x25, 0x89,
 0x00, 0x03, 0x05, 0x0e, 0x4e, 0xc4, 0x81, 0xff, 0x03, 0xf4, 0xde, 0x9e,
 0x35, 0xff, 0x00, 0xc5, 0x00, 0x03, 0x25, 0x6e, 0xad, 0xe4, 0x81, 0xff,
 0x03, 0xf3, 0xda, 0x9a, 0x33, 0x9f, 0x00, 0x03, 0x13, 0x3a, 0x7a, 0xd3,
 0x83, 0xff, 0x03, 0xc3, 0x4c, 0x0d, 0x04, 0xd3, 0x00, 0x03, 0x1c, 0x54,
 0x94, 0xdb, 0x81, 0xff, 0x03, 0xe7, 0xb6, 0x77, 0x28, 0xff, 0x00, 0xa5,
 0x00, 0x03, 0x30, 0x8f, 0xcf, 0xef, 0x81, 0xff, 0x03, 0xd0, 0x71, 0x31,
 0x10, 0x8d, 0x00, 0x03, 0x2d, 0x87, 0xc7, 0xec, 0x81, 0xff, 0x03, 0xeb,
 0xc2, 0x82, 0x2b, 0x9f, 0x00, 0x03, 0x32, 0x95, 0xd5, 0xf1, 0x81, 0xff,
 0x03, 0xe6, 0xb3, 0x73, 0x26, 0x89, 0x00, 0x03, 0x05, 0x0e, 0x4e, 0xc4,
 0x81, 0xff, 0x03, 0xf4, 0xde, 0x9e, 0x35, 0xff, 0x00, 0xc5, 0x00, 0x03,
 0x25, 0x6e, 0xad, 0xe4, 0x81, 0xff, 0x03, 0xf3, 0xda, 0x9a, 0x33, 0x9f,
 0x00, 0x03, 0x13, 0x38, 0x78, 0xd2, 0x83, 0xff, 0x03, 0xc4, 0x4d, 0x0e,
 0x05, 0xd3, 0x00, 0x03, 0x1c, 0x54, 0x94, 0xdb, 0x81, 0xff, 0x03, 0xe7,
 0xb6, 0x77, 0x28, 0xff, 0x00, 0xa5, 0x00, 0x03, 0x30, 0x8f, 0xcf, 0xef,
 0x81, 0xff, 0x03, 0xd0, 0x71, 0x31, 0x10, 0x8d, 0x00, 0x03, 0x2d, 0x87,
 0xc7, 0xec, 0x81, 0xff, 0x03, 0xeb, 0xc2, 0x82, 0x2b, 0x9f, 0x00, 0x03,
 0x31, 0x93, 0xd3, 0xf0, 0x81, 0xff, 0x03, 0xe6, 0xb5, 0x75, 0x27, 0x89,
 0x00, 0x03, 0x05, 0x0e, 0x4e, 0xc4, 0x81, 0xff, 0x03, 0xf4, 0xde, 0x9e,
 0x35, 0xff, 0x00, 0xc5, 0x00, 0x03, 0x25, 0x6e, 0xad, 0xe4, 0x81, 0xff,
 0x03, 0xf3, 0xda, 0x9a, 0x33, 0x9f, 0x00, 0x03, 0x15, 0x3f, 0x7f, 0xd4,
 0x81, 0xff, 0x05, 0xfe, 0xfd, 0xc1, 0x4a, 0x0b, 0x04, 0xd3, 0x00, 0x03,
 0x1c, 0x54, 0x94, 0xdb, 0x81, 0xff, 0x03, 0xe7, 0xb6, 0x77, 0x28, 0xff,
 0x00, 0xa5, 0x00, 0x03, 0x30, 0x8f, 0xcf, 0xef, 0x81, 0xff, 0x03, 0xd0,
 0x71, 0x31, 0x10, 0x8d, 0x00, 0x03, 0x2d, 0x87, 0xc7, 0xec, 0x81, 0xff,
 0x03, 0xeb, 0xc2, 0x82, 0x2b, 0x9f, 0x00, 0x03, 0x32, 0x95, 0xd5, 0xf1,
 0x81, 0xff, 0x03, 0xe6, 0xb3, 0x73, 0x26, 0x89, 0x00, 0x03, 0x05, 0x0e,
 0x4e, 0xc4, 0x81, 0xff, 0x03, 0xf4, 0xde, 0x9e, 0x35, 0xff, 0x00, 0xc5,
 0x00, 0x03, 0x25, 0x6e, 0xad, 0xe4, 0x81, 0xff, 0x03, 0xf3, 0xda, 0x9a,
 0x33, 0x9f, 0x00, 0x03, 0x1a, 0x4d, 0x8d, 0xd9, 0x81, 0xff, 0x05, 0xfd,
 0xf9, 0xba, 0x41, 0x04, 0x01, 0xd3, 0x00, 0x03, 0x1c, 0x54, 0x94, 0xdb,
 0x81, 0xff, 0x03, 0xe7, 0xb6, 0x77, 0x28, 0xff, 0x00, 0xa5, 0x00, 0x03,
 0x30, 0x8f, 0xcf, 0xef, 0x81, 0xff, 0x03, 0xd0, 0x71, 0x31, 0x10, 0x8d,
 0x00, 0x03, 0x2d, 0x87, 0xc7, 0xec, 0x81, 0xff, 0x03, 0xeb, 0xc2, 0x82,
 0x2b, 0x9f, 0x00, 0x03, 0x34, 0x9b, 0xdb, 0xf3, 0x81, 0xff, 0x03, 0xe3,
 0xac, 0x6c, 0x24, 0x89, 0x00, 0x03, 0x05, 0x0e, 0x4e, 0xc4, 0x81, 0xff,
 0x03, 0xf4, 0xde, 0x9e, 0x35, 0xff, 0x00, 0xc5, 0x00, 0x03, 0x25, 0x6e,
 0xad, 0xe4, 0x81, 0xff, 0x03, 0xf3, 0xda, 0x9a, 0x33, 0x9f, 0x00, 0x03,
 0x1e, 0x5b, 0x9b, 0xde, 0x81, 0xff, 0x03, 0xfb, 0xf4, 0xb5, 0x3c, 0xd5,
 0x00, 0x03, 0x1c, 0x54, 0x94, 0xdb, 0x81, 0xff, 0x03, 0xe7, 0xb6, 0x77,
 0x28, 0xff, 0x00, 0xa5, 0x00, 0x03, 0x30, 0x8f, 0xcf, 0xef, 0x81, 0xff,
 0x03, 0xd0, 0x71, 0x31, 0x10, 0x8d, 0x00, 0x03, 0x2d, 0x87, 0xc7, 0xec,
 0x81, 0xff, 0x03, 0xeb, 0xc2, 0x82, 0x2b, 0x9f, 0x00, 0x03, 0x36, 0xa2,
 0xe2, 0xf5, 0x81, 0xff, 0x03, 0xe1, 0xa5, 0x65, 0x22, 0x89, 0x00, 0x03,
 0x05, 0x0e, 0x4e, 0xc4, 0x81, 0xff, 0x03, 0xf4, 0xde, 0x9e, 0x35, 0xff,
 0x00, 0xc5, 0x00, 0x03, 0x25, 0x6e, 0xad, 0xe4, 0x81, 0xff, 0x03, 0xf3,
 0xda, 0x9a, 0x33, 0x9f, 0x00, 0x03, 0x22, 0x67, 0xa7, 0xe2, 0x81, 0xff,
 0x03, 0xfa, 0xef, 0xb0, 0x3b, 0xd5, 0x00, 0x03, 0x1c, 0x54, 0x94, 0xdb,
 0x81, 0xff, 0x03, 0xe7, 0xb6, 0x77, 0x28, 0xff, 0x00, 0xa5, 0x00, 0x03,
 0x30, 0x8f, 0xcf, 0xef, 0x81, 0xff, 0x03, 0xd0, 0x71, 0x31, 0x10, 0x8d,
 0x00, 0x03, 0x2d, 0x87, 0xc7, 0xec, 0x81, 0xff, 0x03, 0xeb, 0xc2, 0x82,
 0x2b, 0x9f, 0x00, 0x03, 0x38, 0xa9, 0xe9, 0xf8, 0x81, 0xff, 0x03, 0xdf,
 0x9e, 0x5e, 0x1f, 0x89, 0x00, 0x03, 0x05, 0x0e, 0x4e, 0xc4, 0x81, 0xff,
 0x03, 0xf4, 0xde, 0x9e, 0x35, 0xff, 0x00, 0xc5, 0x00, 0x03, 0x25, 0x6e,
 0xad, 0xe4, 0x81, 0xff, 0x03, 0xf3, 0xda, 0x9a, 0x33, 0x9f, 0x00, 0x03,
 0x28, 0x79, 0xb9, 0xe8, 0x81, 0xff, 0x03, 0xf8, 0xea, 0xaa, 0x39, 0x9f,
 0x00, 0x0f, 0x01, 0x03, 0x06, 0x0c, 0x11, 0x15, 0x19, 0x1c, 0x1c, 0x1a,
 0x16, 0x12, 0x0e, 0x08, 0x04, 0x01, 0xa3, 0x00, 0x03, 0x1c, 0x54, 0x94,
 0xdb, 0x81, 0xff, 0x03, 0xe7, 0xb6, 0x77, 0x28, 0xc6, 0x00, 0x0d, 0x01,
 0x05, 0x0c, 0x12, 0x18, 0x1b, 0x1c, 0x1a, 0x16, 0x12, 0x0e, 0x09, 0x04,
 0x01, 0xb2, 0x00, 0x0f, 0x01, 0x04, 0x07, 0x0d, 0x11, 0x15, 0x19, 0x1c,
 0x1c, 0x1a, 0x16, 0x11, 0x0c, 0x06, 0x02, 0x01, 0x8b, 0x00, 0x03, 0x30,
 0x8f, 0xcf, 0xef, 0x81, 0xff, 0x03, 0xd0, 0x71, 0x31, 0x10, 0x8d, 0x00,
 0x03, 0x2d, 0x87, 0xc7, 0xec, 0x81, 0xff, 0x03, 0xeb, 0xc2, 0x82, 0x2b,
 0x9d, 0x00, 0x05, 0x04, 0x0c, 0x47, 0xb5, 0xf1, 0xfa, 0x81, 0xff, 0x03,
 0xdc, 0x95, 0x56, 0x1d, 0x89, 0x00, 0x03, 0x05, 0x0e, 0x4e, 0xc4, 0x81,
 0xff, 0x03, 0xf4, 0xde, 0x9e, 0x35, 0xe1, 0x00, 0x0b, 0x03, 0x08, 0x0e,
 0x15, 0x1a, 0x1c, 0x1a, 0x16, 0x12, 0x0c, 0x07, 0x02, 0xd7, 0x00, 0x03,
 0x25, 0x6e, 0xad, 0xe4, 0x81, 0xff, 0x03, 0xf3, 0xda, 0x9a, 0x33, 0x9f,
 0x00, 0x03, 0x30, 0x8f, 0xcf, 0xef, 0x81, 0xff, 0x03, 0xf6, 0xe3, 0xa3,
 0x36, 0x9f, 0x00, 0x0f, 0x03, 0x08, 0x13, 0x23, 0x32, 0x40, 0x4b, 0x54,
 0x55, 0x4d, 0x43, 0x37, 0x29, 0x19, 0x0c, 0x04, 0xa3, 0x00, 0x03, 0x1c,
 0x54, 0x94, 0xdb, 0x81, 0xff, 0x03, 0xe7, 0xb6, 0x77, 0x28, 0xc5, 0x00,
 0x0f, 0x01, 0x04, 0x0f, 0x24, 0x37, 0x48, 0x52, 0x53, 0x4e, 0x42, 0x36,
 0x29, 0x1b, 0x0d, 0x04, 0x01, 0xb1, 0x00, 0x0f, 0x04, 0x0b, 0x16, 0x26,
 0x34, 0x40, 0x4b, 0x54, 0x55, 0x4d, 0x41, 0x33, 0x23, 0x11, 0x06, 0x02,
 0x8b, 0x00, 0x03, 0x30, 0x8f, 0xcf, 0xef, 0x81, 0xff, 0x03, 0xd0, 0x71,
 0x31, 0x10, 0x8d, 0x00, 0x03, 0x2d, 0x87, 0xc7, 0xec, 0x81, 0xff, 0x03,
 0xeb, 0xc2, 0x82, 0x2b, 0x9d, 0x00, 0x05, 0x0c, 0x25, 0x63, 0xc7, 0xfa,
 0xfd, 0x81, 0xff, 0x03, 0xd8, 0x8b, 0x4b, 0x19, 0x89, 0x00, 0x03, 0x05,
 0x0e, 0x4e, 0xc4, 0x81, 0xff, 0x03, 0xf4, 0xde, 0x9e, 0x35, 0xe1, 0x00,
 0x0b, 0x08, 0x18, 0x2b, 0x3f, 0x4d, 0x53, 0x4f, 0x43, 0x35, 0x25, 0x16,
 0x07, 0xd7, 0x00, 0x03, 0x25, 0x6e, 0xad, 0xe4, 0x81, 0xff, 0x03, 0xf3,
 0xda, 0x9a, 0x33, 0x9d, 0x00, 0x05, 0x06, 0x12, 0x48, 0xaa, 0xe3, 0xf6,
 0x81, 0xff, 0x03, 0xf1, 0xd6, 0x96, 0x32, 0x9a, 0x00, 0x1a, 0x01, 0x08,
 0x13, 0x1e, 0x29, 0x35, 0x42, 0x51, 0x63, 0x72, 0x80, 0x8b, 0x94, 0x95,
 0x8d, 0x83, 0x77, 0x68, 0x58, 0x48, 0x39, 0x2d, 0x22, 0x17, 0x0a, 0x03,
 0x01, 0x91, 0x00, 0x03, 0x04, 0x0d, 0x16, 0x20, 0x85, 0x25, 0x03, 0x3c,
 0x6a, 0xa1, 0xe0, 0x81, 0xff, 0x03, 0xea, 0xbf, 0x88, 0x46, 0x87, 0x25,
 0x03, 0x1f, 0x15, 0x0b, 0x04, 0x83, 0x00, 0x03, 0x04, 0x0c, 0x16, 0x20,
 0x81, 0x25, 0x03, 0x21, 0x1a, 0x11, 0x06, 0x8d, 0x00, 0x03, 0x03, 0x09,
 0x12, 0x1e, 0x81, 0x25, 0x03, 0x22, 0x1d, 0x14, 0x07, 0x85, 0x00, 0x17,
 0x06, 0x11, 0x1e, 0x2c, 0x37, 0x3f, 0x4e, 0x63, 0x76, 0x88, 0x91, 0x92,
 0x8d, 0x82, 0x76, 0x69, 0x59, 0x47, 0x38, 0x2b, 0x1f, 0x12, 0x09, 0x03,
 0xa7, 0x00, 0x1b, 0x02, 0x06, 0x0d, 0x19, 0x24, 0x2d, 0x38, 0x46, 0x55,
 0x65, 0x74, 0x80, 0x8b, 0x94, 0x94, 0x8c, 0x81, 0x73, 0x62, 0x50, 0x41,
 0x38, 0x2e, 0x23, 0x18, 0x0b, 0x04, 0x01, 0x85, 0x00, 0x03, 0x30, 0x8f,
 0xcf, 0xef, 0x81, 0xff, 0x03, 0xd0, 0x71, 0x31, 0x10, 0x8d, 0x00, 0x03,
 0x2d, 0x87, 0xc7, 0xec, 0x81, 0xff, 0x03, 0xeb, 0xc2, 0x82, 0x2b, 0x9d,
 0x00, 0x03, 0x16, 0x42, 0x81, 0xd5, 0x81, 0xff, 0x05, 0xfe, 0xfd, 0xd0,
 0x76, 0x37, 0x12, 0x89, 0x00, 0x03, 0x05, 0x0e, 0x4e, 0xc4, 0x81, 0xff,
 0x03, 0xf4, 0xde, 0x9e, 0x35, 0x8f, 0x00, 0x09, 0x09, 0x1a, 0x23, 0x24,
 0x25, 0x25, 0x24, 0x22, 0x19, 0x08, 0x9d, 0x00, 0x09, 0x08, 0x18, 0x22,
 0x24, 0x25, 0x25, 0x24, 0x24, 0x1b, 0x09, 0x95, 0x00, 0x17, 0x05, 0x0e,
 0x1a, 0x29, 0x34, 0x39, 0x45, 0x57, 0x6a, 0x7f, 0x8c, 0x92, 0x8f, 0x83,
 0x75, 0x65, 0x55, 0x44, 0x37, 0x2e, 0x23, 0x16, 0x0b, 0x04, 0xd1, 0x00,
 0x03, 0x25, 0x6e, 0xad, 0xe4, 0x81, 0xff, 0x03, 0xf3, 0xda, 0x9a, 0x33,
 0x9d, 0x00, 0x05, 0x12, 0x35, 0x72, 0xc8, 0xf6, 0xfc, 0x81, 0xff, 0x03,
 0xeb, 0xc2, 0x83, 0x2c, 0x99, 0x00, 0x1b, 0x01, 0x04, 0x17, 0x39, 0x5a,
 0x7b, 0x97, 0xb0, 0xc1, 0xca, 0xd0, 0xd5, 0xd8, 0xdb, 0xdc, 0xd9, 0xd6,
 0xd2, 0xcc, 0xc6, 0xb7, 0xa1, 0x86, 0x67, 0x44, 0x1f, 0x09, 0x03, 0x91,
 0x00, 0x03, 0x0d, 0x26, 0x42, 0x5f, 0x85, 0x6e, 0x03, 0x7c, 0x97, 0xbb,
 0xe8, 0x81, 0xff, 0x03, 0xef, 0xd0, 0xab, 0x83, 0x87, 0x6e, 0x03, 0x5e,
 0x3e, 0x22, 0x0b, 0x83, 0x00, 0x03, 0x0c, 0x25, 0x41, 0x5f, 0x81, 0x6e,
 0x03, 0x64, 0x4f, 0x33, 0x11, 0x8d, 0x00, 0x03, 0x09, 0x1a, 0x35, 0x5b,
 0x81, 0x6e, 0x03, 0x66, 0x57, 0x3b, 0x14, 0x85, 0x00, 0x17, 0x11, 0x32,
 0x59, 0x84, 0xa2, 0xb3, 0xc0, 0xca, 0xd1, 0xd7, 0xda, 0xdb, 0xd9, 0xd5,
 0xd1, 0xcd, 0xc3, 0xb3, 0x9c, 0x7e, 0x5c, 0x36, 0x1a, 0x09, 0xa7, 0x00,
 0x1b, 0x06, 0x11, 0x28, 0x4b, 0x6b, 0x87, 0x9f, 0xb5, 0xc4, 0xcb, 0xd1,
 0xd5, 0xd8, 0xdb, 0xdb, 0xd9, 0xd5, 0xd0, 0xca, 0xc3, 0xb5, 0xa2, 0x89,
 0x69, 0x47, 0x21, 0x0b, 0x04, 0x85, 0x00, 0x03, 0x30, 0x8f, 0xcf, 0xef,
 0x81, 0xff, 0x03, 0xd0, 0x71, 0x31, 0x10, 0x8d, 0x00, 0x03, 0x2d, 0x87,
 0xc7, 0xec, 0x81, 0xff, 0x03, 0xeb, 0xc2, 0x82, 0x2b, 0x9d, 0x00, 0x03,
 0x21, 0x63, 0xa3, 0xe0, 0x81, 0xff, 0x05, 0xfd, 0xf9, 0xc2, 0x58, 0x1a,
 0x09, 0x89, 0x00, 0x03, 0x05, 0x0e, 0x4e, 0xc4, 0x81, 0xff, 0x03, 0xf4,
 0xde, 0x9e, 0x35, 0x8f, 0x00, 0x09, 0x1a, 0x4e, 0x69, 0x6d, 0x6e, 0x6e,
 0x6c, 0x67, 0x4b, 0x19, 0x9d, 0x00, 0x09, 0x18, 0x49, 0x65, 0x6b, 0x6e,
 0x6e, 0x6d, 0x6b, 0x50, 0x1b, 0x95, 0x00, 0x17, 0x0e, 0x2a, 0x4e, 0x7c,
 0x9b, 0xab, 0xb8, 0xc4, 0xcd, 0xd4, 0xd9, 0xdb, 0xda, 0xd6, 0xd1, 0xcc,
 0xc3, 0xb8, 0xa5, 0x89, 0x68, 0x41, 0x22, 0x0b, 0xd1, 0x00, 0x03, 0x25,
 0x6e, 0xad, 0xe4, 0x81, 0xff, 0x03, 0xf3, 0xda, 0x9a, 0x33, 0x9d, 0x00,
 0x03, 0x1f, 0x5c, 0x9c, 0xde, 0x83, 0xff, 0x03, 0xe3, 0xab, 0x6c, 0x24,
 0x97, 0x00, 0x0b, 0x05, 0x0e, 0x1d, 0x31, 0x4f, 0x76, 0x9a, 0xba, 0xd6,
 0xed, 0xfb, 0xfe, 0x85, 0xff, 0x0b, 0xfe, 0xfd, 0xf3, 0xdf, 0xc5, 0xa6,
 0x83, 0x5a, 0x3a, 0x23, 0x12, 0x06, 0x8f, 0x00, 0x03, 0x14, 0x3c, 0x68,
 0x97, 0x85, 0xae, 0x03, 0xb5, 0xc2, 0xd6, 0xf1, 0x81, 0xff, 0x03, 0xf5,
 0xe2, 0xce, 0xb9, 0x87, 0xae, 0x03, 0x94, 0x61, 0x36, 0x12, 0x83, 0x00,
 0x03, 0x13, 0x3a, 0x66, 0x96, 0x81, 0xae, 0x03, 0x9d, 0x7c, 0x51, 0x1b,
 0x8d, 0x00, 0x03, 0x0d, 0x27, 0x53, 0x90, 0x81, 0xae, 0x03, 0xa2, 0x89,
 0x5e, 0x1f, 0x81, 0x00, 0x0b, 0x04, 0x0b, 0x17, 0x28, 0x45, 0x6e, 0x98,
 0xc4, 0xe2, 0xf2, 0xfb, 0xfe, 0x85, 0xff, 0x09, 0xfa, 0xef, 0xdb, 0xbd,
 0x9b, 0x73, 0x4e, 0x2c, 0x14, 0x07, 0xa2, 0x00, 0x0c, 0x01, 0x0a, 0x1a,
 0x2e, 0x47, 0x65, 0x8a, 0xab, 0xc6, 0xde, 0xf2, 0xfc, 0xfe, 0x85, 0xff,
 0x0c, 0xfe, 0xfd, 0xf3, 0xe2, 0xc9, 0xa9, 0x85, 0x5e, 0x40, 0x2d, 0x1b,
 0x0a, 0x01, 0x82, 0x00, 0x03, 0x30, 0x8f, 0xcf, 0xef, 0x81, 0xff, 0x03,
 0xd0, 0x71, 0x31, 0x10, 0x8d, 0x00, 0x03, 0x2d, 0x87, 0xc7, 0xec, 0x81,
 0xff, 0x03, 0xeb, 0xc2, 0x82, 0x2b, 0x9b, 0x00, 0x05, 0x05, 0x0f, 0x3c,
 0x8b, 0xc6, 0xec, 0x81, 0xff, 0x05, 0xf9, 0xee, 0xb1, 0x43, 0x09, 0x03,
 0x89, 0x00, 0x03, 0x05, 0x0e, 0x4e, 0xc4, 0x81, 0xff, 0x03, 0xf4, 0xde,
 0x9e, 0x35, 0x8f, 0x00, 0x09, 0x29, 0x7b, 0xa6, 0xab, 0xae, 0xae, 0xaa,
 0xa2, 0x77, 0x28, 0x9d, 0x00, 0x09, 0x27, 0x74, 0x9f, 0xa9, 0xae, 0xae,
 0xac, 0xa9, 0x7e, 0x2a, 0x91, 0x00, 0x0b, 0x02, 0x07, 0x12, 0x23, 0x3e,
 0x64, 0x8e, 0xbc, 0xdb, 0xea, 0xf5, 0xfc, 0x85, 0xff, 0x0b, 0xfc, 0xf5,
 0xe4, 0xc9, 0xa7, 0x80, 0x5d, 0x3c, 0x22, 0x0e, 0x03, 0x01, 0xcd, 0x00,
 0x03, 0x25, 0x6e, 0xad, 0xe4, 0x81, 0xff, 0x03, 0xf3, 0xda, 0x9a, 0x33,
 0x9d, 0x00, 0x03, 0x2d, 0x86, 0xc5, 0xec, 0x83, 0xff, 0x03, 0xda, 0x91,
 0x51, 0x1b, 0x97, 0x00, 0x0a, 0x0e, 0x2a, 0x53, 0x89, 0xb1, 0xcb, 0xdd,
 0xe8, 0xf1, 0xf9, 0xfe, 0x87, 0xff, 0x0a, 0xfe, 0xfb, 0xf4, 0xec, 0xe1,
 0xd2, 0xbc, 0x97, 0x61, 0x35, 0x12, 0x8f, 0x00, 0x03, 0x1a, 0x4f, 0x88,
 0xc5, 0x85, 0xe4, 0x03, 0xe6, 0xeb, 0xf1, 0xfa, 0x81, 0xff, 0x03, 0xfc,
 0xf5, 0xef, 0xe8, 0x87, 0xe4, 0x03, 0xc2, 0x7f, 0x46, 0x17, 0x83, 0x00,
 0x03, 0x19, 0x4c, 0x85, 0xc4, 0x81, 0xe4, 0x03, 0xce, 0xa2, 0x69, 0x23,
 0x8d, 0x00, 0x03, 0x10, 0x31, 0x6a, 0xbb, 0x81, 0xe4, 0x03, 0xd4, 0xb5,
 0x7c, 0x29, 0x81, 0x00, 0x0a, 0x0b, 0x21, 0x45, 0x78, 0xa3, 0xc5, 0xdd,
 0xeb, 0xf5, 0xfb, 0xfe, 0x86, 0xff, 0x09, 0xfd, 0xfa, 0xf3, 0xe9, 0xdb,
 0xca, 0xa5, 0x6c, 0x3c, 0x14, 0xa1, 0x00, 0x0c, 0x01, 0x04, 0x1d, 0x4d,
 0x7b, 0xa7, 0xc5, 0xd6, 0xe3, 0xec, 0xf4, 0xfb, 0xfe, 0x87, 0xff, 0x0c,
 0xfe, 0xfb, 0xf5, 0xed, 0xe2, 0xd4, 0xc1, 0xa4, 0x7d, 0x50, 0x1e, 0x04,
 0x01, 0x81, 0x00, 0x03, 0x30, 0x8f, 0xcf, 0xef, 0x81, 0xff, 0x03, 0xd0,
 0x71, 0x31, 0x10, 0x8d, 0x00, 0x03, 0x2d, 0x87, 0xc7, 0xec, 0x81, 0xff,
 0x03, 0xeb, 0xc2, 0x82, 0x2b, 0x9b, 0x00, 0x05, 0x0f, 0x2e, 0x66, 0xb9,
 0xe9, 0xf8, 0x81, 0xff, 0x05, 0xf3, 0xdb, 0x9d, 0x37, 0x03, 0x01, 0x89,
 0x00, 0x03, 0x05, 0x0e, 0x4e, 0xc4, 0x81, 0xff, 0x03, 0xf4, 0xde, 0x9e,
 0x35, 0x8f, 0x00, 0x09, 0x36, 0xa1, 0xda, 0xe1, 0xe4, 0xe4, 0xdf, 0xd4,
 0x9b, 0x34, 0x9d, 0x00, 0x09, 0x33, 0x98, 0xd1, 0xde, 0xe4, 0xe4, 0xe2,
 0xdd, 0xa4, 0x37, 0x91, 0x00, 0x0b, 0x07, 0x15, 0x36, 0x68, 0x95, 0xbc,
 0xd8, 0xe8, 0xf3, 0xf8, 0xfc, 0xfe, 0x85, 0xff, 0x0b, 0xfe, 0xfc, 0xf6,
 0xed, 0xe1, 0xd4, 0xbb, 0x96, 0x66, 0x2a, 0x09, 0x03, 0xcd, 0x00, 0x03,
 0x25, 0x6e, 0xad, 0xe4, 0x81, 0xff, 0x03, 0xf3, 0xda, 0x9a, 0x33, 0x99,
 0x00, 0x07, 0x01, 0x03, 0x0d, 0x20, 0x55, 0xae, 0xe3, 0xf6, 0x81, 0xff,
 0x05, 0xfe, 0xfb, 0xcc, 0x73, 0x35, 0x12, 0x94, 0x00, 0x08, 0x01, 0x0b,
 0x1c, 0x39, 0x62, 0x92, 0xc8, 0xea, 0xf8, 0x91, 0xff, 0x08, 0xfb, 0xf2,
 0xd3, 0xa0, 0x6f, 0x40, 0x1f, 0x0c, 0x01, 0x8c, 0x00, 0x03, 0x1d, 0x58,
 0x98, 0xdd, 0x9b, 0xff, 0x03, 0xd9, 0x8e, 0x4e, 0x1a, 0x83, 0x00, 0x03,
 0x1c, 0x55, 0x95, 0xdc, 0x81, 0xff, 0x03, 0xe7, 0xb6, 0x76, 0x27, 0x8d,
 0x00, 0x03, 0x11, 0x33, 0x73, 0xd0, 0x81, 0xff, 0x0d, 0xee, 0xcb, 0x8c,
 0x2f, 0x00, 0x00, 0x04, 0x0b, 0x25, 0x50, 0x80, 0xb6, 0xdd, 0xf4, 0x8f,
 0xff, 0x07, 0xfd, 0xf8, 0xdc, 0xa9, 0x75, 0x3e, 0x1a, 0x09, 0x9d, 0x00,
 0x09, 0x04, 0x0c, 0x1b, 0x30, 0x55, 0x8a, 0xb9, 0xe1, 0xf8, 0xfd, 0x91,
 0xff, 0x0f, 0xfc, 0xf6, 0xe0, 0xbb, 0x8c, 0x52, 0x2a, 0x14, 0x06, 0x02,
 0x00, 0x00, 0x30, 0x8f, 0xcf, 0xef, 0x81, 0xff, 0x03, 0xd0, 0x71, 0x31,
 0x10, 0x8d, 0x00, 0x03, 0x2d, 0x87, 0xc7, 0xec, 0x81, 0xff, 0x03, 0xeb,
 0xc2, 0x82, 0x2b, 0x99, 0x00, 0x07, 0x02, 0x06, 0x23, 0x5a, 0x97, 0xda,
 0xfc, 0xfe, 0x81, 0xff, 0x03, 0xec, 0xc5, 0x85, 0x2c, 0x8b, 0x00, 0x03,
 0x05, 0x0e, 0x4e, 0xc4, 0x81, 0xff, 0x03, 0xf4, 0xde, 0x9e, 0x35, 0x8f,
 0x00, 0x09, 0x3c, 0xb4, 0xf4, 0xfb, 0xff, 0xff, 0xf9, 0xed, 0xad, 0x3a,
 0x9d, 0x00, 0x09, 0x39, 0xaa, 0xe9, 0xf8, 0xff, 0xff, 0xfd, 0xf8, 0xb8,
 0x3d, 0x8f, 0x00, 0x09, 0x02, 0x07, 0x1c, 0x43, 0x71, 0xa6, 0xd0, 0xee,
 0xfd, 0xfe, 0x8e, 0xff, 0x08, 0xfe, 0xef, 0xd2, 0xa2, 0x60, 0x31, 0x16,
 0x06, 0x02, 0xcb, 0x00, 0x03, 0x25, 0x6e, 0xad, 0xe4, 0x81, 0xff, 0x03,
 0xf3, 0xda, 0x9a, 0x33, 0x99, 0x00, 0x07, 0x03, 0x08, 0x27, 0x5f, 0x99,
 0xd5, 0xf6, 0xfc, 0x81, 0xff, 0x05, 0xfb, 0xf2, 0xb9, 0x52, 0x17, 0x08,
 0x93, 0x00, 0x09, 0x01, 0x04, 0x20, 0x54, 0x86, 0xb6, 0xd8, 0xec, 0xf8,
 0xfd, 0x91, 0xff, 0x09, 0xfe, 0xfb, 0xf0, 0xdf, 0xbf, 0x91, 0x5d, 0x23,
 0x04, 0x01, 0x8b, 0x00, 0x03, 0x1d, 0x58, 0x98, 0xdd, 0x9b, 0xff, 0x03,
 0xd9, 0x8e, 0x4e, 0x1a, 0x83, 0x00, 0x03, 0x1c, 0x55, 0x95, 0xdc, 0x81,
 0xff, 0x03, 0xe7, 0xb6, 0x76, 0x27, 0x8d, 0x00, 0x03, 0x10, 0x30, 0x6f,
 0xcf, 0x81, 0xff, 0x0d, 0xee, 0xcd, 0x8e, 0x2f, 0x00, 0x00, 0x0b, 0x22,
 0x51, 0x99, 0xc9, 0xe3, 0xf4, 0xfb, 0x8f, 0xff, 0x07, 0xfe, 0xfd, 0xf3,
 0xe2, 0xbd, 0x85, 0x4e, 0x1a, 0x9d, 0x00, 0x09, 0x0c, 0x24, 0x4c, 0x85,
 0xb1, 0xd1, 0xe8, 0xf5, 0xfd, 0xfe, 0x91, 0xff, 0x0f, 0xfe, 0xfc, 0xf5,
 0xe8, 0xce, 0xa5, 0x73, 0x37, 0x13, 0x06, 0x00, 0x00, 0x30, 0x8f, 0xcf,
 0xef, 0x81, 0xff, 0x03, 0xd0, 0x71, 0x31, 0x10, 0x8d, 0x00, 0x03, 0x2d,
 0x87, 0xc7, 0xec, 0x81, 0xff, 0x03, 0xeb, 0xc2, 0x82, 0x2b, 0x99, 0x00,
 0x06, 0x06, 0x12, 0x42, 0x95, 0xce, 0xee, 0xfe, 0x82, 0xff, 0x03, 0xe3,
 0xaa, 0x6a, 0x23, 0x8b, 0x00, 0x03, 0x05, 0x0e, 0x4e, 0xc4, 0x81, 0xff,
 0x03, 0xf4, 0xde, 0x9e, 0x35, 0x8f, 0x00, 0x09, 0x3c, 0xb4, 0xf4, 0xfb,
 0xff, 0xff, 0xf9, 0xed, 0xad, 0x3a, 0x9d, 0x00, 0x09, 0x39, 0xaa, 0xe9,
 0xf8, 0xff, 0xff, 0xfd, 0xf8, 0xb8, 0x3d, 0x8f, 0x00, 0x08, 0x07, 0x14,
 0x42, 0x8f, 0xc3, 0xdd, 0xef, 0xf9, 0xfe, 0x90, 0xff, 0x07, 0xfa, 0xf0,
 0xd7, 0xaf, 0x7b, 0x39, 0x12, 0x06, 0xcb, 0x00, 0x03, 0x25, 0x6e, 0xad,
 0xe4, 0x81, 0xff, 0x03, 0xf3, 0xda, 0x9a, 0x33, 0x97, 0x00, 0x07, 0x03,
 0x0a, 0x19, 0x32, 0x5e, 0x9c, 0xcc, 0xee, 0x83, 0xff, 0x05, 0xf2, 0xd9,
 0x9b, 0x39, 0x06, 0x02, 0x93, 0x00, 0x07, 0x0b, 0x22, 0x4e, 0x8e, 0xc1,
 0xe8, 0xfc, 0xfe, 0x84, 0xff, 0x07, 0xfe, 0xfc, 0xfa, 0xf8, 0xf6, 0xf8,
 0xfc, 0xfe, 0x87, 0xff, 0x07, 0xfe, 0xed, 0xcb, 0x97, 0x52, 0x24, 0x0d,
 0x01, 0x8a, 0x00, 0x03, 0x1d, 0x58, 0x98, 0xdd, 0x9b, 0xff, 0x03, 0xd9,
 0x8e, 0x4e, 0x1a, 0x83, 0x00, 0x03, 0x1c, 0x55, 0x95, 0xdc, 0x81, 0xff,
 0x03, 0xe7, 0xb6, 0x76, 0x27, 0x8d, 0x00, 0x03, 0x0e, 0x2b, 0x6b, 0xce,
 0x81, 0xff, 0x0b, 0xef, 0xcf, 0x8f, 0x30, 0x04, 0x0b, 0x25, 0x52, 0x89,
 0xcc, 0xf2, 0xfb, 0x85, 0xff, 0x07, 0xfd, 0xf9, 0xf7, 0xf6, 0xf7, 0xfa,
 0xfc, 0xfe, 0x84, 0xff, 0x06, 0xfe, 0xe9, 0xbd, 0x83, 0x3c, 0x12, 0x06,
 0x99, 0x00, 0x07, 0x04, 0x0d, 0x28, 0x54, 0x88, 0xc2, 0xe7, 0xf7, 0x86,
 0xff, 0x0a, 0xfe, 0xfd, 0xfa, 0xf8, 0xf5, 0xf5, 0xf7, 0xf9, 0xfb, 0xfd,
 0xfe, 0x85, 0xff, 0x0b, 0xf3, 0xdb, 0xb0, 0x71, 0x41, 0x1f, 0x0a, 0x03,
 0x30, 0x8f, 0xcf, 0xef, 0x81, 0xff, 0x03, 0xd0, 0x71, 0x31, 0x10, 0x8d,
 0x00, 0x03, 0x2d, 0x87, 0xc7, 0xec, 0x81, 0xff, 0x03, 0xeb, 0xc2, 0x82,
 0x2b, 0x97, 0x00, 0x07, 0x03, 0x0a, 0x1d, 0x3b, 0x72, 0xc2, 0xef, 0xfa,
 0x81, 0xff, 0x05, 0xfd, 0xf9, 0xd1, 0x85, 0x47, 0x18, 0x8b, 0x00, 0x03,
 0x05, 0x0e, 0x4e, 0xc4, 0x81, 0xff, 0x03, 0xf4, 0xde, 0x9e, 0x35, 0x8f,
 0x00, 0x09, 0x3c, 0xb4, 0xf4, 0xfb, 0xff, 0xff, 0xf9, 0xed, 0xad, 0x3a,
 0x9d, 0x00, 0x09, 0x39, 0xaa, 0xe9, 0xf8, 0xff, 0xff, 0xfd, 0xf8, 0xb8,
 0x3d, 0x8e, 0x00, 0x06, 0x01, 0x14, 0x39, 0x73, 0xc4, 0xf1, 0xfa, 0x85,
 0xff, 0x07, 0xfd, 0xfa, 0xf7, 0xf6, 0xf7, 0xfa, 0xfc, 0xfe, 0x85, 0xff,
 0x06, 0xf5, 0xe1, 0xb5, 0x6f, 0x3a, 0x14, 0x01, 0xca, 0x00, 0x03, 0x25,
 0x6e, 0xad, 0xe4, 0x81, 0xff, 0x03, 0xf3, 0xda, 0x9a, 0x33, 0x97, 0x00,
 0x07, 0x0a, 0x1d, 0x45, 0x82, 0xb2, 0xd6, 0xee, 0xf9, 0x83, 0xff, 0x05,
 0xe5, 0xb0, 0x71, 0x27, 0x02, 0x01, 0x93, 0x00, 0x06, 0x1f, 0x5c, 0x95,
 0xca, 0xea, 0xf7, 0xfe, 0x84, 0xff, 0x09, 0xfe, 0xfc, 0xf7, 0xef, 0xe9,
 0xe5, 0xe9, 0xf5, 0xfc, 0xfe, 0x87, 0xff, 0x07, 0xf9, 0xee, 0xce, 0x9b,
 0x62, 0x24, 0x04, 0x01, 0x89, 0x00, 0x03, 0x1d, 0x58, 0x98, 0xdd, 0x9b,
 0xff, 0x03, 0xd9, 0x8e, 0x4e, 0x1a, 0x83, 0x00, 0x03, 0x1c, 0x55, 0x95,
 0xdc, 0x81, 0xff, 0x03, 0xe7, 0xb6, 0x76, 0x27, 0x8d, 0x00, 0x03, 0x0d,
 0x26, 0x66, 0xcc, 0x81, 0xff, 0x0b, 0xf0, 0xd1, 0x91, 0x30, 0x0b, 0x22,
 0x52, 0x99, 0xcc, 0xea, 0xfb, 0xfe, 0x84, 0xff, 0x08, 0xfe, 0xf9, 0xed,
 0xe7, 0xe4, 0xe7, 0xf0, 0xf7, 0xfc, 0x85, 0xff, 0x05, 0xf7, 0xe8, 0xba,
 0x6e, 0x36, 0x12, 0x99, 0x00, 0x07, 0x0d, 0x27, 0x57, 0x9d, 0xcd, 0xe7,
 0xf7, 0xfc, 0x85, 0xff, 0x0b, 0xfe, 0xfc, 0xf8, 0xf0, 0xe9, 0xe2, 0xe1,
 0xe6, 0xec, 0xf4, 0xf9, 0xfd, 0x85, 0xff, 0x0b, 0xfb, 0xf3, 0xe0, 0xc2,
 0x90, 0x4c, 0x1f, 0x0a, 0x30, 0x8f, 0xcf, 0xef, 0x81, 0xff, 0x03, 0xd0,
 0x71, 0x31, 0x10, 0x8d, 0x00, 0x03, 0x2d, 0x87, 0xc7, 0xec, 0x81, 0xff,
 0x03, 0xeb, 0xc2, 0x82, 0x2b, 0x97, 0x00, 0x07, 0x0a, 0x1f, 0x46, 0x80,
 0xb4, 0xe1, 0xfa, 0xfd, 0x81, 0xff, 0x05, 0xf9, 0xec, 0xb6, 0x56, 0x1d,
 0x0a, 0x8b, 0x00, 0x03, 0x05, 0x0e, 0x4e, 0xc4, 0x81, 0xff, 0x03, 0xf4,
 0xde, 0x9e, 0x35, 0x8f, 0x00, 0x09, 0x3c, 0xb4, 0xf4, 0xfb, 0xff, 0xff,
 0xf9, 0xed, 0xad, 0x3a, 0x9d, 0x00, 0x09, 0x39, 0xaa, 0xe9, 0xf8, 0xff,
 0xff, 0xfd, 0xf8, 0xb8, 0x3d, 0x8d, 0x00, 0x07, 0x01, 0x04, 0x2a, 0x74,
 0xb0, 0xe1, 0xfa, 0xfd, 0x84, 0xff, 0x08, 0xfe, 0xf9, 0xef, 0xe8, 0xe4,
 0xe6, 0xef, 0xf7, 0xfc, 0x85, 0xff, 0x07, 0xfc, 0xf5, 0xdf, 0xb8, 0x7d,
 0x2d, 0x04, 0x01, 0xc9, 0x00, 0x03, 0x25, 0x6e, 0xad, 0xe4, 0x81, 0xff,
 0x03, 0xf3, 0xda, 0x9a, 0x33, 0x93, 0x00, 0x09, 0x03, 0x08, 0x10, 0x1b,
 0x31, 0x52, 0x81, 0xbe, 0xe5, 0xf6, 0x83, 0xff, 0x05, 0xfc, 0xf7, 0xcf,
 0x84, 0x47, 0x18, 0x93, 0x00, 0x05, 0x0a, 0x1d, 0x4b, 0x95, 0xcb, 0xee,
 0x83, 0xff, 0x13, 0xfa, 0xf2, 0xe7, 0xda, 0xce, 0xc3, 0xb9, 0xb0, 0xa9,
 0xa5, 0xaa, 0xb9, 0xc6, 0xd1, 0xda, 0xe1, 0xe9, 0xf2, 0xf8, 0xfd, 0x83,
 0xff, 0x05, 0xef, 0xcf, 0x9a, 0x51, 0x21, 0x0b, 0x89, 0x00, 0x03, 0x1b,
 0x52, 0x8e, 0xce, 0x85, 0xee, 0x03, 0xf0, 0xf2, 0xf6, 0xfc, 0x81, 0xff,
 0x03, 0xfd, 0xf9, 0xf5, 0xf0, 0x87, 0xee, 0x03, 0xcb, 0x84, 0x49, 0x18,
 0x83, 0x00, 0x03, 0x1c, 0x55, 0x95, 0xdc, 0x81, 0xff, 0x03, 0xe7, 0xb6,
 0x76, 0x27, 0x8d, 0x00, 0x03, 0x0b, 0x21, 0x61, 0xca, 0x81, 0xff, 0x1f,
 0xf0, 0xd3, 0x93, 0x32, 0x1a, 0x4b, 0x86, 0xcb, 0xf2, 0xfb, 0xff, 0xff,
 0xfe, 0xfc, 0xf6, 0xec, 0xe4, 0xdd, 0xd5, 0xcc, 0xc0, 0xb0, 0xa7, 0xa5,
 0xa8, 0xb0, 0xbc, 0xcc, 0xdb, 0xe9, 0xf4, 0xfb, 0x81, 0xff, 0x07, 0xfe,
 0xfd, 0xde, 0xa1, 0x62, 0x22, 0x02, 0x01, 0x95, 0x00, 0x07, 0x04, 0x0d,
 0x29, 0x57, 0x8f, 0xd0, 0xf4, 0xfb, 0x82, 0xff, 0x16, 0xfe, 0xfa, 0xf2,
 0xe8, 0xdd, 0xd1, 0xc4, 0xb9, 0xb1, 0xa9, 0xa2, 0xa1, 0xa6, 0xac, 0xb4,
 0xbe, 0xcb, 0xd8, 0xe3, 0xed, 0xf6, 0xfc, 0xfe, 0x81, 0xff, 0x09, 0xfa,
 0xef, 0xc7, 0x80, 0x46, 0x18, 0x31, 0x90, 0xcf, 0xef, 0x81, 0xff, 0x03,
 0xd0, 0x71, 0x31, 0x10, 0x8d, 0x00, 0x03, 0x2d, 0x87, 0xc7, 0xec, 0x81,
 0xff, 0x03, 0xeb, 0xc2, 0x82, 0x2b, 0x93, 0x00, 0x09, 0x03, 0x08, 0x13,
 0x22, 0x3a, 0x58, 0x83, 0xba, 0xe0, 0xf5, 0x83, 0xff, 0x05, 0xf0, 0xd1,
 0x93, 0x36, 0x06, 0x02, 0x8b, 0x00, 0x03, 0x05, 0x0e, 0x4e, 0xc4, 0x81,
 0xff, 0x03, 0xf4, 0xde, 0x9e, 0x35, 0x8f, 0x00, 0x09, 0x3c, 0xb4, 0xf4,
 0xfb, 0xff, 0xff, 0xf9, 0xed, 0xad, 0x3a, 0x9d, 0x00, 0x09, 0x39, 0xaa,
 0xe9, 0xf8, 0xff, 0xff, 0xfd, 0xf8, 0xb8, 0x3d, 0x8d, 0x00, 0x05, 0x0a,
 0x1d, 0x51, 0xa5, 0xdb, 0xf3, 0x81, 0xff, 0x12, 0xfe, 0xfb, 0xf4, 0xe7,
 0xda, 0xcc, 0xbf, 0xb1, 0xa8, 0xa4, 0xa7, 0xb0, 0xba, 0xc7, 0xd5, 0xe4,
 0xf0, 0xf9, 0xfe, 0x82, 0xff, 0x05, 0xf6, 0xe5, 0xaf, 0x53, 0x1c, 0x09,
 0xc9, 0x00, 0x03, 0x25, 0x6e, 0xad, 0xe4, 0x81, 0xff, 0x03, 0xf3, 0xda,
 0x9a, 0x33, 0x93, 0x00, 0x09, 0x08, 0x18, 0x31, 0x52, 0x7a, 0xa8, 0xcd,
 0xe7, 0xf6, 0xfc, 0x83, 0xff, 0x05, 0xf7, 0xe7, 0xb0, 0x53, 0x1b, 0x09,
 0x93, 0x00, 0x05, 0x1d, 0x57, 0x91, 0xcb, 0xee, 0xf9, 0x82, 0xff, 0x14,
 0xfe, 0xf1, 0xd8, 0xb8, 0x8f, 0x6e, 0x53, 0x43, 0x3c, 0x38, 0x37, 0x3c,
 0x49, 0x5c, 0x77, 0x8f, 0xa5, 0xbd, 0xd7, 0xeb, 0xf8, 0x83, 0xff, 0x05,
 0xfa, 0xef, 0xcd, 0x92, 0x58, 0x1d, 0x89, 0x00, 0x03, 0x17, 0x46, 0x7a,
 0xb1, 0x85, 0xcd, 0x03, 0xd1, 0xd9, 0xe5, 0xf6, 0x81, 0xff, 0x03, 0xf9,
 0xec, 0xe0, 0xd3, 0x87, 0xcd, 0x03, 0xae, 0x71, 0x3e, 0x15, 0x83, 0x00,
 0x03, 0x1c, 0x55, 0x95, 0xdc, 0x81, 0xff, 0x03, 0xe7, 0xb6, 0x76, 0x27,
 0x8d, 0x00, 0x03, 0x09, 0x1b, 0x5b, 0xc8, 0x81, 0xff, 0x1f, 0xf1, 0xd6,
 0x97, 0x36, 0x30, 0x84, 0xc1, 0xe7, 0xfb, 0xfe, 0xff, 0xff, 0xfc, 0xf7,
 0xe5, 0xc6, 0xad, 0x99, 0x82, 0x68, 0x52, 0x41, 0x38, 0x37, 0x38, 0x3b,
 0x4d, 0x6f, 0x94, 0xbe, 0xde, 0xf4, 0x82, 0xff, 0x06, 0xfe, 0xf0, 0xd5,
 0x97, 0x37, 0x06, 0x02, 0x95, 0x00, 0x07, 0x0d, 0x27, 0x57, 0x9f, 0xd0,
 0xec, 0xfb, 0xfe, 0x81, 0xff, 0x17, 0xfe, 0xfc, 0xef, 0xd7, 0xba, 0x9a,
 0x78, 0x55, 0x41, 0x3c, 0x38, 0x36, 0x36, 0x37, 0x39, 0x3c, 0x4c, 0x69,
 0x89, 0xab, 0xca, 0xe5, 0xf5, 0xfc, 0x81, 0xff, 0x09, 0xfd, 0xfa, 0xe4,
 0xbc, 0x7f, 0x2e, 0x34, 0x91, 0xcf, 0xef, 0x81, 0xff, 0x03, 0xd0, 0x71,
 0x31, 0x10, 0x8d, 0x00, 0x03, 0x2d, 0x87, 0xc7, 0xec, 0x81, 0xff, 0x03,
 0xeb, 0xc2, 0x82, 0x2b, 0x93, 0x00, 0x09, 0x08, 0x19, 0x38, 0x67, 0x91,
 0xb6, 0xd3, 0xe7, 0xf5, 0xfc, 0x83, 0xff, 0x05, 0xe1, 0xa6, 0x66, 0x24,
 0x02, 0x01, 0x8b, 0x00, 0x03, 0x05, 0x0e, 0x4e, 0xc4, 0x81, 0xff, 0x03,
 0xf4, 0xde, 0x9e, 0x35, 0x8f, 0x00, 0x09, 0x3c, 0xb4, 0xf4, 0xfb, 0xff,
 0xff, 0xf9, 0xed, 0xad, 0x3a, 0x9d, 0x00, 0x09, 0x39, 0xaa, 0xe9, 0xf8,
 0xff, 0xff, 0xfd, 0xf8, 0xb8, 0x3d, 0x8d, 0x00, 0x05, 0x1a, 0x4d, 0x88,
 0xcd, 0xf3, 0xfb, 0x81, 0xff, 0x13, 0xfb, 0xf4, 0xdd, 0xb8, 0x91, 0x69,
 0x4e, 0x40, 0x38, 0x37, 0x38, 0x3b, 0x48, 0x5f, 0x81, 0xad, 0xd1, 0xed,
 0xfc, 0xfe, 0x81, 0xff, 0x05, 0xfc, 0xf6, 0xcf, 0x85, 0x48, 0x18, 0xc9,
 0x00, 0x03, 0x25, 0x6e, 0xad, 0xe4, 0x81, 0xff, 0x03, 0xf4, 0xde, 0xa8,
 0x52, 0x8c, 0x27, 0x0e, 0x28, 0x29, 0x2b, 0x2d, 0x2f, 0x31, 0x34, 0x40,
 0x55, 0x70, 0x92, 0xb7, 0xde, 0xf5, 0xfc, 0x83, 0xff, 0x07, 0xfe, 0xfb,
 0xe6, 0xbf, 0x82, 0x2f, 0x04, 0x01, 0x91, 0x00, 0x05, 0x07, 0x14, 0x41,
 0x8e, 0xc7, 0xec, 0x81, 0xff, 0x19, 0xfe, 0xfc, 0xf0, 0xdb, 0xbf, 0x9d,
 0x78, 0x50, 0x2e, 0x14, 0x06, 0x02, 0x00, 0x00, 0x04, 0x0c, 0x1e, 0x38,
 0x50, 0x65, 0x7e, 0x9b, 0xb9, 0xda, 0xef, 0xfa, 0x83, 0xff, 0x05, 0xec,
 0xc6, 0x8b, 0x3c, 0x10, 0x05, 0x87, 0x00, 0x03, 0x10, 0x30, 0x54, 0x7a,
 0x85, 0x8d, 0x03, 0x98, 0xae, 0xca, 0xed, 0x81, 0xff, 0x03, 0xf3, 0xda,
 0xbe, 0x9d, 0x87, 0x8d, 0x03, 0x78, 0x4e, 0x2b, 0x0e, 0x83, 0x00, 0x03,
 0x1c, 0x55, 0x95, 0xdc, 0x81, 0xff, 0x03, 0xe7, 0xb6, 0x76, 0x27, 0x8d,
 0x00, 0x03, 0x07, 0x14, 0x54, 0xc6, 0x81, 0xff, 0x15, 0xf3, 0xda, 0xa3,
 0x4e, 0x52, 0xb0, 0xe7, 0xf7, 0xff, 0xff, 0xfd, 0xf9, 0xea, 0xd0, 0xb0,
 0x8a, 0x6d, 0x59, 0x42, 0x28, 0x14, 0x07, 0x81, 0x00, 0x07, 0x10, 0x30,
 0x55, 0x80, 0xac, 0xd9, 0xf4, 0xfb, 0x81, 0xff, 0x05, 0xfb, 0xf3, 0xbb,
 0x54, 0x19, 0x08, 0x93, 0x00, 0x07, 0x01, 0x04, 0x1e, 0x51, 0x8c, 0xcf,
 0xf4, 0xfb, 0x81, 0xff, 0x0b, 0xfe, 0xfc, 0xf0, 0xdc, 0xc0, 0x9c, 0x7b,
 0x5a, 0x39, 0x17, 0x04, 0x01, 0x83, 0x00, 0x09, 0x0e, 0x2a, 0x49, 0x6b,
 0x8d, 0xad, 0xcb, 0xe5, 0xf6, 0xfc, 0x81, 0xff, 0x07, 0xf6, 0xe3, 0xad,
 0x55, 0x4f, 0x9a, 0xcf, 0xef, 0x81, 0xff, 0x03, 0xd0, 0x71, 0x31, 0x10,
 0x8d, 0x00, 0x03, 0x2d, 0x87, 0xc7, 0xec, 0x81, 0xff, 0x03, 0xed, 0xc9,
 0x93, 0x4b, 0x8d, 0x27, 0x0d, 0x28, 0x2a, 0x2d, 0x30, 0x34, 0x37, 0x43,
 0x56, 0x77, 0xa7, 0xce, 0xec, 0xfc, 0xfe, 0x83, 0xff, 0x05, 0xf9, 0xed,
 0xc2, 0x76, 0x3c, 0x14, 0x8d, 0x00, 0x03, 0x05, 0x0e, 0x4e, 0xc4, 0x81,
 0xff, 0x03, 0xf4, 0xde, 0x9e, 0x35, 0x8f, 0x00, 0x09, 0x3c, 0xb4, 0xf4,
 0xfb, 0xff, 0xff, 0xf9, 0xed, 0xad, 0x3a, 0x9d, 0x00, 0x09, 0x39, 0xaa,
 0xe9, 0xf8, 0xff, 0xff, 0xfd, 0xf8, 0xb8, 0x3d, 0x8b, 0x00, 0x05, 0x02,
 0x06, 0x2e, 0x7c, 0xb9, 0xe8, 0x81, 0xff, 0x09, 0xfc, 0xf6, 0xe4, 0xc6,
 0xa2, 0x7a, 0x51, 0x29, 0x10, 0x05, 0x81, 0x00, 0x08, 0x0b, 0x20, 0x41,
 0x6d, 0x97, 0xc0, 0xde, 0xf3, 0xfe, 0x82, 0xff, 0x05, 0xe6, 0xb3, 0x75,
 0x2d, 0x06, 0x02, 0xc7, 0x00, 0x03, 0x25, 0x6e, 0xad, 0xe4, 0x81, 0xff,
 0x03, 0xf7, 0xe8, 0xc5, 0x90, 0x8b, 0x75, 0x0f, 0x76, 0x77, 0x7a, 0x80,
 0x86, 0x8c, 0x93, 0x9c, 0xaa, 0xbe, 0xce, 0xda, 0xe7, 0xf4, 0xfc, 0xfe,
 0x83, 0xff, 0x06, 0xfb, 0xf3, 0xca, 0x80, 0x45, 0x18, 0x01, 0x92, 0x00,
 0x05, 0x14, 0x3b, 0x74, 0xc0, 0xec, 0xf9, 0x81, 0xff, 0x19, 0xfc, 0xf5,
 0xd3, 0x95, 0x65, 0x41, 0x28, 0x1b, 0x0f, 0x07, 0x02, 0x01, 0x00, 0x00,
 0x01, 0x04, 0x0a, 0x13, 0x1b, 0x22, 0x2d, 0x3d, 0x64, 0xa2, 0xd0, 0xef,
 0x83, 0xff, 0x05, 0xf8, 0xeb, 0xbb, 0x68, 0x2f, 0x10, 0x87, 0x00, 0x03,
 0x05, 0x10, 0x1c, 0x29, 0x85, 0x2f, 0x03, 0x45, 0x72, 0xa6, 0xe1, 0x81,
 0xff, 0x03, 0xeb, 0xc2, 0x8e, 0x4f, 0x87, 0x2f, 0x03, 0x28, 0x1a, 0x0e,
 0x05, 0x83, 0x00, 0x03, 0x1c, 0x55, 0x95, 0xdc, 0x81, 0xff, 0x03, 0xe7,
 0xb6, 0x76, 0x27, 0x8d, 0x00, 0x03, 0x04, 0x0c, 0x4b, 0xc3, 0x81, 0xff,
 0x15, 0xf4, 0xde, 0xb5, 0x7a, 0x82, 0xce, 0xf7, 0xfc, 0xff, 0xff, 0xf9,
 0xec, 0xc7, 0x89, 0x59, 0x38, 0x24, 0x1e, 0x16, 0x0d, 0x07, 0x02, 0x81,
 0x00, 0x07, 0x05, 0x10, 0x1e, 0x30, 0x5f, 0xab, 0xdd, 0xf4, 0x81, 0xff,
 0x05, 0xfe, 0xfb, 0xcf, 0x79, 0x3b, 0x14, 0x93, 0x00, 0x07, 0x04, 0x0b,
 0x38, 0x8c, 0xc7, 0xe9, 0xfb, 0xfe, 0x81, 0xff, 0x0a, 0xfc, 0xf5, 0xd6,
 0x9c, 0x6b, 0x43, 0x29, 0x1e, 0x13, 0x08, 0x01, 0x84, 0x00, 0x09, 0x05,
 0x0e, 0x18, 0x24, 0x36, 0x50, 0x7c, 0xbb, 0xe3, 0xf6, 0x81, 0xff, 0x07,
 0xfc, 0xf6, 0xd1, 0x8f, 0x82, 0xab, 0xcf, 0xef, 0x81, 0xff, 0x03, 0xd0,
 0x71, 0x31, 0x10, 0x8d, 0x00, 0x03, 0x2d, 0x87, 0xc7, 0xec, 0x81, 0xff,
 0x03, 0xf2, 0xd9, 0xb6, 0x8b, 0x8c, 0x75, 0x0d, 0x76, 0x79, 0x7f, 0x87,
 0x91, 0x9b, 0xa5, 0xb2, 0xc0, 0xd0, 0xe1, 0xef, 0xf9, 0xfe, 0x84, 0xff,
 0x05, 0xed, 0xca, 0x91, 0x42, 0x14, 0x07, 0x8d, 0x00, 0x03, 0x05, 0x0e,
 0x4e, 0xc4, 0x81, 0xff, 0x03, 0xf4, 0xde, 0x9e, 0x35, 0x8f, 0x00, 0x09,
 0x3c, 0xb4, 0xf4, 0xfb, 0xff, 0xff, 0xf9, 0xed, 0xad, 0x3a, 0x9d, 0x00,
 0x09, 0x39, 0xaa, 0xe9, 0xf8, 0xff, 0xff, 0xfd, 0xf8, 0xb8, 0x3d, 0x8b,
 0x00, 0x05, 0x06, 0x11, 0x48, 0xaa, 0xe4, 0xf6, 0x81, 0xff, 0x09, 0xf6,
 0xe5, 0xb9, 0x72, 0x43, 0x2d, 0x1b, 0x0e, 0x05, 0x02, 0x81, 0x00, 0x09,
 0x04, 0x0b, 0x16, 0x24, 0x43, 0x71, 0xa4, 0xdd, 0xfb, 0xfe, 0x81, 0xff,
 0x05, 0xf4, 0xdd, 0xa3, 0x47, 0x13, 0x06, 0xc7, 0x00, 0x03, 0x25, 0x6e,
 0xad, 0xe4, 0x81, 0xff, 0x03, 0xfa, 0xf1, 0xde, 0xc3, 0x8c, 0xb5, 0x0a,
 0xb6, 0xba, 0xbf, 0xc5, 0xcc, 0xd3, 0xdb, 0xe7, 0xf5, 0xfd, 0xfe, 0x85,
 0xff, 0x07, 0xfd, 0xf9, 0xea, 0xcf, 0x9b, 0x4d, 0x1d, 0x0a, 0x91, 0x00,
 0x05, 0x02, 0x06, 0x28, 0x68, 0xa6, 0xe1, 0x81, 0xff, 0x07, 0xfe, 0xfd,
 0xee, 0xd3, 0xa1, 0x5b, 0x2a, 0x0e, 0x8b, 0x00, 0x09, 0x04, 0x0b, 0x2b,
 0x64, 0x98, 0xc6, 0xe5, 0xf5, 0xfd, 0xfe, 0x80, 0xff, 0x06, 0xfe, 0xdb,
 0x97, 0x59, 0x1f, 0x02, 0x01, 0x91, 0x00, 0x03, 0x1c, 0x54, 0x94, 0xdb,
 0x81, 0xff, 0x03, 0xe7, 0xb6, 0x77, 0x28, 0x91, 0x00, 0x03, 0x1c, 0x55,
 0x95, 0xdc, 0x81, 0xff, 0x03, 0xe7, 0xb6, 0x76, 0x27, 0x8d, 0x00, 0x04,
 0x02, 0x06, 0x45, 0xc0, 0xfe, 0x80, 0xff, 0x0f, 0xf6, 0xe4, 0xca, 0xa6,
 0xaf, 0xe4, 0xff, 0xff, 0xfb, 0xf4, 0xdf, 0xbe, 0x8d, 0x4e, 0x22, 0x0b,
 0x89, 0x00, 0x07, 0x02, 0x06, 0x2c, 0x74, 0xaf, 0xde, 0xf7, 0xfc, 0x81,
 0xff, 0x03, 0xde, 0x9b, 0x5b, 0x1e, 0x93, 0x00, 0x05, 0x0d, 0x28, 0x62,
 0xb9, 0xeb, 0xf8, 0x81, 0xff, 0x07, 0xfd, 0xf8, 0xe9, 0xce, 0xa1, 0x61,
 0x31, 0x10, 0x8d, 0x00, 0x07, 0x08, 0x19, 0x40, 0x7f, 0xb1, 0xd6, 0xef,
 0xfa, 0x81, 0xff, 0x05, 0xea, 0xc0, 0xb2, 0xc0, 0xd5, 0xf1, 0x81, 0xff,
 0x03, 0xd0, 0x71, 0x31, 0x10, 0x8d, 0x00, 0x03, 0x2d, 0x87, 0xc7, 0xec,
 0x81, 0xff, 0x03, 0xf7, 0xe8, 0xd5, 0xc0, 0x8d, 0xb5, 0x09, 0xb9, 0xbf,
 0xc7, 0xd1, 0xdb, 0xe5, 0xef, 0xf8, 0xfd, 0xfe, 0x85, 0xff, 0x05, 0xfa,
 0xf1, 0xd0, 0x97, 0x5c, 0x1f, 0x8f, 0x00, 0x03, 0x05, 0x0e, 0x4e, 0xc4,
 0x81, 0xff, 0x03, 0xf4, 0xde, 0x9e, 0x35, 0x8f, 0x00, 0x09, 0x3c, 0xb4,
 0xf4, 0xfb, 0xff, 0xff, 0xf9, 0xed, 0xad, 0x3a, 0x9d, 0x00, 0x09, 0x39,
 0xaa, 0xe9, 0xf8, 0xff, 0xff, 0xfd, 0xf8, 0xb8, 0x3d, 0x8b, 0x00, 0x0f,
 0x0d, 0x28, 0x66, 0xc8, 0xfb, 0xfe, 0xff, 0xff, 0xfd, 0xfa, 0xe4, 0xbb,
 0x82, 0x38, 0x0f, 0x05, 0x89, 0x00, 0x05, 0x12, 0x37, 0x6d, 0xb3, 0xe0,
 0xf5, 0x81, 0xff, 0x05, 0xf9, 0xee, 0xb8, 0x58, 0x1e, 0x0a, 0xc7, 0x00,
 0x03, 0x25, 0x6e, 0xad, 0xe4, 0x81, 0xff, 0x03, 0xfd, 0xfa, 0xf4, 0xeb,
 0x8c, 0xe6, 0x09, 0xe7, 0xe8, 0xea, 0xec, 0xee, 0xf0, 0xf3, 0xf7, 0xfc,
 0xfe, 0x86, 0xff, 0x07, 0xf9, 0xed, 0xca, 0x90, 0x59, 0x26, 0x0a, 0x03,
 0x91, 0x00, 0x05, 0x06, 0x11, 0x43, 0x9b, 0xd5, 0xf1, 0x81, 0xff, 0x07,
 0xfd, 0xf8, 0xd5, 0x95, 0x5c, 0x2b, 0x0e, 0x05, 0x8b, 0x00, 0x09, 0x01,
 0x04, 0x0e, 0x21, 0x47, 0x7e, 0xb1, 0xe1, 0xfa, 0xfd, 0x81, 0xff, 0x05,
 0xed, 0xc9, 0x8c, 0x34, 0x06, 0x02, 0x91, 0x00, 0x03, 0x1c, 0x54, 0x94,
 0xdb, 0x81, 0xff, 0x03, 0xe7, 0xb6, 0x77, 0x28, 0x91, 0x00, 0x03, 0x1c,
 0x55, 0x95, 0xdc, 0x81, 0xff, 0x03, 0xe7, 0xb6, 0x76, 0x27, 0x8d, 0x00,
 0x17, 0x01, 0x02, 0x41, 0xbe, 0xfd, 0xfe, 0xff, 0xff, 0xf9, 0xec, 0xdf,
 0xd2, 0xd8, 0xf2, 0xff, 0xff, 0xf4, 0xdd, 0xb0, 0x6f, 0x3e, 0x1f, 0x0b,
 0x04, 0x89, 0x00, 0x07, 0x01, 0x02, 0x13, 0x34, 0x6b, 0xb9, 0xe8, 0xf7,
 0x81, 0xff, 0x03, 0xe8, 0xba, 0x7a, 0x29, 0x93, 0x00, 0x05, 0x1f, 0x5c,
 0x9a, 0xd8, 0xf8, 0xfd, 0x81, 0xff, 0x07, 0xf8, 0xeb, 0xc5, 0x86, 0x52,
 0x2a, 0x10, 0x05, 0x8d, 0x00, 0x07, 0x03, 0x08, 0x18, 0x31, 0x5e, 0x9d,
 0xce, 0xef, 0x81, 0xff, 0x05, 0xf7, 0xe7, 0xdd, 0xd9, 0xe0, 0xf5, 0x81,
 0xff, 0x03, 0xd0, 0x71, 0x31, 0x10, 0x8d, 0x00, 0x03, 0x2d, 0x87, 0xc7,
 0xec, 0x81, 0xff, 0x03, 0xfc, 0xf7, 0xf1, 0xea, 0x8d, 0xe6, 0x08, 0xe8,
 0xea, 0xec, 0xf0, 0xf3, 0xf6, 0xfa, 0xfd, 0xfe, 0x86, 0xff, 0x05, 0xf1,
 0xd5, 0xa1, 0x54, 0x22, 0x0b, 0x8f, 0x00, 0x03, 0x05, 0x0e, 0x4e, 0xc4,
 0x81, 0xff, 0x03, 0xf4, 0xde, 0x9e, 0x35, 0x8f, 0x00, 0x09, 0x3c, 0xb4,
 0xf4, 0xfb, 0xff, 0xff, 0xf9, 0xed, 0xad, 0x3a, 0x9d, 0x00, 0x09, 0x39,
 0xaa, 0xe9, 0xf8, 0xff, 0xff, 0xfd, 0xf8, 0xb8, 0x3d, 0x8b, 0x00, 0x04,
 0x19, 0x4a, 0x89, 0xd6, 0xfe, 0x80, 0xff, 0x07, 0xfa, 0xf0, 0xc5, 0x79,
 0x40, 0x1a, 0x05, 0x02, 0x89, 0x00, 0x05, 0x06, 0x12, 0x37, 0x74, 0xad,
 0xe4, 0x81, 0xff, 0x05, 0xf7, 0xe7, 0xb5, 0x5f, 0x27, 0x0d, 0xc7, 0x00,
 0x03, 0x25, 0x6e, 0xad, 0xe4, 0xa4, 0xff, 0x08, 0xfe, 0xf7, 0xeb, 0xd7,
 0xba, 0x8f, 0x55, 0x2a, 0x0e, 0x93, 0x00, 0x0f, 0x10, 0x30, 0x6b, 0xc2,
 0xf2, 0xfb, 0xff, 0xff, 0xfe, 0xfd, 0xf0, 0xd8, 0xa7, 0x5e, 0x2b, 0x0e,
 0x91, 0x00, 0x05, 0x17, 0x44, 0x78, 0xb4, 0xde, 0xf4, 0x81, 0xff, 0x05,
 0xf8, 0xea, 0xb3, 0x55, 0x1d, 0x0a, 0x91, 0x00, 0x03, 0x1c, 0x54, 0x94,
 0xdb, 0x81, 0xff, 0x03, 0xe7, 0xb6, 0x77, 0x28, 0x91, 0x00, 0x03, 0x1c,
 0x55, 0x95, 0xdc, 0x81, 0xff, 0x03, 0xe7, 0xb6, 0x76, 0x27, 0x8f, 0x00,
 0x13, 0x3e, 0xbb, 0xfb, 0xfe, 0xff, 0xff, 0xfb, 0xf4, 0xef, 0xee, 0xf2,
 0xfb, 0xfc, 0xf5, 0xda, 0xab, 0x74, 0x36, 0x11, 0x06, 0x8d, 0x00, 0x05,
 0x05, 0x0f, 0x3b, 0x89, 0xc4, 0xeb, 0x81, 0xff, 0x05, 0xf1, 0xd4, 0x96,
 0x36, 0x05, 0x02, 0x8f, 0x00, 0x05, 0x04, 0x0d, 0x3b, 0x8d, 0xc8, 0xed,
 0x81, 0xff, 0x07, 0xfb, 0xf4, 0xdf, 0xbd, 0x8c, 0x4b, 0x20, 0x0b, 0x91,
 0x00, 0x0f, 0x03, 0x08, 0x27, 0x61, 0x95, 0xc6, 0xe6, 0xf5, 0xfe, 0xff,
 0xfe, 0xfc, 0xf6, 0xec, 0xec, 0xf9, 0x81, 0xff, 0x03, 0xd0, 0x71, 0x31,
 0x10, 0x8d, 0x00, 0x03, 0x2d, 0x87, 0xc7, 0xec, 0xa3, 0xff, 0x09, 0xfd,
 0xfa, 0xf1, 0xe2, 0xc5, 0x9c, 0x67, 0x26, 0x04, 0x01, 0x8f, 0x00, 0x03,
 0x05, 0x0e, 0x4e, 0xc4, 0x81, 0xff, 0x03, 0xf4, 0xde, 0x9e, 0x35, 0x8f,
 0x00, 0x09, 0x3c, 0xb4, 0xf4, 0xfb, 0xff, 0xff, 0xf9, 0xed, 0xad, 0x3a,
 0x9d, 0x00, 0x09, 0x39, 0xaa, 0xe9, 0xf8, 0xff, 0xff, 0xfd, 0xf8, 0xb8,
 0x3d, 0x8b, 0x00, 0x03, 0x22, 0x66, 0xa5, 0xe1, 0x81, 0xff, 0x05, 0xf3,
 0xdc, 0xa4, 0x4b, 0x17, 0x08, 0x8d, 0x00, 0x0d, 0x15, 0x3f, 0x7b, 0xc9,
 0xf4, 0xfb, 0xf9, 0xee, 0xd9, 0xb9, 0x8a, 0x4b, 0x21, 0x0b, 0xc7, 0x00,
 0x03, 0x25, 0x6e, 0xad, 0xe4, 0xa3, 0xff, 0x09, 0xfe, 0xfb, 0xe8, 0xc3,
 0x96, 0x5f, 0x38, 0x1f, 0x0e, 0x05, 0x93, 0x00, 0x0f, 0x21, 0x63, 0xa1,
 0xdc, 0xfb, 0xfe, 0xff, 0xff, 0xfd, 0xfa, 0xda, 0x9d, 0x64, 0x2e, 0x0e,
 0x05, 0x91, 0x00, 0x05, 0x08, 0x17, 0x39, 0x70, 0xa8, 0xe2, 0x81, 0xff,
 0x05, 0xfd, 0xf8, 0xd0, 0x84, 0x47, 0x18, 0x91, 0x00, 0x03, 0x1c, 0x54,
 0x94, 0xdb, 0x81, 0xff, 0x03, 0xe7, 0xb6, 0x77, 0x28, 0x91, 0x00, 0x03,
 0x1c, 0x55, 0x95, 0xdc, 0x81, 0xff, 0x03, 0xe7, 0xb6, 0x76, 0x27, 0x8f,
 0x00, 0x13, 0x3e, 0xb9, 0xf9, 0xfd, 0xff, 0xff, 0xfe, 0xfb, 0xfa, 0xf9,
 0xfb, 0xfe, 0xf5, 0xe1, 0xaf, 0x5e, 0x2a, 0x13, 0x06, 0x02, 0x8d, 0x00,
 0x05, 0x02, 0x05, 0x1e, 0x4c, 0x8a, 0xd8, 0x81, 0xff, 0x05, 0xf8, 0xeb,
 0xb0, 0x47, 0x0e, 0x05, 0x8f, 0x00, 0x05, 0x0d, 0x28, 0x61, 0xb9, 0xeb,
 0xf8, 0x81, 0xff, 0x07, 0xf4, 0xde, 0xb1, 0x6f, 0x3e, 0x1e, 0x0b, 0x04,
 0x91, 0x00, 0x0f, 0x01, 0x03, 0x0d, 0x20, 0x46, 0x7f, 0xb3, 0xe2, 0xfb,
 0xfe, 0xff, 0xfe, 0xfc, 0xf9, 0xf9, 0xfd, 0x81, 0xff, 0x03, 0xd0, 0x71,
 0x31, 0x10, 0x8d, 0x00, 0x03, 0x2d, 0x87, 0xc7, 0xec, 0xa3, 0xff, 0x08,
 0xfa, 0xef, 0xd4, 0xa7, 0x77, 0x46, 0x22, 0x0d, 0x01, 0x90, 0x00, 0x03,
 0x05, 0x0e, 0x4e, 0xc4, 0x81, 0xff, 0x03, 0xf4, 0xde, 0x9e, 0x35, 0x8f,
 0x00, 0x09, 0x3c, 0xb4, 0xf4, 0xfb, 0xff, 0xff, 0xf9, 0xed, 0xad, 0x3a,
 0x9d, 0x00, 0x09, 0x39, 0xaa, 0xe9, 0xf8, 0xff, 0xff, 0xfd, 0xf8, 0xb8,
 0x3d, 0x8b, 0x00, 0x03, 0x29, 0x7b, 0xbb, 0xe8, 0x81, 0xff, 0x05, 0xe9,
 0xbc, 0x7f, 0x31, 0x08, 0x03, 0x8d, 0x00, 0x0d, 0x07, 0x15, 0x4a, 0xa5,
 0xde, 0xf3, 0xee, 0xcc, 0x9e, 0x63, 0x37, 0x1c, 0x0b, 0x04, 0xc7, 0x00,
 0x03, 0x25, 0x6e, 0xad, 0xe4, 0xa0, 0xff, 0x0a, 0xfe, 0xfa, 0xf3, 0xe6,
 0xd3, 0xb4, 0x87, 0x58, 0x25, 0x09, 0x03, 0x93, 0x00, 0x05, 0x02, 0x06,
 0x34, 0x8d, 0xcb, 0xee, 0x81, 0xff, 0x05, 0xf4, 0xdd, 0xae, 0x66, 0x32,
 0x11, 0x95, 0x00, 0x05, 0x14, 0x3b, 0x76, 0xc7, 0xf3, 0xfb, 0x81, 0xff,
 0x03, 0xe3, 0xac, 0x6c, 0x24, 0x91, 0x00, 0x03, 0x1c, 0x54, 0x94, 0xdb,
 0x81, 0xff, 0x03, 0xe7, 0xb6, 0x77, 0x28, 0x91, 0x00, 0x03, 0x1c, 0x55,
 0x95, 0xdc, 0x81, 0xff, 0x03, 0xe7, 0xb6, 0x76, 0x27, 0x8f, 0x00, 0x03,
 0x3d, 0xb7, 0xf7, 0xfc, 0x85, 0xff, 0x05, 0xeb, 0xc2, 0x84, 0x2f, 0x04,
 0x01, 0x91, 0x00, 0x0d, 0x0b, 0x22, 0x60, 0xc4, 0xf8, 0xfd, 0xff, 0xff,
 0xfd, 0xf9, 0xc5, 0x62, 0x24, 0x0c, 0x8f, 0x00, 0x0f, 0x18, 0x49, 0x89,
 0xd6, 0xfd, 0xfe, 0xff, 0xff, 0xfd, 0xf9, 0xe0, 0xb0, 0x78, 0x37, 0x11,
 0x06, 0x97, 0x00, 0x05, 0x17, 0x45, 0x7c, 0xbe, 0xe7, 0xf7, 0x87, 0xff,
 0x03, 0xd0, 0x71, 0x31, 0x10, 0x8d, 0x00, 0x03, 0x2d, 0x87, 0xc7, 0xec,
 0x9f, 0xff, 0x09, 0xfe, 0xfd, 0xf7, 0xeb, 0xd7, 0xbc, 0x97, 0x68, 0x3c,
 0x14, 0x93, 0x00, 0x03, 0x05, 0x0e, 0x4e, 0xc4, 0x81, 0xff, 0x03, 0xf4,
 0xde, 0x9e, 0x35, 0x8f, 0x00, 0x09, 0x3c, 0xb4, 0xf4, 0xfb, 0xff, 0xff,
 0xf9, 0xed, 0xad, 0x3a, 0x9d, 0x00, 0x09, 0x39, 0xaa, 0xe9, 0xf8, 0xff,
 0xff, 0xfd, 0xf8, 0xb8, 0x3d, 0x8b, 0x00, 0x03, 0x2e, 0x8a, 0xca, 0xed,
 0x81, 0xff, 0x03, 0xe0, 0xa1, 0x61, 0x20, 0x91, 0x00, 0x09, 0x29, 0x7b,
 0xb1, 0xcb, 0xc1, 0x93, 0x60, 0x2a, 0x0b, 0x04, 0xc9, 0x00, 0x03, 0x25,
 0x6e, 0xad, 0xe4, 0x9f, 0xff, 0x0b, 0xfe, 0xfb, 0xef, 0xdb, 0xb8, 0x87,
 0x5c, 0x38, 0x1d, 0x0c, 0x03, 0x01, 0x93, 0x00, 0x05, 0x06, 0x11, 0x49,
 0xae, 0xe8, 0xf7, 0x80, 0xff, 0x06, 0xfe, 0xe1, 0xa7, 0x6c, 0x33, 0x11,
 0x06, 0x95, 0x00, 0x05, 0x07, 0x14, 0x48, 0xa3, 0xdc, 0xf3, 0x81, 0xff,
 0x03, 0xee, 0xcb, 0x8b, 0x2e, 0x91, 0x00, 0x03, 0x1c, 0x54, 0x94, 0xdb,
 0x81, 0xff, 0x03, 0xe7, 0xb6, 0x77, 0x28, 0x91, 0x00, 0x03, 0x1c, 0x55,
 0x95, 0xdc, 0x81, 0xff, 0x03, 0xe7, 0xb6, 0x76, 0x27, 0x8f, 0x00, 0x03,
 0x3c, 0xb5, 0xf5, 0xfc, 0x85, 0xff, 0x04, 0xdd, 0x98, 0x58, 0x1f, 0x01,
 0x92, 0x00, 0x0d, 0x04, 0x0b, 0x44, 0xaf, 0xeb, 0xf8, 0xff, 0xff, 0xfe,
 0xfd, 0xd5, 0x87, 0x47, 0x18, 0x8f, 0x00, 0x04, 0x26, 0x71, 0xb1, 0xe5,
 0xfe, 0x80, 0xff, 0x07, 0xf9, 0xee, 0xbf, 0x6b, 0x33, 0x16, 0x06, 0x02,
 0x97, 0x00, 0x05, 0x08, 0x17, 0x42, 0x89, 0xc1, 0xea, 0x87, 0xff, 0x03,
 0xd0, 0x71, 0x31, 0x10, 0x8d, 0x00, 0x03, 0x2d, 0x87, 0xc7, 0xec, 0x9f,
 0xff, 0x09, 0xfd, 0xfa, 0xe6, 0xc2, 0x95, 0x61, 0x3c, 0x26, 0x14, 0x07,
 0x93, 0x00, 0x03, 0x05, 0x0e, 0x4e, 0xc4, 0x81, 0xff, 0x03, 0xf4, 0xde,
 0x9e, 0x35, 0x8f, 0x00, 0x09, 0x3c, 0xb4, 0xf4, 0xfb, 0xff, 0xff, 0xf9,
 0xed, 0xad, 0x3a, 0x9d, 0x00, 0x09, 0x39, 0xaa, 0xe9, 0xf8, 0xff, 0xff,
 0xfd, 0xf8, 0xb8, 0x3d, 0x8b, 0x00, 0x03, 0x30, 0x91, 0xd1, 0xf0, 0x81,
 0xff, 0x03, 0xd8, 0x89, 0x49, 0x18, 0x91, 0x00, 0x09, 0x19, 0x4a, 0x6d,
 0x81, 0x72, 0x42, 0x20, 0x0e, 0x04, 0x01, 0xc9, 0x00, 0x03, 0x25, 0x6e,
 0xad, 0xe4, 0x99, 0xff, 0x0d, 0xfe, 0xfd, 0xf7, 0xed, 0xe4, 0xdc, 0xd2,
 0xc5, 0xb3, 0x9d, 0x79, 0x48, 0x24, 0x0c, 0x97, 0x00, 0x0d, 0x0e, 0x2b,
 0x68, 0xc7, 0xf9, 0xfd, 0xff, 0xff, 0xfb, 0xf4, 0xc7, 0x75, 0x39, 0x13,
 0x99, 0x00, 0x04, 0x28, 0x77, 0xb7, 0xe6, 0xfe, 0x80, 0xff, 0x05, 0xf6,
 0xe3, 0xa8, 0x43, 0x0c, 0x04, 0x8f, 0x00, 0x03, 0x1c, 0x54, 0x94, 0xdb,
 0x81, 0xff, 0x03, 0xe7, 0xb6, 0x77, 0x28, 0x91, 0x00, 0x03, 0x1c, 0x55,
 0x95, 0xdc, 0x81, 0xff, 0x03, 0xe7, 0xb6, 0x76, 0x27, 0x8f, 0x00, 0x03,
 0x3c, 0xb3, 0xf3, 0xfb, 0x83, 0xff, 0x05, 0xfc, 0xf6, 0xc7, 0x6f, 0x32,
 0x11, 0x95, 0x00, 0x03, 0x33, 0x99, 0xd9, 0xf2, 0x81, 0xff, 0x03, 0xe0,
 0xa3, 0x63, 0x21, 0x8d, 0x00, 0x05, 0x03, 0x08, 0x39, 0x95, 0xd2, 0xf0,
 0x81, 0xff, 0x05, 0xef, 0xd0, 0x94, 0x3c, 0x0c, 0x04, 0x9b, 0x00, 0x05,
 0x1d, 0x56, 0x94, 0xd7, 0xfa, 0xfd, 0x85, 0xff, 0x03, 0xd0, 0x71, 0x31,
 0x10, 0x8d, 0x00, 0x03, 0x2d, 0x87, 0xc7, 0xec, 0x96, 0xff, 0x10, 0xfe,
 0xfc, 0xf9, 0xf5, 0xf1, 0xed, 0xe9, 0xe5, 0xe0, 0xd8, 0xcb, 0xb0, 0x85,
 0x57, 0x27, 0x0b, 0x04, 0x95, 0x00, 0x03, 0x05, 0x0e, 0x4e, 0xc4, 0x81,
 0xff, 0x03, 0xf4, 0xde, 0x9e, 0x35, 0x8f, 0x00, 0x09, 0x3c, 0xb4, 0xf4,
 0xfb, 0xff, 0xff, 0xf9, 0xed, 0xad, 0x3a, 0x9d, 0x00, 0x09, 0x39, 0xaa,
 0xe9, 0xf8, 0xff, 0xff, 0xfd, 0xf8, 0xb8, 0x3d, 0x8b, 0x00, 0x03, 0x33,
 0x98, 0xd7, 0xf2, 0x81, 0xff, 0x03, 0xd0, 0x73, 0x33, 0x11, 0x91, 0x00,
 0x05, 0x0c, 0x25, 0x38, 0x45, 0x38, 0x13, 0xcd, 0x00, 0x03, 0x25, 0x6e,
 0xad, 0xe4, 0x99, 0xff, 0x0d, 0xfd, 0xf8, 0xe7, 0xca, 0xaf, 0x97, 0x7b,
 0x5c, 0x45, 0x37, 0x28, 0x18, 0x0c, 0x04, 0x97, 0x00, 0x0d, 0x1c, 0x53,
 0x92, 0xd9, 0xfd, 0xfe, 0xff, 0xff, 0xf4, 0xde, 0xa5, 0x48, 0x13, 0x06,
 0x99, 0x00, 0x0d, 0x17, 0x45, 0x83, 0xd2, 0xfb, 0xfe, 0xff, 0xff, 0xfc,
 0xf5, 0xc2, 0x62, 0x25, 0x0c, 0x8f, 0x00, 0x03, 0x1c, 0x54, 0x94, 0xdb,
 0x81, 0xff, 0x03, 0xe7, 0xb6, 0x77, 0x28, 0x91, 0x00, 0x03, 0x1c, 0x55,
 0x95, 0xdc, 0x81, 0xff, 0x03, 0xe7, 0xb6, 0x76, 0x27, 0x8f, 0x00, 0x03,
 0x3b, 0xb2, 0xf2, 0xfb, 0x83, 0xff, 0x05, 0xf6, 0xe3, 0xa9, 0x47, 0x11,
 0x06, 0x95, 0x00, 0x03, 0x2c, 0x83, 0xc2, 0xeb, 0x81, 0xff, 0x03, 0xe7,
 0xb7, 0x78, 0x28, 0x8d, 0x00, 0x05, 0x08, 0x17, 0x51, 0xb5, 0xed, 0xf9,
 0x80, 0xff, 0x06, 0xfe, 0xde, 0x9f, 0x60, 0x24, 0x04, 0x01, 0x9b, 0x00,
 0x05, 0x0d, 0x26, 0x61, 0xbd, 0xf0, 0xfa, 0x85, 0xff, 0x03, 0xd0, 0x71,
 0x31, 0x10, 0x8d, 0x00, 0x03, 0x2d, 0x87, 0xc7, 0xec, 0x95, 0xff, 0x11,
 0xfe, 0xfd, 0xf7, 0xed, 0xe2, 0xd6, 0xca, 0xbd, 0xb0, 0xa2, 0x8d, 0x72,
 0x54, 0x35, 0x1d, 0x0d, 0x04, 0x01, 0x95, 0x00, 0x03, 0x05, 0x0e, 0x4e,
 0xc4, 0x81, 0xff, 0x03, 0xf4, 0xde, 0x9e, 0x35, 0x8f, 0x00, 0x09, 0x3c,
 0xb4, 0xf4, 0xfb, 0xff, 0xff, 0xf9, 0xed, 0xad, 0x3a, 0x9d, 0x00, 0x09,
 0x39, 0xaa, 0xe9, 0xf8, 0xff, 0xff, 0xfd, 0xf8, 0xb8, 0x3d, 0x8b, 0x00,
 0x03, 0x35, 0x9e, 0xdd, 0xf4, 0x81, 0xff, 0x03, 0xca, 0x5f, 0x1f, 0x0a,
 0x91, 0x00, 0x05, 0x04, 0x0c, 0x13, 0x17, 0x13, 0x06, 0xcd, 0x00, 0x03,
 0x25, 0x6e, 0xad, 0xe4, 0x81, 0xff, 0x03, 0xfc, 0xf6, 0xe8, 0xd2, 0x89,
 0xc7, 0x03, 0xcd, 0xda, 0xe8, 0xf7, 0x81, 0xff, 0x09, 0xfd, 0xf8, 0xda,
 0xa5, 0x7b, 0x5b, 0x3c, 0x1d, 0x0b, 0x04, 0x9b, 0x00, 0x03, 0x27, 0x76,
 0xb6, 0xe7, 0x81, 0xff, 0x03, 0xea, 0xc0, 0x81, 0x2b, 0x9b, 0x00, 0x05,
 0x0b, 0x21, 0x59, 0xb4, 0xe9, 0xf8, 0x80, 0xff, 0x04, 0xfe, 0xd4, 0x7e,
 0x3e, 0x15, 0x8f, 0x00, 0x03, 0x1c, 0x54, 0x94, 0xdb, 0x81, 0xff, 0x03,
 0xe7, 0xb6, 0x77, 0x28, 0x91, 0x00, 0x03, 0x1c, 0x55, 0x95, 0xdc, 0x81,
 0xff, 0x03, 0xe7, 0xb6, 0x76, 0x27, 0x8f, 0x00, 0x03, 0x3b, 0xb0, 0xf0,
 0xfa, 0x83, 0xff, 0x03, 0xec, 0xc6, 0x87, 0x2d, 0x97, 0x00, 0x03, 0x23,
 0x69, 0xa9, 0xe2, 0x81, 0xff, 0x03, 0xec, 0xc5, 0x85, 0x2c, 0x8d, 0x00,
 0x0d, 0x11, 0x33, 0x71, 0xcc, 0xfb, 0xfe, 0xff, 0xff, 0xfb, 0xf4, 0xc6,
 0x71, 0x35, 0x12, 0x9d, 0x00, 0x05, 0x04, 0x0b, 0x3d, 0x9a, 0xd6, 0xf1,
 0x85, 0xff, 0x03, 0xd0, 0x71, 0x31, 0x10, 0x8d, 0x00, 0x03, 0x2d, 0x87,
 0xc7, 0xec, 0x81, 0xff, 0x03, 0xfa, 0xf0, 0xe2, 0xd0, 0x8d, 0xc7, 0x0d,
 0xc5, 0xc2, 0xba, 0xae, 0xa2, 0x97, 0x8a, 0x7e, 0x70, 0x62, 0x4e, 0x34,
 0x1d, 0x0a, 0x99, 0x00, 0x03, 0x05, 0x0e, 0x4e, 0xc4, 0x81, 0xff, 0x03,
 0xf4, 0xde, 0x9e, 0x35, 0x8f, 0x00, 0x09, 0x3c, 0xb4, 0xf4, 0xfb, 0xff,
 0xff, 0xf9, 0xed, 0xad, 0x3a, 0x9d, 0x00, 0x09, 0x39, 0xaa, 0xe9, 0xf8,
 0xff, 0xff, 0xfd, 0xf8, 0xb8, 0x3d, 0x8b, 0x00, 0x03, 0x35, 0x9e, 0xde,
 0xf4, 0x81, 0xff, 0x03, 0xca, 0x5f, 0x1f, 0x0a, 0xe7, 0x00, 0x03, 0x25,
 0x6e, 0xad, 0xe4, 0x81, 0xff, 0x03, 0xf6, 0xe4, 0xba, 0x77, 0x89, 0x56,
 0x03, 0x69, 0x8f, 0xb9, 0xe8, 0x81, 0xff, 0x09, 0xfe, 0xfb, 0xd0, 0x7e,
 0x46, 0x28, 0x14, 0x0a, 0x04, 0x01, 0x9b, 0x00, 0x03, 0x32, 0x95, 0xd5,
 0xf1, 0x81, 0xff, 0x03, 0xdd, 0x9a, 0x5a, 0x1e, 0x9b, 0x00, 0x05, 0x04,
 0x0b, 0x38, 0x8b, 0xc8, 0xed, 0x81, 0xff, 0x03, 0xdd, 0x98, 0x58, 0x1d,
 0x8f, 0x00, 0x03, 0x1c, 0x54, 0x94, 0xdb, 0x81, 0xff, 0x03, 0xe7, 0xb6,
 0x77, 0x28, 0x91, 0x00, 0x03, 0x1c, 0x55, 0x95, 0xdc, 0x81, 0xff, 0x03,
 0xe7, 0xb6, 0x76, 0x27, 0x8f, 0x00, 0x03, 0x3a, 0xaf, 0xef, 0xfa, 0x83,
 0xff, 0x03, 0xdf, 0x9f, 0x5f, 0x20, 0x97, 0x00, 0x03, 0x1a, 0x4e, 0x8d,
 0xd9, 0x81, 0xff, 0x03, 0xee, 0xcb, 0x8b, 0x2e, 0x8d, 0x00, 0x04, 0x1e,
 0x5a, 0x9a, 0xdc, 0xfe, 0x80, 0xff, 0x05, 0xf5, 0xe0, 0xa6, 0x47, 0x12,
 0x06, 0x9d, 0x00, 0x05, 0x01, 0x04, 0x27, 0x6c, 0xab, 0xe3, 0x85, 0xff,
 0x03, 0xd0, 0x71, 0x31, 0x10, 0x8d, 0x00, 0x03, 0x2d, 0x87, 0xc7, 0xec,
 0x81, 0xff, 0x03, 0xf0, 0xd3, 0xa9, 0x72, 0x8d, 0x56, 0x0d, 0x53, 0x4d,
 0x45, 0x3c, 0x36, 0x32, 0x2e, 0x2a, 0x25, 0x21, 0x1a, 0x11, 0x0a, 0x03,
 0x99, 0x00, 0x03, 0x05, 0x0e, 0x4e, 0xc4, 0x81, 0xff, 0x03, 0xf4, 0xde,
 0x9e, 0x35, 0x8f, 0x00, 0x09, 0x3c, 0xb4, 0xf4, 0xfb, 0xff, 0xff, 0xf9,
 0xed, 0xad, 0x3a, 0x9d, 0x00, 0x09, 0x39, 0xaa, 0xe9, 0xf8, 0xff, 0xff,
 0xfd, 0xf8, 0xb8, 0x3d, 0x8b, 0x00, 0x03, 0x33, 0x99, 0xd9, 0xf2, 0x81,
 0xff, 0x03, 0xd0, 0x72, 0x32, 0x11, 0xe7, 0x00, 0x03, 0x25, 0x6e, 0xad,
 0xe4, 0x81, 0xff, 0x03, 0xf3, 0xdb, 0xa1, 0x45, 0x89, 0x17, 0x0d, 0x2a,
 0x52, 0x8a, 0xd4, 0xfa, 0xfd, 0xff, 0xff, 0xfe, 0xfd, 0xd3, 0x82, 0x43,
 0x16, 0x9d, 0x00, 0x0d, 0x03, 0x08, 0x41, 0xae, 0xeb, 0xf8, 0xff, 0xff,
 0xfd, 0xf8, 0xca, 0x73, 0x35, 0x12, 0x9d, 0x00, 0x03, 0x24, 0x6b, 0xab,
 0xe3, 0x81, 0xff, 0x03, 0xe3, 0xab, 0x6b, 0x24, 0x8f, 0x00, 0x03, 0x1c,
 0x54, 0x94, 0xdb, 0x81, 0xff, 0x03, 0xe7, 0xb6, 0x77, 0x28, 0x91, 0x00,
 0x03, 0x1c, 0x55, 0x95, 0xdc, 0x81, 0xff, 0x03, 0xe7, 0xb6, 0x76, 0x27,
 0x8f, 0x00, 0x03, 0x3a, 0xae, 0xee, 0xf9, 0x81, 0xff, 0x05, 0xfd, 0xf8,
 0xcb, 0x76, 0x38, 0x13, 0x97, 0x00, 0x03, 0x12, 0x36, 0x76, 0xd1, 0x81,
 0xff, 0x03, 0xf0, 0xd1, 0x91, 0x30, 0x8d, 0x00, 0x03, 0x28, 0x79, 0xb9,
 0xe8, 0x81, 0xff, 0x03, 0xec, 0xc6, 0x86, 0x2d, 0xa1, 0x00, 0x05, 0x16,
 0x41, 0x7e, 0xcc, 0xf6, 0xfc, 0x83, 0xff, 0x03, 0xd0, 0x71, 0x31, 0x10,
 0x8d, 0x00, 0x03, 0x2d, 0x87, 0xc7, 0xec, 0x81, 0xff, 0x03, 0xeb, 0xc4,
 0x8a, 0x3d, 0x8d, 0x17, 0x03, 0x14, 0x0e, 0x08, 0x03, 0xa3, 0x00, 0x03,
 0x05, 0x0e, 0x4e, 0xc4, 0x81, 0xff, 0x03, 0xf4, 0xde, 0x9e, 0x35, 0x8f,
 0x00, 0x09, 0x3c, 0xb4, 0xf4, 0xfb, 0xff, 0xff, 0xf9, 0xed, 0xad, 0x3a,
 0x9d, 0x00, 0x09, 0x39, 0xaa, 0xe9, 0xf8, 0xff, 0xff, 0xfd, 0xf8, 0xb8,
 0x3d, 0x8b, 0x00, 0x03, 0x31, 0x93, 0xd3, 0xf0, 0x81, 0xff, 0x03, 0xd8,
 0x89, 0x4a, 0x19, 0xe7, 0x00, 0x03, 0x25, 0x6e, 0xad, 0xe4, 0x81, 0xff,
 0x03, 0xf3, 0xda, 0x9c, 0x39, 0x89, 0x08, 0x05, 0x10, 0x22, 0x5b, 0xbb,
 0xf0, 0xfa, 0x80, 0xff, 0x04, 0xfe, 0xe4, 0xb0, 0x70, 0x25, 0x9d, 0x00,
 0x0d, 0x08, 0x19, 0x56, 0xc1, 0xf8, 0xfd, 0xff, 0xff, 0xf8, 0xea, 0xb0,
 0x4a, 0x12, 0x06, 0x9d, 0x00, 0x03, 0x1c, 0x53, 0x92, 0xdb, 0x81, 0xff,
 0x03, 0xe7, 0xb8, 0x78, 0x28, 0x8f, 0x00, 0x03, 0x1c, 0x54, 0x94, 0xdb,
 0x81, 0xff, 0x03, 0xe7, 0xb6, 0x77, 0x28, 0x91, 0x00, 0x03, 0x1c, 0x55,
 0x95, 0xdc, 0x81, 0xff, 0x03, 0xe7, 0xb6, 0x76, 0x27, 0x8f, 0x00, 0x03,
 0x3a, 0xad, 0xed, 0xf9, 0x81, 0xff, 0x05, 0xf8, 0xea, 0xb1, 0x4c, 0x13,
 0x06, 0x97, 0x00, 0x03, 0x0b, 0x22, 0x62, 0xcb, 0x81, 0xff, 0x03, 0xf2,
 0xd7, 0x97, 0x32, 0x8d, 0x00, 0x03, 0x2f, 0x8e, 0xce, 0xef, 0x81, 0xff,
 0x03, 0xe1, 0xa5, 0x66, 0x22, 0xa1, 0x00, 0x05, 0x08, 0x19, 0x50, 0xac,
 0xe3, 0xf6, 0x83, 0xff, 0x03, 0xd0, 0x71, 0x31, 0x10, 0x8d, 0x00, 0x03,
 0x2d, 0x87, 0xc7, 0xec, 0x81, 0xff, 0x03, 0xeb, 0xc2, 0x84, 0x31, 0x8d,
 0x08, 0x03, 0x07, 0x05, 0x03, 0x01, 0xa3, 0x00, 0x03, 0x05, 0x0e, 0x4e,
 0xc4, 0x81, 0xff, 0x03, 0xf4, 0xde, 0x9e, 0x35, 0x8f, 0x00, 0x09, 0x3c,
 0xb4, 0xf4, 0xfb, 0xff, 0xff, 0xf9, 0xed, 0xad, 0x3a, 0x9d, 0x00, 0x09,
 0x39, 0xaa, 0xe9, 0xf8, 0xff, 0xff, 0xfd, 0xf8, 0xb8, 0x3d, 0x8b, 0x00,
 0x03, 0x2e, 0x8b, 0xcb, 0xee, 0x81, 0xff, 0x03, 0xe1, 0xa4, 0x65, 0x22,
 0xe7, 0x00, 0x03, 0x25, 0x6e, 0xad, 0xe4, 0x81, 0xff, 0x03, 0xf3, 0xda,
 0x9a, 0x33, 0x89, 0x00, 0x05, 0x03, 0x08, 0x3b, 0x9b, 0xd8, 0xf2, 0x81,
 0xff, 0x05, 0xf1, 0xd4, 0x98, 0x3d, 0x0c, 0x04, 0x9b, 0x00, 0x03, 0x0f,
 0x2e, 0x6e, 0xcf, 0x81, 0xff, 0x03, 0xf0, 0xd2, 0x93, 0x31, 0x9f, 0x00,
 0x03, 0x14, 0x3b, 0x7b, 0xd3, 0x81, 0xff, 0x03, 0xeb, 0xc3, 0x83, 0x2c,
 0x8f, 0x00, 0x03, 0x1c, 0x54, 0x94, 0xdb, 0x81, 0xff, 0x03, 0xe7, 0xb6,
 0x77, 0x28, 0x91, 0x00, 0x03, 0x1c, 0x55, 0x95, 0xdc, 0x81, 0xff, 0x03,
 0xe7, 0xb6, 0x76, 0x27, 0x8f, 0x00, 0x03, 0x3a, 0xad, 0xed, 0xf9, 0x81,
 0xff, 0x03, 0xf3, 0xdc, 0x9c, 0x34, 0x99, 0x00, 0x04, 0x06, 0x13, 0x53,
 0xc5, 0xfe, 0x80, 0xff, 0x03, 0xf4, 0xdd, 0x9d, 0x34, 0x8b, 0x00, 0x0d,
 0x01, 0x03, 0x38, 0xa1, 0xe0, 0xf5, 0xff, 0xff, 0xfe, 0xfd, 0xd3, 0x82,
 0x43, 0x16, 0xa1, 0x00, 0x05, 0x01, 0x04, 0x30, 0x86, 0xc5, 0xec, 0x83,
 0xff, 0x03, 0xd0, 0x71, 0x31, 0x10, 0x8d, 0x00, 0x03, 0x2d, 0x87, 0xc7,
 0xec, 0x81, 0xff, 0x03, 0xeb, 0xc2, 0x82, 0x2b, 0xb7, 0x00, 0x03, 0x05,
 0x0e, 0x4e, 0xc4, 0x81, 0xff, 0x03, 0xf4, 0xde, 0x9e, 0x35, 0x8f, 0x00,
 0x09, 0x3c, 0xb4, 0xf4, 0xfb, 0xff, 0xff, 0xf9, 0xed, 0xad, 0x3a, 0x9d,
 0x00, 0x09, 0x39, 0xaa, 0xe9, 0xf8, 0xff, 0xff, 0xfd, 0xf8, 0xb8, 0x3d,
 0x8b, 0x00, 0x03, 0x2b, 0x81, 0xc1, 0xea, 0x81, 0xff, 0x05, 0xeb, 0xc4,
 0x89, 0x3b, 0x0f, 0x05, 0xe5, 0x00, 0x03, 0x25, 0x6e, 0xad, 0xe4, 0x81,
 0xff, 0x03, 0xf3, 0xda, 0x9a, 0x33, 0x89, 0x00, 0x05, 0x01, 0x03, 0x29,
 0x74, 0xb3, 0xe6, 0x81, 0xff, 0x05, 0xfa, 0xef, 0xbb, 0x5d, 0x23, 0x0c,
 0x9b, 0x00, 0x03, 0x18, 0x48, 0x88, 0xd7, 0x81, 0xff, 0x03, 0xe5, 0xb2,
 0x72, 0x26, 0x9f, 0x00, 0x03, 0x0c, 0x25, 0x65, 0xcc, 0x81, 0xff, 0x03,
 0xef, 0xce, 0x8e, 0x2f, 0x8f, 0x00, 0x03, 0x1c, 0x54, 0x94, 0xdb, 0x81,
 0xff, 0x03, 0xe7, 0xb6, 0x77, 0x28, 0x91, 0x00, 0x03, 0x1c, 0x55, 0x95,
 0xdc, 0x81, 0xff, 0x03, 0xe7, 0xb6, 0x76, 0x27, 0x8f, 0x00, 0x03, 0x3a,
 0xad, 0xed, 0xf9, 0x81, 0xff, 0x03, 0xee, 0xcd, 0x8e, 0x2f, 0x99, 0x00,
 0x0b, 0x03, 0x0a, 0x49, 0xc0, 0xfc, 0xfe, 0xff, 0xff, 0xf6, 0xe3, 0xa3,
 0x36, 0x8b, 0x00, 0x0d, 0x03, 0x08, 0x43, 0xb3, 0xf0, 0xfa, 0xff, 0xff,
 0xfd, 0xf9, 0xc3, 0x5b, 0x1d, 0x0a, 0xa2, 0x00, 0x04, 0x01, 0x1f, 0x5a,
 0x9a, 0xdd, 0x83, 0xff, 0x03, 0xd0, 0x71, 0x31, 0x10, 0x8d, 0x00, 0x03,
 0x2d, 0x87, 0xc7, 0xec, 0x81, 0xff, 0x03, 0xeb, 0xc2, 0x82, 0x2b, 0xb7,
 0x00, 0x03, 0x05, 0x0e, 0x4e, 0xc4, 0x81, 0xff, 0x03, 0xf4, 0xde, 0x9e,
 0x35, 0x8f, 0x00, 0x09, 0x3c, 0xb4, 0xf4, 0xfb, 0xff, 0xff, 0xf9, 0xed,
 0xad, 0x3a, 0x9d, 0x00, 0x09, 0x39, 0xaa, 0xe9, 0xf8, 0xff, 0xff, 0xfd,
 0xf8, 0xb8, 0x3d, 0x8b, 0x00, 0x03, 0x27, 0x76, 0xb6, 0xe7, 0x81, 0xff,
 0x05, 0xf7, 0xe8, 0xb8, 0x66, 0x2e, 0x0f, 0xe5, 0x00, 0x03, 0x25, 0x6e,
 0xad, 0xe4, 0x81, 0xff, 0x03, 0xf3, 0xda, 0x9a, 0x33, 0x8b, 0x00, 0x0d,
 0x19, 0x4c, 0x8a, 0xd4, 0xfa, 0xfd, 0xff, 0xff, 0xfe, 0xfd, 0xd5, 0x84,
 0x45, 0x17, 0x9b, 0x00, 0x03, 0x20, 0x5f, 0x9f, 0xdf, 0x81, 0xff, 0x03,
 0xdc, 0x96, 0x57, 0x1d, 0x9f, 0x00, 0x0b, 0x06, 0x13, 0x51, 0xc1, 0xfb,
 0xfe, 0xff, 0xff, 0xf2, 0xd9, 0x99, 0x33, 0x8f, 0x00, 0x03, 0x1c, 0x54,
 0x94, 0xdb, 0x81, 0xff, 0x03, 0xe7, 0xb6, 0x77, 0x28, 0x91, 0x00, 0x03,
 0x1c, 0x55, 0x95, 0xdc, 0x81, 0xff, 0x03, 0xe7, 0xb6, 0x76, 0x27, 0x8f,
 0x00, 0x03, 0x3a, 0xad, 0xed, 0xf9, 0x81, 0xff, 0x03, 0xea, 0xc1, 0x81,
 0x2b, 0x99, 0x00, 0x0b, 0x01, 0x04, 0x42, 0xba, 0xf9, 0xfd, 0xff, 0xff,
 0xf7, 0xe8, 0xa8, 0x38, 0x8b, 0x00, 0x0d, 0x08, 0x18, 0x56, 0xc2, 0xf9,
 0xfd, 0xff, 0xff, 0xfb, 0xf2, 0xb5, 0x43, 0x08, 0x03, 0xa3, 0x00, 0x05,
 0x12, 0x35, 0x74, 0xce, 0xfc, 0xfe, 0x81, 0xff, 0x03, 0xd0, 0x71, 0x31,
 0x10, 0x8d, 0x00, 0x03, 0x2d, 0x87, 0xc7, 0xec, 0x81, 0xff, 0x03, 0xeb,
 0xc2, 0x82, 0x2b, 0xb7, 0x00, 0x03, 0x05, 0x0e, 0x4e, 0xc4, 0x81, 0xff,
 0x03, 0xf4, 0xde, 0x9e, 0x35, 0x8f, 0x00, 0x09, 0x3c, 0xb4, 0xf4, 0xfb,
 0xff, 0xff, 0xf9, 0xed, 0xad, 0x3a, 0x9d, 0x00, 0x09, 0x39, 0xaa, 0xe9,
 0xf8, 0xff, 0xff, 0xfd, 0xf8, 0xb8, 0x3d, 0x8b, 0x00, 0x04, 0x20, 0x5f,
 0x9e, 0xde, 0xfe, 0x80, 0xff, 0x09, 0xfe, 0xfc, 0xdb, 0x9c, 0x68, 0x40,
 0x24, 0x14, 0x09, 0x03, 0xe1, 0x00, 0x03, 0x25, 0x6e, 0xad, 0xe4, 0x81,
 0xff, 0x03, 0xf3, 0xda, 0x9a, 0x33, 0x8b, 0x00, 0x05, 0x0b, 0x21, 0x5c,
 0xbc, 0xf1, 0xfa, 0x80, 0xff, 0x04, 0xfe, 0xe5, 0xb2, 0x72, 0x26, 0x9b,
 0x00, 0x03, 0x26, 0x73, 0xb3, 0xe6, 0x81, 0xff, 0x03, 0xd4, 0x7f, 0x3f,
 0x15, 0x9f, 0x00, 0x0b, 0x02, 0x06, 0x42, 0xb4, 0xf2, 0xfb, 0xff, 0xff,
 0xf6, 0xe3, 0xa4, 0x37, 0x8f, 0x00, 0x03, 0x1c, 0x54, 0x94, 0xdb, 0x81,
 0xff, 0x03, 0xe7, 0xb6, 0x77, 0x28, 0x91, 0x00, 0x03, 0x1c, 0x55, 0x95,
 0xdc, 0x81, 0xff, 0x03, 0xe7, 0xb6, 0x76, 0x27, 0x8f, 0x00, 0x03, 0x3a,
 0xad, 0xed, 0xf9, 0x81, 0xff, 0x03, 0xe7, 0xb7, 0x78, 0x28, 0x9a, 0x00,
 0x0a, 0x01, 0x3d, 0xb4, 0xf3, 0xfb, 0xff, 0xff, 0xf9, 0xed, 0xae, 0x3a,
 0x8b, 0x00, 0x0d, 0x11, 0x32, 0x72, 0xce, 0xfd, 0xfe, 0xff, 0xff, 0xf7,
 0xe8, 0xa9, 0x3b, 0x03, 0x01, 0xa3, 0x00, 0x05, 0x08, 0x17, 0x54, 0xbf,
 0xf7, 0xfc, 0x81, 0xff, 0x03, 0xd0, 0x71, 0x31, 0x10, 0x8d, 0x00, 0x03,
 0x2d, 0x87, 0xc7, 0xec, 0x81, 0xff, 0x03, 0xeb, 0xc2, 0x82, 0x2b, 0xb7,
 0x00, 0x03, 0x05, 0x0e, 0x4e, 0xc4, 0x81, 0xff, 0x03, 0xf4, 0xde, 0x9e,
 0x35, 0x8f, 0x00, 0x09, 0x3c, 0xb4, 0xf4, 0xfb, 0xff, 0xff, 0xf9, 0xed,
 0xad, 0x3a, 0x9d, 0x00, 0x09, 0x39, 0xaa, 0xe9, 0xf8, 0xff, 0xff, 0xfd,
 0xf8, 0xb8, 0x3d, 0x8b, 0x00, 0x05, 0x14, 0x3b, 0x7a, 0xd1, 0xfd, 0xfe,
 0x80, 0xff, 0x08, 0xfe, 0xf3, 0xdd, 0xbe, 0x97, 0x6c, 0x3b, 0x1a, 0x09,
 0xe1, 0x00, 0x03, 0x25, 0x6e, 0xad, 0xe4, 0x81, 0xff, 0x03, 0xf3, 0xda,
 0x9a, 0x33, 0x8b, 0x00, 0x05, 0x03, 0x09, 0x3c, 0x9d, 0xda, 0xf3, 0x81,
 0xff, 0x05, 0xf1, 0xd5, 0x9a, 0x3e, 0x0c, 0x04, 0x99, 0x00, 0x0b, 0x2c,
 0x83, 0xc3, 0xeb, 0xff, 0xff, 0xfe, 0xfd, 0xcb, 0x67, 0x28, 0x0d, 0xa1,
 0x00, 0x0b, 0x38, 0xa7, 0xe7, 0xf7, 0xff, 0xff, 0xf9, 0xed, 0xae, 0x3c,
 0x02, 0x01, 0x8d, 0x00, 0x03, 0x1c, 0x54, 0x94, 0xdb, 0x81, 0xff, 0x03,
 0xe7, 0xb6, 0x77, 0x28, 0x91, 0x00, 0x03, 0x1c, 0x55, 0x95, 0xdc, 0x81,
 0xff, 0x03, 0xe7, 0xb6, 0x76, 0x27, 0x8f, 0x00, 0x03, 0x3a, 0xad, 0xed,
 0xf9, 0x81, 0xff, 0x03, 0xe4, 0xad, 0x6d, 0x24, 0x9b, 0x00, 0x09, 0x3a,
 0xaf, 0xee, 0xf9, 0xff, 0xff, 0xfb, 0xf3, 0xb3, 0x3c, 0x8b, 0x00, 0x03,
 0x18, 0x48, 0x88, 0xd7, 0x81, 0xff, 0x03, 0xf4, 0xdd, 0x9e, 0x35, 0xa5,
 0x00, 0x05, 0x02, 0x06, 0x3f, 0xae, 0xec, 0xf9, 0x81, 0xff, 0x03, 0xd0,
 0x71, 0x31, 0x10, 0x8d, 0x00, 0x03, 0x2d, 0x87, 0xc7, 0xec, 0x81, 0xff,
 0x03, 0xeb, 0xc2, 0x82, 0x2b, 0xb7, 0x00, 0x03, 0x05, 0x0e, 0x4e, 0xc4,
 0x81, 0xff, 0x03, 0xf4, 0xde, 0x9e, 0x35, 0x8f, 0x00, 0x09, 0x3c, 0xb4,
 0xf4, 0xfb, 0xff, 0xff, 0xf9, 0xed, 0xad, 0x3a, 0x9d, 0x00, 0x09, 0x39,
 0xaa, 0xe9, 0xf8, 0xff, 0xff, 0xfd, 0xf8, 0xb8, 0x3d, 0x8b, 0x00, 0x05,
 0x0a, 0x1e, 0x59, 0xba, 0xef, 0xfa, 0x81, 0xff, 0x0d, 0xfe, 0xfd, 0xef,
 0xd2, 0xab, 0x79, 0x52, 0x36, 0x24, 0x1b, 0x12, 0x08, 0x03, 0x01, 0xdb,
 0x00, 0x03, 0x25, 0x6e, 0xad, 0xe4, 0x81, 0xff, 0x03, 0xf3, 0xda, 0x9a,
 0x33, 0x8b, 0x00, 0x05, 0x01, 0x03, 0x2a, 0x76, 0xb5, 0xe6, 0x81, 0xff,
 0x05, 0xfa, 0xf0, 0xbc, 0x5f, 0x25, 0x0c, 0x99, 0x00, 0x0b, 0x30, 0x90,
 0xd0, 0xef, 0xff, 0xff, 0xfd, 0xf9, 0xbf, 0x4f, 0x11, 0x06, 0xa1, 0x00,
 0x0b, 0x34, 0x9b, 0xda, 0xf3, 0xff, 0xff, 0xfc, 0xf7, 0xb9, 0x43, 0x06,
 0x02, 0x8d, 0x00, 0x03, 0x1c, 0x54, 0x94, 0xdb, 0x81, 0xff, 0x03, 0xe7,
 0xb6, 0x77, 0x28, 0x91, 0x00, 0x03, 0x1c, 0x55, 0x95, 0xdc, 0x81, 0xff,
 0x03, 0xe7, 0xb6, 0x76, 0x27, 0x8f, 0x00, 0x03, 0x3a, 0xad, 0xed, 0xf9,
 0x81, 0xff, 0x03, 0xe0, 0xa2, 0x62, 0x21, 0x9b, 0x00, 0x09, 0x39, 0xaa,
 0xe9, 0xf8, 0xff, 0xff, 0xfd, 0xf8, 0xb9, 0x3e, 0x8b, 0x00, 0x03, 0x1e,
 0x5a, 0x99, 0xdd, 0x81, 0xff, 0x03, 0xf0, 0xd3, 0x94, 0x31, 0xa5, 0x00,
 0x05, 0x01, 0x02, 0x35, 0x9a, 0xda, 0xf3, 0x81, 0xff, 0x03, 0xd0, 0x71,
 0x31, 0x10, 0x8d, 0x00, 0x03, 0x2d, 0x87, 0xc7, 0xec, 0x81, 0xff, 0x03,
 0xeb, 0xc2, 0x82, 0x2b, 0xb7, 0x00, 0x03, 0x05, 0x0e, 0x4e, 0xc4, 0x81,
 0xff, 0x03, 0xf4, 0xde, 0x9e, 0x35, 0x8f, 0x00, 0x09, 0x3c, 0xb4, 0xf4,
 0xfb, 0xff, 0xff, 0xf9, 0xed, 0xad, 0x3a, 0x9d, 0x00, 0x09, 0x39, 0xaa,
 0xe9, 0xf8, 0xff, 0xff, 0xfd, 0xf8, 0xb8, 0x3d, 0x8b, 0x00, 0x05, 0x03,
 0x0a, 0x3c, 0x9a, 0xd6, 0xf1, 0x82, 0xff, 0x0c, 0xfe, 0xfa, 0xf0, 0xe1,
 0xcd, 0xb1, 0x8c, 0x6c, 0x52, 0x36, 0x19, 0x08, 0x03, 0xdb, 0x00, 0x03,
 0x25, 0x6e, 0xad, 0xe4, 0x81, 0xff, 0x03, 0xf3, 0xda, 0x9a, 0x33, 0x8d,
 0x00, 0x0d, 0x1a, 0x4d, 0x8c, 0xd5, 0xfb, 0xfe, 0xff, 0xff, 0xfe, 0xfd,
 0xd5, 0x86, 0x47, 0x18, 0x99, 0x00, 0x0b, 0x33, 0x99, 0xd8, 0xf2, 0xff,
 0xff, 0xfd, 0xf9, 0xcb, 0x72, 0x44, 0x41, 0xa1, 0x40, 0x0b, 0x65, 0xaf,
 0xdf, 0xf4, 0xff, 0xff, 0xfe, 0xfc, 0xc2, 0x50, 0x12, 0x06, 0x8d, 0x00,
 0x03, 0x1c, 0x54, 0x94, 0xdb, 0x81, 0xff, 0x03, 0xe7, 0xb6, 0x77, 0x28,
 0x91, 0x00, 0x03, 0x1c, 0x55, 0x95, 0xdc, 0x81, 0xff, 0x03, 0xe7, 0xb6,
 0x76, 0x27, 0x8f, 0x00, 0x03, 0x3a, 0xad, 0xed, 0xf9, 0x81, 0xff, 0x03,
 0xdc, 0x97, 0x57, 0x1d, 0x9b, 0x00, 0x09, 0x37, 0xa6, 0xe6, 0xf7, 0xff,
 0xff, 0xfe, 0xfc, 0xbc, 0x3f, 0x8b, 0x00, 0x03, 0x22, 0x65, 0xa5, 0xe1,
 0x81, 0xff, 0x03, 0xed, 0xc9, 0x89, 0x2e, 0xa7, 0x00, 0x03, 0x2e, 0x89,
 0xc9, 0xed, 0x81, 0xff, 0x03, 0xd0, 0x71, 0x31, 0x10, 0x8d, 0x00, 0x03,
 0x2d, 0x87, 0xc7, 0xec, 0x81, 0xff, 0x03, 0xeb, 0xc2, 0x82, 0x2b, 0xb7,
 0x00, 0x03, 0x05, 0x0e, 0x4e, 0xc4, 0x81, 0xff, 0x03, 0xf4, 0xde, 0x9e,
 0x35, 0x8f, 0x00, 0x09, 0x3c, 0xb4, 0xf4, 0xfb, 0xff, 0xff, 0xf9, 0xed,
 0xad, 0x3a, 0x9d, 0x00, 0x09, 0x39, 0xaa, 0xe9, 0xf8, 0xff, 0xff, 0xfd,
 0xf8, 0xb8, 0x3d, 0x8d, 0x00, 0x05, 0x24, 0x6c, 0xa8, 0xd8, 0xf4, 0xfb,
 0x83, 0xff, 0x0f, 0xfd, 0xf9, 0xe8, 0xc9, 0xac, 0x92, 0x75, 0x57, 0x42,
 0x37, 0x2e, 0x27, 0x1e, 0x13, 0x0a, 0x03, 0xd5, 0x00, 0x03, 0x25, 0x6e,
 0xad, 0xe4, 0x81, 0xff, 0x03, 0xf3, 0xda, 0x9a, 0x33, 0x8d, 0x00, 0x05,
 0x0b, 0x22, 0x5d, 0xbd, 0xf2, 0xfb, 0x80, 0xff, 0x04, 0xfe, 0xe5, 0xb3,
 0x74, 0x27, 0x99, 0x00, 0x0b, 0x35, 0x9e, 0xde, 0xf4, 0xff, 0xff, 0xfe,
 0xfd, 0xee, 0xd0, 0xc1, 0xc0, 0xa1, 0xbf, 0x03, 0xcc, 0xe4, 0xf4, 0xfb,
 0x80, 0xff, 0x04, 0xfe, 0xcb, 0x65, 0x26, 0x0d, 0x8d, 0x00, 0x03, 0x1c,
 0x54, 0x94, 0xdb, 0x81, 0xff, 0x03, 0xe7, 0xb6, 0x77, 0x28, 0x91, 0x00,
 0x03, 0x1c, 0x55, 0x95, 0xdc, 0x81, 0xff, 0x03, 0xe7, 0xb6, 0x76, 0x27,
 0x8f, 0x00, 0x03, 0x3a, 0xad, 0xed, 0xf9, 0x81, 0xff, 0x03, 0xd8, 0x8a,
 0x4a, 0x19, 0x9b, 0x00, 0x09, 0x37, 0xa4, 0xe4, 0xf6, 0xff, 0xff, 0xfe,
 0xfc, 0xbd, 0x3f, 0x8b, 0x00, 0x03, 0x24, 0x6c, 0xac, 0xe3, 0x81, 0xff,
 0x03, 0xe9, 0xbe, 0x7e, 0x2a, 0xa7, 0x00, 0x03, 0x29, 0x7a, 0xba, 0xe8,
 0x81, 0xff, 0x03, 0xd0, 0x71, 0x31, 0x10, 0x8d, 0x00, 0x03, 0x2d, 0x87,
 0xc7, 0xec, 0x81, 0xff, 0x03, 0xeb, 0xc2, 0x82, 0x2b, 0xb7, 0x00, 0x03,
 0x05, 0x0e, 0x4e, 0xc4, 0x81, 0xff, 0x03, 0xf4, 0xde, 0x9e, 0x35, 0x8f,
 0x00, 0x09, 0x3c, 0xb4, 0xf4, 0xfb, 0xff, 0xff, 0xf9, 0xed, 0xad, 0x3a,
 0x9d, 0x00, 0x09, 0x39, 0xaa, 0xe9, 0xf8, 0xff, 0xff, 0xfd, 0xf8, 0xb8,
 0x3d, 0x8d, 0x00, 0x05, 0x10, 0x30, 0x64, 0xad, 0xdd, 0xf4, 0x83, 0xff,
 0x0f, 0xfe, 0xfd, 0xf7, 0xed, 0xe3, 0xdb, 0xcf, 0xc1, 0xb1, 0x9f, 0x8b,
 0x76, 0x5a, 0x38, 0x1d, 0x0a, 0xd5, 0x00, 0x03, 0x25, 0x6e, 0xad, 0xe4,
 0x81, 0xff, 0x03, 0xf3, 0xda, 0x9a, 0x33, 0x8d, 0x00, 0x05, 0x03, 0x09,
 0x3d, 0x9e, 0xdb, 0xf3, 0x81, 0xff, 0x05, 0xf2, 0xd7, 0x9b, 0x3f, 0x0d,
 0x04, 0x97, 0x00, 0x03, 0x36, 0xa3, 0xe3, 0xf6, 0xb1, 0xff, 0x03, 0xd0,
 0x73, 0x33, 0x11, 0x8d, 0x00, 0x03, 0x1c, 0x54, 0x94, 0xdb, 0x81, 0xff,
 0x03, 0xe7, 0xb6, 0x77, 0x28, 0x91, 0x00, 0x03, 0x1c, 0x55, 0x95, 0xdc,
 0x81, 0xff, 0x03, 0xe7, 0xb6, 0x76, 0x27, 0x8f, 0x00, 0x03, 0x3a, 0xad,
 0xed, 0xf9, 0x81, 0xff, 0x03, 0xd3, 0x7c, 0x3c, 0x14, 0x9b, 0x00, 0x09,
 0x36, 0xa3, 0xe3, 0xf6, 0xff, 0xff, 0xfe, 0xfd, 0xbd, 0x3f, 0x8b, 0x00,
 0x03, 0x26, 0x72, 0xb2, 0xe5, 0x81, 0xff, 0x03, 0xe5, 0xb2, 0x73, 0x26,
 0xa7, 0x00, 0x03, 0x25, 0x6f, 0xae, 0xe4, 0x81, 0xff, 0x03, 0xd0, 0x71,
 0x31, 0x10, 0x8d, 0x00, 0x03, 0x2d, 0x87, 0xc7, 0xec, 0x81, 0xff, 0x03,
 0xeb, 0xc2, 0x82, 0x2b, 0xb7, 0x00, 0x03, 0x05, 0x0e, 0x4e, 0xc4, 0x81,
 0xff, 0x03, 0xf4, 0xde, 0x9e, 0x35, 0x8f, 0x00, 0x09, 0x3c, 0xb4, 0xf4,
 0xfb, 0xff, 0xff, 0xf9, 0xed, 0xad, 0x3a, 0x9d, 0x00, 0x09, 0x39, 0xaa,
 0xe9, 0xf8, 0xff, 0xff, 0xfd, 0xf8, 0xb8, 0x3d, 0x8d, 0x00, 0x07, 0x05,
 0x0e, 0x33, 0x74, 0xaa, 0xd5, 0xf0, 0xfa, 0x87, 0xff, 0x0f, 0xfd, 0xf9,
 0xee, 0xdd, 0xcb, 0xb6, 0x9a, 0x77, 0x5a, 0x40, 0x2f, 0x26, 0x1b, 0x0f,
 0x07, 0x02, 0xcf, 0x00, 0x03, 0x25, 0x6e, 0xad, 0xe4, 0x81, 0xff, 0x03,
 0xf3, 0xda, 0x9a, 0x33, 0x8d, 0x00, 0x05, 0x01, 0x03, 0x2b, 0x78, 0xb7,
 0xe7, 0x81, 0xff, 0x05, 0xfa, 0xf1, 0xbe, 0x61, 0x26, 0x0d, 0x97, 0x00,
 0x03, 0x38, 0xa7, 0xe7, 0xf7, 0xb1, 0xff, 0x03, 0xd3, 0x7a, 0x3a, 0x13,
 0x8d, 0x00, 0x03, 0x1c, 0x54, 0x94, 0xdb, 0x81, 0xff, 0x03, 0xe7, 0xb6,
 0x77, 0x28, 0x91, 0x00, 0x03, 0x1c, 0x55, 0x95, 0xdc, 0x81, 0xff, 0x03,
 0xe7, 0xb6, 0x76, 0x27, 0x8f, 0x00, 0x03, 0x3a, 0xad, 0xed, 0xf9, 0x81,
 0xff, 0x03, 0xce, 0x6c, 0x2d, 0x0f, 0x9b, 0x00, 0x09, 0x36, 0xa3, 0xe3,
 0xf6, 0xff, 0xff, 0xfe, 0xfd, 0xbd, 0x3f, 0x8b, 0x00, 0x03, 0x28, 0x78,
 0xb8, 0xe7, 0x81, 0xff, 0x03, 0xe1, 0xa6, 0x66, 0x22, 0xa7, 0x00, 0x03,
 0x22, 0x66, 0xa6, 0xe1, 0x81, 0xff, 0x03, 0xd0, 0x71, 0x31, 0x10, 0x8d,
 0x00, 0x03, 0x2d, 0x87, 0xc7, 0xec, 0x81, 0xff, 0x03, 0xeb, 0xc2, 0x82,
 0x2b, 0xb7, 0x00, 0x03, 0x05, 0x0e, 0x4e, 0xc4, 0x81, 0xff, 0x03, 0xf4,
 0xde, 0x9e, 0x35, 0x8f, 0x00, 0x09, 0x3c, 0xb4, 0xf4, 0xfb, 0xff, 0xff,
 0xf9, 0xed, 0xad, 0x3a, 0x9d, 0x00, 0x09, 0x39, 0xaa, 0xe9, 0xf8, 0xff,
 0xff, 0xfd, 0xf8, 0xb8, 0x3d, 0x8d, 0x00, 0x07, 0x02, 0x05, 0x13, 0x2c,
 0x5a, 0x9f, 0xd1, 0xf0, 0x87, 0xff, 0x0f, 0xfe, 0xfd, 0xf9, 0xf4, 0xee,
 0xe7, 0xdd, 0xd1, 0xbf, 0xa7, 0x8d, 0x71, 0x51, 0x2d, 0x14, 0x07, 0xcf,
 0x00, 0x03, 0x25, 0x6e, 0xad, 0xe4, 0x81, 0xff, 0x03, 0xf3, 0xda, 0x9a,
 0x33, 0x8f, 0x00, 0x05, 0x1b, 0x50, 0x8e, 0xd6, 0xfb, 0xfe, 0x80, 0xff,
 0x04, 0xfe, 0xd7, 0x89, 0x49, 0x18, 0x97, 0x00, 0x03, 0x39, 0xac, 0xec,
 0xf9, 0xb1, 0xff, 0x03, 0xd4, 0x7d, 0x3e, 0x15, 0x8d, 0x00, 0x03, 0x1c,
 0x54, 0x94, 0xdb, 0x81, 0xff, 0x03, 0xe7, 0xb6, 0x77, 0x28, 0x91, 0x00,
 0x03, 0x1c, 0x55, 0x95, 0xdc, 0x81, 0xff, 0x03, 0xe7, 0xb6, 0x76, 0x27,
 0x8f, 0x00, 0x03, 0x3a, 0xad, 0xed, 0xf9, 0x80, 0xff, 0x04, 0xfe, 0xc8,
 0x5c, 0x1d, 0x0a, 0x9b, 0x00, 0x09, 0x36, 0xa3, 0xe3, 0xf6, 0xff, 0xff,
 0xfe, 0xfd, 0xbd, 0x3f, 0x8b, 0x00, 0x03, 0x2a, 0x7e, 0xbe, 0xe9, 0x81,
 0xff, 0x03, 0xdd, 0x99, 0x59, 0x1e, 0xa7, 0x00, 0x03, 0x1f, 0x5e, 0x9e,
 0xdf, 0x81, 0xff, 0x03, 0xd0, 0x71, 0x31, 0x10, 0x8d, 0x00, 0x03, 0x2d,
 0x87, 0xc7, 0xec, 0x81, 0xff, 0x03, 0xeb, 0xc2, 0x82, 0x2b, 0xb7, 0x00,
 0x03, 0x05, 0x0e, 0x4e, 0xc4, 0x81, 0xff, 0x03, 0xf4, 0xde, 0x9e, 0x35,
 0x8f, 0x00, 0x09, 0x3c, 0xb4, 0xf4, 0xfb, 0xff, 0xff, 0xf9, 0xed, 0xad,
 0x3a, 0x9d, 0x00, 0x09, 0x39, 0xaa, 0xe9, 0xf8, 0xff, 0xff, 0xfd, 0xf8,
 0xb8, 0x3d, 0x8f, 0x00, 0x09, 0x02, 0x06, 0x26, 0x63, 0x9a, 0xcb, 0xe9,
 0xf5, 0xfb, 0xfe, 0x8a, 0xff, 0x0b, 0xfe, 0xf5, 0xe3, 0xcc, 0xb1, 0x90,
 0x6b, 0x4b, 0x2f, 0x19, 0x0a, 0x01, 0xcc, 0x00, 0x03, 0x25, 0x6e, 0xad,
 0xe4, 0x81, 0xff, 0x03, 0xf3, 0xda, 0x9a, 0x33, 0x8f, 0x00, 0x05, 0x0c,
 0x24, 0x60, 0xbf, 0xf3, 0xfb, 0x81, 0xff, 0x03, 0xe6, 0xb5, 0x75, 0x27,
 0x97, 0x00, 0x03, 0x3b, 0xb1, 0xf1, 0xfa, 0xb1, 0xff, 0x03, 0xd4, 0x7d,
 0x3e, 0x15, 0x8d, 0x00, 0x03, 0x1c, 0x54, 0x94, 0xdb, 0x81, 0xff, 0x03,
 0xe7, 0xb6, 0x77, 0x28, 0x91, 0x00, 0x03, 0x1c, 0x55, 0x95, 0xdc, 0x81,
 0xff, 0x03, 0xe7, 0xb6, 0x76, 0x27, 0x8f, 0x00, 0x0b, 0x3a, 0xad, 0xed,
 0xf9, 0xff, 0xff, 0xfe, 0xfc, 0xc0, 0x4c, 0x0d, 0x04, 0x9b, 0x00, 0x09,
 0x36, 0xa3, 0xe3, 0xf6, 0xff, 0xff, 0xfe, 0xfd, 0xbd, 0x3f, 0x8b, 0x00,
 0x03, 0x2c, 0x84, 0xc4, 0xeb, 0x81, 0xff, 0x03, 0xd9, 0x8c, 0x4c, 0x19,
 0xa7, 0x00, 0x03, 0x1d, 0x56, 0x96, 0xdc, 0x81, 0xff, 0x03, 0xd0, 0x71,
 0x31, 0x10, 0x8d, 0x00, 0x03, 0x2d, 0x87, 0xc7, 0xec, 0x81, 0xff, 0x03,
 0xeb, 0xc2, 0x82, 0x2b, 0xb7, 0x00, 0x03, 0x05, 0x0e, 0x4e, 0xc4, 0x81,
 0xff, 0x03, 0xf4, 0xde, 0x9e, 0x35, 0x8f, 0x00, 0x09, 0x3c, 0xb4, 0xf4,
 0xfb, 0xff, 0xff, 0xf9, 0xed, 0xad, 0x3a, 0x9d, 0x00, 0x09, 0x39, 0xaa,
 0xe9, 0xf8, 0xff, 0xff, 0xfd, 0xf8, 0xb8, 0x3d, 0x8f, 0x00, 0x09, 0x01,
 0x02, 0x0d, 0x21, 0x4b, 0x8c, 0xbd, 0xe0, 0xf4, 0xfb, 0x8b, 0xff, 0x0b,
 0xfc, 0xf6, 0xee, 0xe5, 0xd9, 0xca, 0xab, 0x7b, 0x4c, 0x1d, 0x04, 0x01,
 0xcb, 0x00, 0x03, 0x25, 0x6e, 0xad, 0xe4, 0x81, 0xff, 0x03, 0xf3, 0xda,
 0x9a, 0x33, 0x8f, 0x00, 0x05, 0x04, 0x0b, 0x3f, 0xa1, 0xdd, 0xf4, 0x81,
 0xff, 0x05, 0xf2, 0xd8, 0x9c, 0x40, 0x0d, 0x04, 0x95, 0x00, 0x03, 0x3c,
 0xb3, 0xf2, 0xfb, 0xb1, 0xff, 0x03, 0xd4, 0x7d, 0x3e, 0x15, 0x8d, 0x00,
 0x03, 0x1c, 0x54, 0x94, 0xdb, 0x81, 0xff, 0x03, 0xe7, 0xb6, 0x77, 0x28,
 0x91, 0x00, 0x03, 0x1c, 0x55, 0x95, 0xdc, 0x81, 0xff, 0x03, 0xe7, 0xb6,
 0x76, 0x27, 0x8f, 0x00, 0x0b, 0x3a, 0xad, 0xed, 0xf9, 0xff, 0xff, 0xfd,
 0xf9, 0xba, 0x42, 0x04, 0x01, 0x9b, 0x00, 0x09, 0x36, 0xa3, 0xe3, 0xf6,
 0xff, 0xff, 0xfe, 0xfd, 0xbd, 0x3f, 0x8b, 0x00, 0x03, 0x2d, 0x86, 0xc6,
 0xec, 0x81, 0xff, 0x03, 0xd7, 0x86, 0x47, 0x18, 0xa7, 0x00, 0x03, 0x1c,
 0x53, 0x93, 0xdb, 0x81, 0xff, 0x03, 0xd0, 0x71, 0x31, 0x10, 0x8d, 0x00,
 0x03, 0x2d, 0x87, 0xc7, 0xec, 0x81, 0xff, 0x03, 0xeb, 0xc2, 0x82, 0x2b,
 0xb7, 0x00, 0x03, 0x05, 0x0e, 0x4e, 0xc4, 0x81, 0xff, 0x03, 0xf4, 0xde,
 0x9e, 0x35, 0x8f, 0x00, 0x09, 0x3c, 0xb4, 0xf4, 0xfb, 0xff, 0xff, 0xf9,
 0xed, 0xad, 0x3a, 0x9d, 0x00, 0x09, 0x39, 0xac, 0xec, 0xf9, 0xff, 0xff,
 0xfd, 0xf8, 0xb8, 0x3d, 0x93, 0x00, 0x0a, 0x1b, 0x51, 0x7e, 0xa2, 0xbe,
 0xd0, 0xdf, 0xe9, 0xf2, 0xf9, 0xfe, 0x8a, 0xff, 0x08, 0xfe, 0xfb, 0xe4,
 0xb9, 0x87, 0x4e, 0x26, 0x0e, 0x01, 0xca, 0x00, 0x03, 0x25, 0x6e, 0xad,
 0xe4, 0x81, 0xff, 0x03, 0xf3, 0xda, 0x9a, 0x33, 0x8f, 0x00, 0x05, 0x01,
 0x04, 0x2c, 0x7b, 0xb9, 0xe8, 0x81, 0xff, 0x05, 0xfa, 0xf1, 0xbe, 0x62,
 0x27, 0x0d, 0x95, 0x00, 0x03, 0x3b, 0xb2, 0xf1, 0xfa, 0xb1, 0xff, 0x03,
 0xd4, 0x7d, 0x3e, 0x15, 0x8d, 0x00, 0x03, 0x1c, 0x54, 0x94, 0xdb, 0x81,
 0xff, 0x03, 0xe7, 0xb6, 0x77, 0x28, 0x91, 0x00, 0x03, 0x1c, 0x55, 0x95,
 0xdc, 0x81, 0xff, 0x03, 0xe7, 0xb6, 0x76, 0x27, 0x8f, 0x00, 0x0a, 0x3a,
 0xad, 0xed, 0xf9, 0xff, 0xff, 0xfc, 0xf5, 0xb6, 0x3e, 0x01, 0x9c, 0x00,
 0x09, 0x36, 0xa3, 0xe3, 0xf6, 0xff, 0xff, 0xfe, 0xfd, 0xbd, 0x3f, 0x8b,
 0x00, 0x03, 0x2c, 0x85, 0xc5, 0xec, 0x81, 0xff, 0x03, 0xd7, 0x88, 0x48,
 0x18, 0xa7, 0x00, 0x03, 0x1c, 0x54, 0x94, 0xdb, 0x81, 0xff, 0x03, 0xd0,
 0x71, 0x31, 0x10, 0x8d, 0x00, 0x03, 0x2d, 0x87, 0xc7, 0xec, 0x81, 0xff,
 0x03, 0xeb, 0xc2, 0x82, 0x2b, 0xb7, 0x00, 0x03, 0x05, 0x0e, 0x4e, 0xc4,
 0x81, 0xff, 0x03, 0xf4, 0xde, 0x9e, 0x35, 0x8f, 0x00, 0x09, 0x3c, 0xb4,
 0xf4, 0xfb, 0xff, 0xff, 0xf9, 0xed, 0xad, 0x3a, 0x9d, 0x00, 0x09, 0x3b,
 0xb1, 0xf1, 0xfa, 0xff, 0xff, 0xfd, 0xf8, 0xb8, 0x3d, 0x93, 0x00, 0x0b,
 0x09, 0x1b, 0x2c, 0x3d, 0x58, 0x7c, 0x9e, 0xbd, 0xd7, 0xee, 0xfb, 0xfe,
 0x8a, 0xff, 0x08, 0xfe, 0xf6, 0xe8, 0xca, 0x9e, 0x67, 0x26, 0x04, 0x01,
 0xc9, 0x00, 0x03, 0x25, 0x6e, 0xad, 0xe4, 0x81, 0xff, 0x03, 0xf3, 0xda,
 0x9a, 0x33, 0x91, 0x00, 0x05, 0x1b, 0x52, 0x90, 0xd7, 0xfb, 0xfe, 0x80,
 0xff, 0x04, 0xfe, 0xd7, 0x8a, 0x4b, 0x19, 0x95, 0x00, 0x09, 0x3a, 0xaf,
 0xef, 0xfa, 0xff, 0xff, 0xfe, 0xfc, 0xef, 0xd6, 0xab, 0xc9, 0x03, 0xa7,
 0x63, 0x31, 0x10, 0x8d, 0x00, 0x03, 0x1c, 0x54, 0x94, 0xdb, 0x81, 0xff,
 0x03, 0xe7, 0xb6, 0x77, 0x28, 0x91, 0x00, 0x03, 0x1c, 0x55, 0x95, 0xdc,
 0x81, 0xff, 0x03, 0xe7, 0xb6, 0x76, 0x27, 0x8f, 0x00, 0x09, 0x3a, 0xad,
 0xed, 0xf9, 0xff, 0xff, 0xfb, 0xf4, 0xb4, 0x3c, 0x9d, 0x00, 0x09, 0x36,
 0xa3, 0xe3, 0xf6, 0xff, 0xff, 0xfe, 0xfd, 0xbd, 0x3f, 0x8b, 0x00, 0x03,
 0x2b, 0x82, 0xc2, 0xeb, 0x81, 0xff, 0x03, 0xda, 0x8f, 0x50, 0x1b, 0xa7,
 0x00, 0x03, 0x1e, 0x59, 0x99, 0xdd, 0x81, 0xff, 0x03, 0xd0, 0x71, 0x31,
 0x10, 0x8d, 0x00, 0x03, 0x2d, 0x87, 0xc7, 0xec, 0x81, 0xff, 0x03, 0xeb,
 0xc2, 0x82, 0x2b, 0xb7, 0x00, 0x03, 0x05, 0x0e, 0x4e, 0xc4, 0x81, 0xff,
 0x03, 0xf4, 0xde, 0x9e, 0x35, 0x8f, 0x00, 0x09, 0x3c, 0xb4, 0xf4, 0xfb,
 0xff, 0xff, 0xf9, 0xed, 0xad, 0x3a, 0x9b, 0x00, 0x0b, 0x02, 0x05, 0x42,
 0xb8, 0xf6, 0xfc, 0xff, 0xff, 0xfd, 0xf8, 0xb8, 0x3d, 0x95, 0x00, 0x0f,
 0x03, 0x08, 0x1c, 0x3e, 0x5e, 0x7d, 0x99, 0xb4, 0xc7, 0xd5, 0xe0, 0xe8,
 0xef, 0xf5, 0xfa, 0xfd, 0x87, 0xff, 0x05, 0xf1, 0xd4, 0x9f, 0x52, 0x21,
 0x0b, 0xc9, 0x00, 0x03, 0x25, 0x6e, 0xad, 0xe4, 0x81, 0xff, 0x03, 0xf3,
 0xda, 0x9a, 0x33, 0x91, 0x00, 0x05, 0x0d, 0x26, 0x62, 0xc1, 0xf4, 0xfb,
 0x81, 0xff, 0x03, 0xe7, 0xb7, 0x77, 0x28, 0x95, 0x00, 0x09, 0x39, 0xaa,
 0xea, 0xf8, 0xff, 0xff, 0xfc, 0xf7, 0xce, 0x83, 0xab, 0x5d, 0x03, 0x4e,
 0x2f, 0x17, 0x08, 0x8d, 0x00, 0x03, 0x1c, 0x54, 0x94, 0xdb, 0x81, 0xff,
 0x03, 0xe7, 0xb6, 0x77, 0x28, 0x91, 0x00, 0x03, 0x1c, 0x55, 0x95, 0xdc,
 0x81, 0xff, 0x03, 0xe7, 0xb6, 0x76, 0x27, 0x8f, 0x00, 0x09, 0x3a, 0xad,
 0xed, 0xf9, 0xff, 0xff, 0xfb, 0xf4, 0xb4, 0x3c, 0x9d, 0x00, 0x09, 0x36,
 0xa3, 0xe3, 0xf6, 0xff, 0xff, 0xfe, 0xfd, 0xbd, 0x3f, 0x8b, 0x00, 0x03,
 0x29, 0x7c, 0xbc, 0xe9, 0x81, 0xff, 0x03, 0xde, 0x9d, 0x5d, 0x1f, 0xa7,
 0x00, 0x03, 0x20, 0x61, 0xa1, 0xe0, 0x81, 0xff, 0x03, 0xd0, 0x71, 0x31,
 0x10, 0x8d, 0x00, 0x03, 0x2d, 0x87, 0xc7, 0xec, 0x81, 0xff, 0x03, 0xeb,
 0xc2, 0x82, 0x2b, 0xb7, 0x00, 0x03, 0x05, 0x0e, 0x4e, 0xc4, 0x81, 0xff,
 0x03, 0xf4, 0xde, 0x9e, 0x35, 0x8f, 0x00, 0x09, 0x3c, 0xb4, 0xf4, 0xfb,
 0xff, 0xff, 0xf9, 0xed, 0xad, 0x3a, 0x9b, 0x00, 0x0b, 0x05, 0x10, 0x4f,
 0xc2, 0xfc, 0xfe, 0xff, 0xff, 0xfd, 0xf8, 0xb8, 0x3d, 0x95, 0x00, 0x0f,
 0x01, 0x03, 0x09, 0x15, 0x1f, 0x2a, 0x38, 0x4b, 0x64, 0x84, 0xa1, 0xb9,
 0xce, 0xe2, 0xf1, 0xfa, 0x87, 0xff, 0x05, 0xfa, 0xf1, 0xce, 0x92, 0x57,
 0x1d, 0xc9, 0x00, 0x03, 0x25, 0x6e, 0xad, 0xe4, 0x81, 0xff, 0x03, 0xf3,
 0xda, 0x9a, 0x33, 0x91, 0x00, 0x05, 0x04, 0x0c, 0x41, 0xa3, 0xde, 0xf4,
 0x81, 0xff, 0x05, 0xf2, 0xd9, 0x9e, 0x41, 0x0e, 0x05, 0x93, 0x00, 0x0b,
 0x37, 0xa6, 0xe6, 0xf7, 0xff, 0xff, 0xfc, 0xf7, 0xc0, 0x58, 0x22, 0x1f,
 0xa9, 0x1d, 0x03, 0x19, 0x0f, 0x08, 0x03, 0x8d, 0x00, 0x03, 0x1c, 0x54,
 0x94, 0xdb, 0x81, 0xff, 0x03, 0xe7, 0xb6, 0x77, 0x28, 0x91, 0x00, 0x03,
 0x1c, 0x55, 0x95, 0xdc, 0x81, 0xff, 0x03, 0xe7, 0xb6, 0x76, 0x27, 0x8f,
 0x00, 0x09, 0x3a, 0xad, 0xed, 0xf9, 0xff, 0xff, 0xfb, 0xf4, 0xb4, 0x3c,
 0x9d, 0x00, 0x09, 0x36, 0xa3, 0xe3, 0xf6, 0xff, 0xff, 0xfe, 0xfd, 0xbd,
 0x3f, 0x8b, 0x00, 0x03, 0x28, 0x77, 0xb6, 0xe7, 0x81, 0xff, 0x03, 0xe3,
 0xaa, 0x6a, 0x23, 0xa7, 0x00, 0x03, 0x23, 0x69, 0xa9, 0xe2, 0x81, 0xff,
 0x03, 0xd0, 0x71, 0x31, 0x10, 0x8d, 0x00, 0x03, 0x2d, 0x87, 0xc7, 0xec,
 0x81, 0xff, 0x03, 0xeb, 0xc2, 0x82, 0x2b, 0xb7, 0x00, 0x03, 0x05, 0x0e,
 0x4e, 0xc4, 0x81, 0xff, 0x03, 0xf4, 0xde, 0x9e, 0x35, 0x8f, 0x00, 0x09,
 0x3c, 0xb4, 0xf4, 0xfb, 0xff, 0xff, 0xf9, 0xed, 0xad, 0x3a, 0x9b, 0x00,
 0x03, 0x0a, 0x1e, 0x5d, 0xc9, 0x81, 0xff, 0x03, 0xfd, 0xf8, 0xb8, 0x3d,
 0x9b, 0x00, 0x0d, 0x06, 0x11, 0x26, 0x45, 0x61, 0x79, 0x8f, 0xa3, 0xb6,
 0xc8, 0xd7, 0xe5, 0xf1, 0xfa, 0x85, 0xff, 0x05, 0xec, 0xc5, 0x89, 0x38,
 0x0b, 0x04, 0xc7, 0x00, 0x03, 0x25, 0x6e, 0xad, 0xe4, 0x81, 0xff, 0x03,
 0xf3, 0xda, 0x9a, 0x33, 0x91, 0x00, 0x05, 0x01, 0x04, 0x2d, 0x7c, 0xbb,
 0xe8, 0x81, 0xff, 0x05, 0xfb, 0xf2, 0xc0, 0x65, 0x2a, 0x0e, 0x93, 0x00,
 0x0b, 0x36, 0xa1, 0xe1, 0xf5, 0xff, 0xff, 0xfe, 0xfc, 0xc4, 0x55, 0x18,
 0x0f, 0xa9, 0x0a, 0x03, 0x08, 0x05, 0x03, 0x01, 0x8d, 0x00, 0x03, 0x1c,
 0x54, 0x94, 0xdb, 0x81, 0xff, 0x03, 0xe7, 0xb6, 0x77, 0x28, 0x91, 0x00,
 0x03, 0x1c, 0x55, 0x95, 0xdc, 0x81, 0xff, 0x03, 0xe7, 0xb6, 0x76, 0x27,
 0x8f, 0x00, 0x09, 0x3a, 0xad, 0xed, 0xf9, 0xff, 0xff, 0xfb, 0xf4, 0xb4,
 0x3c, 0x9d, 0x00, 0x09, 0x36, 0xa3, 0xe3, 0xf6, 0xff, 0xff, 0xfe, 0xfd,
 0xbd, 0x3f, 0x8b, 0x00, 0x03, 0x26, 0x71, 0xb1, 0xe5, 0x81, 0xff, 0x03,
 0xe7, 0xb6, 0x76, 0x27, 0xa7, 0x00, 0x03, 0x26, 0x72, 0xb1, 0xe5, 0x81,
 0xff, 0x03, 0xd0, 0x71, 0x31, 0x10, 0x8d, 0x00, 0x03, 0x2d, 0x87, 0xc7,
 0xec, 0x81, 0xff, 0x03, 0xeb, 0xc2, 0x82, 0x2b, 0xb7, 0x00, 0x03, 0x05,
 0x0e, 0x4e, 0xc4, 0x81, 0xff, 0x03, 0xf4, 0xde, 0x9e, 0x35, 0x8f, 0x00,
 0x09, 0x3c, 0xb4, 0xf4, 0xfb, 0xff, 0xff, 0xf9, 0xed, 0xad, 0x3a, 0x9b,
 0x00, 0x03, 0x10, 0x2f, 0x6f, 0xcf, 0x81, 0xff, 0x03, 0xfd, 0xf8, 0xb8,
 0x3d, 0x9b, 0x00, 0x0e, 0x02, 0x06, 0x0d, 0x17, 0x20, 0x28, 0x30, 0x36,
 0x48, 0x65, 0x88, 0xb2, 0xd5, 0xf0, 0xfe, 0x84, 0xff, 0x05, 0xf8, 0xeb,
 0xb6, 0x5a, 0x21, 0x0b, 0xc7, 0x00, 0x03, 0x25, 0x6e, 0xad, 0xe4, 0x81,
 0xff, 0x03, 0xf3, 0xda, 0x9a, 0x33, 0x93, 0x00, 0x05, 0x1c, 0x53, 0x92,
 0xd7, 0xfb, 0xfe, 0x80, 0xff, 0x04, 0xfe, 0xd9, 0x8d, 0x4d, 0x1a, 0x93,
 0x00, 0x03, 0x34, 0x9c, 0xdc, 0xf3, 0x81, 0xff, 0x03, 0xc9, 0x5c, 0x1d,
 0x0a, 0xbd, 0x00, 0x03, 0x1c, 0x54, 0x94, 0xdb, 0x81, 0xff, 0x03, 0xe7,
 0xb6, 0x77, 0x28, 0x91, 0x00, 0x03, 0x1c, 0x55, 0x95, 0xdc, 0x81, 0xff,
 0x03, 0xe7, 0xb6, 0x76, 0x27, 0x8f, 0x00, 0x09, 0x3a, 0xad, 0xed, 0xf9,
 0xff, 0xff, 0xfb, 0xf4, 0xb4, 0x3c, 0x9d, 0x00, 0x09, 0x36, 0xa3, 0xe3,
 0xf6, 0xff, 0xff, 0xfe, 0xfd, 0xbd, 0x3f, 0x8b, 0x00, 0x03, 0x24, 0x6b,
 0xaa, 0xe3, 0x81, 0xff, 0x03, 0xea, 0xc1, 0x81, 0x2b, 0xa7, 0x00, 0x03,
 0x2a, 0x7e, 0xbe, 0xe9, 0x81, 0xff, 0x03, 0xd0, 0x71, 0x31, 0x10, 0x8d,
 0x00, 0x03, 0x2d, 0x87, 0xc7, 0xec, 0x81, 0xff, 0x03, 0xeb, 0xc2, 0x82,
 0x2b, 0xb7, 0x00, 0x03, 0x05, 0x0e, 0x4e, 0xc4, 0x81, 0xff, 0x03, 0xf4,
 0xde, 0x9e, 0x35, 0x8f, 0x00, 0x09, 0x3c, 0xb3, 0xf3, 0xfb, 0xff, 0xff,
 0xf9, 0xee, 0xaf, 0x3a, 0x9b, 0x00, 0x03, 0x15, 0x3e, 0x7e, 0xd4, 0x81,
 0xff, 0x03, 0xfd, 0xf8, 0xb8, 0x3d, 0xa3, 0x00, 0x09, 0x0d, 0x27, 0x49,
 0x72, 0x9a, 0xc1, 0xdd, 0xed, 0xf8, 0xfd, 0x82, 0xff, 0x04, 0xfe, 0xd3,
 0x7f, 0x40, 0x15, 0xc7, 0x00, 0x03, 0x25, 0x6e, 0xad, 0xe4, 0x81, 0xff,
 0x03, 0xf3, 0xda, 0x9a, 0x33, 0x93, 0x00, 0x05, 0x0d, 0x28, 0x64, 0xc2,
 0xf4, 0xfb, 0x81, 0xff, 0x03, 0xe8, 0xb9, 0x79, 0x28, 0x93, 0x00, 0x03,
 0x32, 0x97, 0xd7, 0xf2, 0x81, 0xff, 0x03, 0xcf, 0x6e, 0x2f, 0x10, 0xbd,
 0x00, 0x03, 0x1c, 0x54, 0x94, 0xdb, 0x81, 0xff, 0x03, 0xe7, 0xb6, 0x77,
 0x28, 0x91, 0x00, 0x03, 0x1c, 0x55, 0x95, 0xdc, 0x81, 0xff, 0x03, 0xe7,
 0xb6, 0x76, 0x27, 0x8f, 0x00, 0x09, 0x3a, 0xad, 0xed, 0xf9, 0xff, 0xff,
 0xfb, 0xf4, 0xb4, 0x3c, 0x9d, 0x00, 0x09, 0x36, 0xa3, 0xe3, 0xf6, 0xff,
 0xff, 0xfe, 0xfd, 0xbd, 0x3f, 0x8b, 0x00, 0x03, 0x21, 0x63, 0xa3, 0xe0,
 0x81, 0xff, 0x03, 0xee, 0xcc, 0x8c, 0x2f, 0xa7, 0x00, 0x03, 0x2f, 0x8e,
 0xce, 0xef, 0x81, 0xff, 0x03, 0xd0, 0x71, 0x31, 0x10, 0x8d, 0x00, 0x03,
 0x2d, 0x87, 0xc7, 0xec, 0x81, 0xff, 0x03, 0xeb, 0xc2, 0x82, 0x2b, 0xb7,
 0x00, 0x03, 0x05, 0x0e, 0x4e, 0xc4, 0x81, 0xff, 0x03, 0xf4, 0xde, 0x9e,
 0x35, 0x8f, 0x00, 0x09, 0x3b, 0xb2, 0xf2, 0xfb, 0xff, 0xff, 0xfa, 0xf1,
 0xb1, 0x3b, 0x9b, 0x00, 0x03, 0x19, 0x4c, 0x8c, 0xd9, 0x81, 0xff, 0x03,
 0xfd, 0xf8, 0xb8, 0x3d, 0xa3, 0x00, 0x09, 0x04, 0x0d, 0x18, 0x26, 0x42,
 0x6c, 0x99, 0xca, 0xe9, 0xf8, 0x83, 0xff, 0x03, 0xe1, 0xa6, 0x67, 0x22,
 0xc7, 0x00, 0x03, 0x25, 0x6e, 0xad, 0xe4, 0x81, 0xff, 0x03, 0xf3, 0xda,
 0x9a, 0x33, 0x93, 0x00, 0x05, 0x05, 0x0e, 0x43, 0xa4, 0xdf, 0xf4, 0x81,
 0xff, 0x05, 0xf3, 0xdb, 0xa0, 0x42, 0x0e, 0x05, 0x91, 0x00, 0x03, 0x2f,
 0x8e, 0xce, 0xef, 0x81, 0xff, 0x03, 0xd4, 0x7f, 0x3f, 0x15, 0xbd, 0x00,
 0x03, 0x1c, 0x54, 0x94, 0xdb, 0x81, 0xff, 0x03, 0xe7, 0xb6, 0x77, 0x28,
 0x91, 0x00, 0x03, 0x1c, 0x55, 0x95, 0xdc, 0x81, 0xff, 0x03, 0xe7, 0xb6,
 0x76, 0x27, 0x8f, 0x00, 0x09, 0x3a, 0xad, 0xed, 0xf9, 0xff, 0xff, 0xfb,
 0xf4, 0xb4, 0x3c, 0x9d, 0x00, 0x09, 0x36, 0xa3, 0xe3, 0xf6, 0xff, 0xff,
 0xfe, 0xfd, 0xbd, 0x3f, 0x8b, 0x00, 0x03, 0x1d, 0x56, 0x95, 0xdc, 0x81,
 0xff, 0x03, 0xf1, 0xd6, 0x96, 0x32, 0xa5, 0x00, 0x05, 0x01, 0x03, 0x38,
 0xa0, 0xde, 0xf4, 0x81, 0xff, 0x03, 0xd0, 0x71, 0x31, 0x10, 0x8d, 0x00,
 0x03, 0x2d, 0x87, 0xc7, 0xec, 0x81, 0xff, 0x03, 0xeb, 0xc2, 0x82, 0x2b,
 0xb7, 0x00, 0x03, 0x05, 0x0e, 0x4e, 0xc4, 0x81, 0xff, 0x03, 0xf4, 0xde,
 0x9e, 0x35, 0x8f, 0x00, 0x0a, 0x3a, 0xae, 0xee, 0xf9, 0xff, 0xff, 0xfc,
 0xf5, 0xb5, 0x3e, 0x01, 0x9a, 0x00, 0x03, 0x1d, 0x58, 0x98, 0xdd, 0x81,
 0xff, 0x03, 0xfd, 0xf8, 0xb8, 0x3d, 0xa7, 0x00, 0x07, 0x10, 0x31, 0x5a,
 0x8c, 0xb7, 0xdd, 0xf4, 0xfb, 0x81, 0xff, 0x03, 0xec, 0xc7, 0x87, 0x2d,
 0xc7, 0x00, 0x03, 0x25, 0x6e, 0xad, 0xe4, 0x81, 0xff, 0x03, 0xf3, 0xda,
 0x9a, 0x33, 0x93, 0x00, 0x05, 0x02, 0x05, 0x2e, 0x7e, 0xbc, 0xe9, 0x81,
 0xff, 0x05, 0xfb, 0xf2, 0xc1, 0x66, 0x2b, 0x0e, 0x91, 0x00, 0x03, 0x2b,
 0x81, 0xc1, 0xea, 0x81, 0xff, 0x03, 0xd9, 0x8e, 0x4e, 0x1a, 0xbd, 0x00,
 0x03, 0x1c, 0x54, 0x94, 0xdb, 0x81, 0xff, 0x03, 0xe7, 0xb6, 0x77, 0x28,
 0x91, 0x00, 0x03, 0x1c, 0x55, 0x95, 0xdc, 0x81, 0xff, 0x03, 0xe7, 0xb6,
 0x76, 0x27, 0x8f, 0x00, 0x09, 0x3a, 0xad, 0xed, 0xf9, 0xff, 0xff, 0xfb,
 0xf4, 0xb4, 0x3c, 0x9d, 0x00, 0x09, 0x36, 0xa3, 0xe3, 0xf6, 0xff, 0xff,
 0xfe, 0xfd, 0xbd, 0x3f, 0x8b, 0x00, 0x03, 0x16, 0x42, 0x82, 0xd5, 0x81,
 0xff, 0x03, 0xf5, 0xe0, 0xa0, 0x35, 0xa5, 0x00, 0x05, 0x03, 0x09, 0x44,
 0xb3, 0xf0, 0xfa, 0x81, 0xff, 0x03, 0xd0, 0x71, 0x31, 0x10, 0x8d, 0x00,
 0x03, 0x2d, 0x87, 0xc7, 0xec, 0x81, 0xff, 0x03, 0xeb, 0xc2, 0x82, 0x2b,
 0xb7, 0x00, 0x03, 0x05, 0x0e, 0x4e, 0xc4, 0x81, 0xff, 0x03, 0xf4, 0xde,
 0x9e, 0x35, 0x8f, 0x00, 0x0b, 0x38, 0xa9, 0xe9, 0xf8, 0xff, 0xff, 0xfd,
 0xfa, 0xbb, 0x42, 0x04, 0x01, 0x99, 0x00, 0x03, 0x21, 0x63, 0xa3, 0xe0,
 0x81, 0xff, 0x03, 0xfd, 0xf8, 0xb8, 0x3d, 0xa7, 0x00, 0x07, 0x05, 0x10,
 0x20, 0x34, 0x62, 0xac, 0xdd, 0xf4, 0x81, 0xff, 0x03, 0xf5, 0xe0, 0xa0,
 0x35, 0xc7, 0x00, 0x03, 0x25, 0x6e, 0xad, 0xe4, 0x81, 0xff, 0x03, 0xf3,
 0xda, 0x9a, 0x33, 0x95, 0x00, 0x05, 0x1c, 0x55, 0x94, 0xd8, 0xfc, 0xfe,
 0x80, 0xff, 0x04, 0xfe, 0xd9, 0x8f, 0x4f, 0x1a, 0x91, 0x00, 0x03, 0x26,
 0x71, 0xb0, 0xe5, 0x81, 0xff, 0x03, 0xe0, 0xa3, 0x63, 0x21, 0xbd, 0x00,
 0x03, 0x1c, 0x54, 0x94, 0xdb, 0x81, 0xff, 0x03, 0xe7, 0xb6, 0x77, 0x28,
 0x91, 0x00, 0x03, 0x1c, 0x55, 0x95, 0xdc, 0x81, 0xff, 0x03, 0xe7, 0xb6,
 0x76, 0x27, 0x8f, 0x00, 0x09, 0x3a, 0xad, 0xed, 0xf9, 0xff, 0xff, 0xfb,
 0xf4, 0xb4, 0x3c, 0x9d, 0x00, 0x09, 0x36, 0xa3, 0xe3, 0xf6, 0xff, 0xff,
 0xfe, 0xfd, 0xbd, 0x3f, 0x8b, 0x00, 0x0d, 0x0f, 0x2c, 0x6a, 0xcb, 0xfc,
 0xfe, 0xff, 0xff, 0xf8, 0xea, 0xac, 0x3e, 0x05, 0x02, 0xa3, 0x00, 0x05,
 0x0a, 0x1d, 0x5b, 0xc4, 0xfa, 0xfd, 0x81, 0xff, 0x03, 0xd0, 0x71, 0x31,
 0x10, 0x8d, 0x00, 0x03, 0x2d, 0x87, 0xc7, 0xec, 0x81, 0xff, 0x03, 0xeb,
 0xc2, 0x82, 0x2b, 0xb7, 0x00, 0x03, 0x05, 0x0e, 0x4e, 0xc4, 0x81, 0xff,
 0x03, 0xf4, 0xde, 0x9e, 0x35, 0x8f, 0x00, 0x0b, 0x37, 0xa4, 0xe4, 0xf6,
 0xff, 0xff, 0xfe, 0xfd, 0xc0, 0x49, 0x0a, 0x03, 0x99, 0x00, 0x03, 0x25,
 0x6e, 0xae, 0xe4, 0x81, 0xff, 0x03, 0xfd, 0xf8, 0xb8, 0x3d, 0xa9, 0x00,
 0x06, 0x02, 0x06, 0x2d, 0x79, 0xb6, 0xe6, 0xfe, 0x80, 0xff, 0x04, 0xfa,
 0xf0, 0xb1, 0x3c, 0x01, 0xc6, 0x00, 0x03, 0x25, 0x6e, 0xad, 0xe4, 0x81,
 0xff, 0x03, 0xf3, 0xda, 0x9a, 0x33, 0x95, 0x00, 0x05, 0x0d, 0x28, 0x65,
 0xc3, 0xf5, 0xfc, 0x81, 0xff, 0x03, 0xe8, 0xbb, 0x7b, 0x29, 0x91, 0x00,
 0x03, 0x1f, 0x5d, 0x9d, 0xde, 0x81, 0xff, 0x03, 0xea, 0xbf, 0x7f, 0x2a,
 0xbd, 0x00, 0x03, 0x1c, 0x54, 0x94, 0xdb, 0x81, 0xff, 0x03, 0xe7, 0xb6,
 0x77, 0x28, 0x91, 0x00, 0x03, 0x1c, 0x55, 0x95, 0xdc, 0x81, 0xff, 0x03,
 0xe7, 0xb6, 0x76, 0x27, 0x8f, 0x00, 0x09, 0x3a, 0xad, 0xed, 0xf9, 0xff,
 0xff, 0xfb, 0xf4, 0xb4, 0x3c, 0x9d, 0x00, 0x09, 0x36, 0xa3, 0xe3, 0xf6,
 0xff, 0xff, 0xfe, 0xfd, 0xbd, 0x3f, 0x8b, 0x00, 0x0d, 0x06, 0x12, 0x4f,
 0xbd, 0xf7, 0xfc, 0xff, 0xff, 0xfb, 0xf4, 0xb9, 0x4b, 0x0f, 0x05, 0xa3,
 0x00, 0x05, 0x15, 0x3f, 0x7e, 0xd2, 0xfd, 0xfe, 0x81, 0xff, 0x03, 0xd0,
 0x71, 0x31, 0x10, 0x8d, 0x00, 0x03, 0x2d, 0x87, 0xc7, 0xec, 0x81, 0xff,
 0x03, 0xeb, 0xc2, 0x82, 0x2b, 0xb7, 0x00, 0x03, 0x05, 0x0e, 0x4e, 0xc4,
 0x81, 0xff, 0x03, 0xf4, 0xde, 0x9e, 0x35, 0x8f, 0x00, 0x03, 0x35, 0x9f,
 0xde, 0xf4, 0x80, 0xff, 0x04, 0xfe, 0xc5, 0x54, 0x14, 0x07, 0x99, 0x00,
 0x03, 0x28, 0x79, 0xb9, 0xe8, 0x81, 0xff, 0x03, 0xfd, 0xf8, 0xb8, 0x3d,
 0xa9, 0x00, 0x0f, 0x01, 0x02, 0x18, 0x42, 0x80, 0xd1, 0xfb, 0xfe, 0xff,
 0xff, 0xfd, 0xf8, 0xb9, 0x41, 0x04, 0x01, 0xc5, 0x00, 0x03, 0x25, 0x6e,
 0xad, 0xe4, 0x81, 0xff, 0x03, 0xf3, 0xda, 0x9a, 0x33, 0x95, 0x00, 0x05,
 0x05, 0x0e, 0x43, 0xa5, 0xe0, 0xf5, 0x81, 0xff, 0x05, 0xf3, 0xdc, 0xa1,
 0x43, 0x0f, 0x05, 0x8f, 0x00, 0x03, 0x18, 0x47, 0x86, 0xd7, 0x81, 0xff,
 0x05, 0xf2, 0xd8, 0x9b, 0x3b, 0x08, 0x03, 0xbb, 0x00, 0x03, 0x1c, 0x54,
 0x94, 0xdb, 0x81, 0xff, 0x03, 0xe7, 0xb6, 0x77, 0x28, 0x91, 0x00, 0x03,
 0x1c, 0x55, 0x95, 0xdc, 0x81, 0xff, 0x03, 0xe7, 0xb6, 0x76, 0x27, 0x8f,
 0x00, 0x09, 0x3a, 0xad, 0xed, 0xf9, 0xff, 0xff, 0xfb, 0xf4, 0xb4, 0x3c,
 0x9d, 0x00, 0x09, 0x36, 0xa3, 0xe3, 0xf6, 0xff, 0xff, 0xfe, 0xfd, 0xbd,
 0x3f, 0x8b, 0x00, 0x0d, 0x01, 0x04, 0x3d, 0xae, 0xec, 0xf9, 0xff, 0xff,
 0xfe, 0xfb, 0xc8, 0x65, 0x26, 0x0d, 0xa1, 0x00, 0x05, 0x01, 0x02, 0x24,
 0x66, 0xa5, 0xe1, 0x83, 0xff, 0x03, 0xd0, 0x71, 0x31, 0x10, 0x8d, 0x00,
 0x03, 0x2d, 0x87, 0xc7, 0xec, 0x81, 0xff, 0x03, 0xeb, 0xc2, 0x82, 0x2b,
 0xb7, 0x00, 0x03, 0x05, 0x0e, 0x4e, 0xc4, 0x81, 0xff, 0x03, 0xf4, 0xde,
 0x9e, 0x35, 0x8f, 0x00, 0x03, 0x33, 0x99, 0xd9, 0xf2, 0x81, 0xff, 0x03,
 0xca, 0x5f, 0x1f, 0x0a, 0x99, 0x00, 0x03, 0x2d, 0x87, 0xc6, 0xec, 0x81,
 0xff, 0x03, 0xfd, 0xf8, 0xb8, 0x3d, 0xab, 0x00, 0x0d, 0x0a, 0x1d, 0x59,
 0xbe, 0xf4, 0xfb, 0xff, 0xff, 0xfe, 0xfc, 0xc1, 0x4b, 0x0c, 0x04, 0xc5,
 0x00, 0x03, 0x25, 0x6e, 0xad, 0xe4, 0x81, 0xff, 0x03, 0xf3, 0xda, 0x9a,
 0x33, 0x95, 0x00, 0x05, 0x02, 0x05, 0x2f, 0x80, 0xbe, 0xe9, 0x81, 0xff,
 0x05, 0xfb, 0xf3, 0xc2, 0x68, 0x2c, 0x0f, 0x8f, 0x00, 0x03, 0x0f, 0x2d,
 0x6d, 0xce, 0x81, 0xff, 0x05, 0xfa, 0xf0, 0xb8, 0x53, 0x18, 0x08, 0xbb,
 0x00, 0x03, 0x1c, 0x54, 0x94, 0xdb, 0x81, 0xff, 0x03, 0xe7, 0xb6, 0x77,
 0x28, 0x91, 0x00, 0x03, 0x1c, 0x55, 0x95, 0xdc, 0x81, 0xff, 0x03, 0xe7,
 0xb6, 0x76, 0x27, 0x8f, 0x00, 0x09, 0x3a, 0xad, 0xed, 0xf9, 0xff, 0xff,
 0xfb, 0xf4, 0xb4, 0x3c, 0x9d, 0x00, 0x09, 0x36, 0xa3, 0xe3, 0xf6, 0xff,
 0xff, 0xfe, 0xfd, 0xbd, 0x3f, 0x8c, 0x00, 0x04, 0x01, 0x35, 0x9c, 0xdc,
 0xf3, 0x80, 0xff, 0x04, 0xfe, 0xd7, 0x8c, 0x4c, 0x19, 0xa1, 0x00, 0x05,
 0x02, 0x06, 0x36, 0x92, 0xcf, 0xef, 0x83, 0xff, 0x03, 0xd0, 0x71, 0x31,
 0x10, 0x8d, 0x00, 0x03, 0x2d, 0x87, 0xc7, 0xec, 0x81, 0xff, 0x03, 0xeb,
 0xc2, 0x82, 0x2b, 0xb7, 0x00, 0x03, 0x05, 0x0e, 0x4e, 0xc4, 0x81, 0xff,
 0x03, 0xf4, 0xde, 0x9e, 0x35, 0x8f, 0x00, 0x03, 0x31, 0x93, 0xd3, 0xf0,
 0x81, 0xff, 0x03, 0xce, 0x6b, 0x2b, 0x0e, 0x99, 0x00, 0x03, 0x33, 0x98,
 0xd8, 0xf2, 0x81, 0xff, 0x03, 0xfd, 0xf8, 0xb8, 0x3d, 0xab, 0x00, 0x05,
 0x03, 0x0a, 0x42, 0xad, 0xe9, 0xf8, 0x80, 0xff, 0x04, 0xfe, 0xc7, 0x5a,
 0x1a, 0x09, 0xc5, 0x00, 0x03, 0x25, 0x6e, 0xad, 0xe4, 0x81, 0xff, 0x03,
 0xf3, 0xda, 0x9a, 0x33, 0x97, 0x00, 0x05, 0x1d, 0x57, 0x96, 0xd9, 0xfc,
 0xfe, 0x80, 0xff, 0x04, 0xfe, 0xda, 0x91, 0x51, 0x1b, 0x8f, 0x00, 0x0d,
 0x08, 0x18, 0x56, 0xc1, 0xf8, 0xfd, 0xff, 0xff, 0xfe, 0xfc, 0xce, 0x72,
 0x33, 0x11, 0xa0, 0x00, 0x01, 0x01, 0x01, 0x96, 0x00, 0x03, 0x1c, 0x54,
 0x94, 0xdb, 0x81, 0xff, 0x03, 0xe7, 0xb6, 0x77, 0x28, 0x91, 0x00, 0x03,
 0x1c, 0x55, 0x95, 0xdc, 0x81, 0xff, 0x03, 0xe7, 0xb6, 0x76, 0x27, 0x8f,
 0x00, 0x09, 0x3a, 0xad, 0xed, 0xf9, 0xff, 0xff, 0xfb, 0xf4, 0xb4, 0x3c,
 0x9d, 0x00, 0x09, 0x36, 0xa3, 0xe3, 0xf6, 0xff, 0xff, 0xfe, 0xfd, 0xbd,
 0x3f, 0x8d, 0x00, 0x03, 0x2d, 0x88, 0xc8, 0xed, 0x81, 0xff, 0x03, 0xe4,
 0xaf, 0x6f, 0x25, 0xa1, 0x00, 0x05, 0x0a, 0x1f, 0x58, 0xb6, 0xeb, 0xf8,
 0x83, 0xff, 0x03, 0xd0, 0x71, 0x31, 0x10, 0x8d, 0x00, 0x03, 0x2d, 0x87,
 0xc7, 0xec, 0x81, 0xff, 0x03, 0xeb, 0xc2, 0x82, 0x2b, 0xb7, 0x00, 0x03,
 0x05, 0x0e, 0x4e, 0xc4, 0x81, 0xff, 0x03, 0xf4, 0xde, 0x9e, 0x35, 0x8f,
 0x00, 0x03, 0x2f, 0x8d, 0xcd, 0xee, 0x81, 0xff, 0x03, 0xd3, 0x7a, 0x3a,
 0x13, 0x97, 0x00, 0x05, 0x06, 0x13, 0x4b, 0xae, 0xe8, 0xf7, 0x81, 0xff,
 0x03, 0xfd, 0xf8, 0xb8, 0x3d, 0xad, 0x00, 0x03, 0x35, 0x9f, 0xdf, 0xf4,
 0x81, 0xff, 0x03, 0xcc, 0x66, 0x26, 0x0d, 0xc5, 0x00, 0x03, 0x25, 0x6e,
 0xad, 0xe4, 0x81, 0xff, 0x03, 0xf3, 0xda, 0x9a, 0x33, 0x97, 0x00, 0x05,
 0x0e, 0x2a, 0x67, 0xc4, 0xf5, 0xfc, 0x81, 0xff, 0x03, 0xe9, 0xbc, 0x7d,
 0x2a, 0x8f, 0x00, 0x05, 0x03, 0x08, 0x41, 0xae, 0xeb, 0xf8, 0x80, 0xff,
 0x04, 0xfe, 0xdc, 0x99, 0x5a, 0x1e, 0x9f, 0x00, 0x03, 0x01, 0x04, 0x04,
 0x01, 0x95, 0x00, 0x03, 0x1c, 0x54, 0x94, 0xdb, 0x81, 0xff, 0x03, 0xe7,
 0xb6, 0x77, 0x28, 0x91, 0x00, 0x03, 0x1c, 0x55, 0x95, 0xdc, 0x81, 0xff,
 0x03, 0xe7, 0xb6, 0x76, 0x27, 0x8f, 0x00, 0x09, 0x3a, 0xad, 0xed, 0xf9,
 0xff, 0xff, 0xfb, 0xf4, 0xb4, 0x3c, 0x9d, 0x00, 0x09, 0x36, 0xa3, 0xe3,
 0xf6, 0xff, 0xff, 0xfe, 0xfd, 0xbd, 0x3f, 0x8d, 0x00, 0x03, 0x26, 0x71,
 0xb1, 0xe5, 0x81, 0xff, 0x03, 0xef, 0xcf, 0x8f, 0x30, 0xa1, 0x00, 0x05,
 0x1a, 0x4d, 0x8a, 0xd2, 0xf8, 0xfd, 0x83, 0xff, 0x03, 0xd0, 0x71, 0x31,
 0x10, 0x8d, 0x00, 0x03, 0x2d, 0x87, 0xc7, 0xec, 0x81, 0xff, 0x03, 0xeb,
 0xc2, 0x82, 0x2b, 0xb7, 0x00, 0x03, 0x05, 0x0e, 0x4e, 0xc4, 0x81, 0xff,
 0x03, 0xf4, 0xde, 0x9e, 0x35, 0x8f, 0x00, 0x03, 0x2d, 0x88, 0xc7, 0xec,
 0x81, 0xff, 0x03, 0xd9, 0x8c, 0x4c, 0x19, 0x97, 0x00, 0x05, 0x13, 0x38,
 0x75, 0xca, 0xf7, 0xfc, 0x81, 0xff, 0x03, 0xfd, 0xf8, 0xb8, 0x3d, 0xad,
 0x00, 0x03, 0x32, 0x96, 0xd5, 0xf1, 0x81, 0xff, 0x03, 0xcf, 0x70, 0x30,
 0x10, 0xc5, 0x00, 0x03, 0x25, 0x6e, 0xad, 0xe4, 0x81, 0xff, 0x03, 0xf3,
 0xda, 0x9a, 0x33, 0x97, 0x00, 0x05, 0x05, 0x0f, 0x45, 0xa7, 0xe1, 0xf5,
 0x81, 0xff, 0x05, 0xf4, 0xdd, 0xa3, 0x44, 0x0f, 0x05, 0x8f, 0x00, 0x03,
 0x32, 0x95, 0xd5, 0xf1, 0x81, 0xff, 0x04, 0xe9, 0xbc, 0x7c, 0x2b, 0x01,
 0x9c, 0x00, 0x07, 0x01, 0x04, 0x12, 0x2b, 0x2f, 0x1c, 0x0e, 0x05, 0x93,
 0x00, 0x03, 0x1c, 0x54, 0x94, 0xdb, 0x81, 0xff, 0x03, 0xe7, 0xb6, 0x77,
 0x28, 0x91, 0x00, 0x03, 0x1c, 0x55, 0x95, 0xdc, 0x81, 0xff, 0x03, 0xe7,
 0xb6, 0x76, 0x27, 0x8f, 0x00, 0x09, 0x3a, 0xad, 0xed, 0xf9, 0xff, 0xff,
 0xfb, 0xf4, 0xb4, 0x3c, 0x9d, 0x00, 0x09, 0x36, 0xa3, 0xe3, 0xf6, 0xff,
 0xff, 0xfe, 0xfd, 0xbd, 0x3f, 0x8d, 0x00, 0x0d, 0x1b, 0x51, 0x90, 0xd8,
 0xfd, 0xfe, 0xff, 0xff, 0xf7, 0xe7, 0xae, 0x4d, 0x15, 0x07, 0x9d, 0x00,
 0x05, 0x02, 0x06, 0x2e, 0x7a, 0xb7, 0xe7, 0x85, 0xff, 0x03, 0xd0, 0x71,
 0x31, 0x10, 0x8d, 0x00, 0x03, 0x2d, 0x87, 0xc7, 0xec, 0x81, 0xff, 0x03,
 0xeb, 0xc2, 0x82, 0x2b, 0xb7, 0x00, 0x03, 0x05, 0x0e, 0x4e, 0xc4, 0x81,
 0xff, 0x03, 0xf4, 0xde, 0x9e, 0x35, 0x8f, 0x00, 0x03, 0x2b, 0x81, 0xc1,
 0xea, 0x81, 0xff, 0x03, 0xe0, 0xa2, 0x62, 0x21, 0x97, 0x00, 0x03, 0x1f,
 0x5e, 0x9e, 0xdf, 0x83, 0xff, 0x03, 0xfd, 0xf9, 0xb9, 0x3e, 0x8d, 0x00,
 0x05, 0x02, 0x07, 0x0d, 0x15, 0x12, 0x06, 0x97, 0x00, 0x03, 0x32, 0x95,
 0xd5, 0xf1, 0x81, 0xff, 0x03, 0xd0, 0x71, 0x31, 0x10, 0xc5, 0x00, 0x03,
 0x25, 0x6e, 0xad, 0xe4, 0x81, 0xff, 0x03, 0xf3, 0xda, 0x9a, 0x33, 0x97,
 0x00, 0x05, 0x02, 0x05, 0x30, 0x82, 0xc0, 0xea, 0x81, 0xff, 0x05, 0xfb,
 0xf4, 0xc3, 0x6a, 0x2e, 0x0f, 0x8f, 0x00, 0x03, 0x28, 0x77, 0xb6, 0xe7,
 0x81, 0xff, 0x05, 0xf3, 0xda, 0x9b, 0x37, 0x04, 0x01, 0x9b, 0x00, 0x07,
 0x04, 0x0c, 0x33, 0x78, 0x82, 0x51, 0x2a, 0x0e, 0x93, 0x00, 0x03, 0x1c,
 0x54, 0x94, 0xdb, 0x81, 0xff, 0x03, 0xe7, 0xb6, 0x77, 0x28, 0x91, 0x00,
 0x03, 0x1c, 0x55, 0x95, 0xdc, 0x81, 0xff, 0x03, 0xe7, 0xb6, 0x76, 0x27,
 0x8f, 0x00, 0x09, 0x3a, 0xad, 0xed, 0xf9, 0xff, 0xff, 0xfb, 0xf4, 0xb4,
 0x3c, 0x9d, 0x00, 0x09, 0x36, 0xa3, 0xe3, 0xf6, 0xff, 0xff, 0xfe, 0xfd,
 0xbd, 0x3f, 0x8d, 0x00, 0x0d, 0x0e, 0x29, 0x66, 0xc6, 0xf8, 0xfd, 0xff,
 0xff, 0xfc, 0xf7, 0xcd, 0x7d, 0x40, 0x15, 0x9d, 0x00, 0x05, 0x06, 0x13,
 0x48, 0xa5, 0xdf, 0xf4, 0x85, 0xff, 0x03, 0xd0, 0x71, 0x31, 0x10, 0x8d,
 0x00, 0x03, 0x2d, 0x87, 0xc7, 0xec, 0x81, 0xff, 0x03, 0xeb, 0xc2, 0x82,
 0x2b, 0xb7, 0x00, 0x03, 0x05, 0x0e, 0x4e, 0xc4, 0x81, 0xff, 0x03, 0xf4,
 0xde, 0x9e, 0x35, 0x8f, 0x00, 0x03, 0x29, 0x7b, 0xba, 0xe8, 0x81, 0xff,
 0x03, 0xe9, 0xbc, 0x7c, 0x29, 0x97, 0x00, 0x03, 0x2d, 0x86, 0xc6, 0xec,
 0x83, 0xff, 0x03, 0xfd, 0xfa, 0xba, 0x3e, 0x8d, 0x00, 0x05, 0x07, 0x15,
 0x28, 0x3e, 0x37, 0x12, 0x97, 0x00, 0x03, 0x34, 0x9d, 0xdd, 0xf4, 0x81,
 0xff, 0x03, 0xcd, 0x68, 0x28, 0x0d, 0xc5, 0x00, 0x03, 0x25, 0x6e, 0xad,
 0xe4, 0x81, 0xff, 0x03, 0xf3, 0xda, 0x9a, 0x33, 0x99, 0x00, 0x05, 0x1e,
 0x59, 0x98, 0xda, 0xfc, 0xfe, 0x81, 0xff, 0x03, 0xdb, 0x92, 0x53, 0x1c,
 0x8f, 0x00, 0x0d, 0x1c, 0x54, 0x93, 0xda, 0xfd, 0xfe, 0xff, 0xff, 0xf9,
 0xee, 0xb8, 0x58, 0x1e, 0x0a, 0x9b, 0x00, 0x09, 0x0e, 0x2b, 0x61, 0xb0,
 0xbf, 0x8d, 0x5c, 0x2b, 0x0e, 0x05, 0x91, 0x00, 0x03, 0x1c, 0x54, 0x94,
 0xdb, 0x81, 0xff, 0x03, 0xe7, 0xb6, 0x77, 0x28, 0x91, 0x00, 0x03, 0x1c,
 0x55, 0x95, 0xdc, 0x81, 0xff, 0x03, 0xe7, 0xb6, 0x76, 0x27, 0x8f, 0x00,
 0x09, 0x3a, 0xad, 0xed, 0xf9, 0xff, 0xff, 0xfb, 0xf4, 0xb4, 0x3c, 0x9d,
 0x00, 0x09, 0x36, 0xa3, 0xe3, 0xf6, 0xff, 0xff, 0xfe, 0xfd, 0xbd, 0x3f,
 0x8d, 0x00, 0x05, 0x05, 0x10, 0x48, 0xad, 0xe7, 0xf7, 0x81, 0xff, 0x05,
 0xe3, 0xac, 0x6e, 0x2b, 0x07, 0x02, 0x9b, 0x00, 0x05, 0x11, 0x32, 0x6e,
 0xc6, 0xf5, 0xfc, 0x85, 0xff, 0x03, 0xd0, 0x71, 0x31, 0x10, 0x8d, 0x00,
 0x03, 0x2d, 0x87, 0xc7, 0xec, 0x81, 0xff, 0x03, 0xeb, 0xc2, 0x82, 0x2b,
 0xb7, 0x00, 0x03, 0x05, 0x0e, 0x4e, 0xc4, 0x81, 0xff, 0x03, 0xf4, 0xde,
 0x9e, 0x35, 0x8f, 0x00, 0x03, 0x25, 0x6f, 0xaf, 0xe4, 0x81, 0xff, 0x05,
 0xf0, 0xd3, 0x94, 0x33, 0x02, 0x01, 0x93, 0x00, 0x05, 0x06, 0x11, 0x47,
 0xa9, 0xe3, 0xf6, 0x83, 0xff, 0x03, 0xfe, 0xfb, 0xbc, 0x3f, 0x8b, 0x00,
 0x09, 0x04, 0x0d, 0x23, 0x44, 0x61, 0x79, 0x66, 0x28, 0x07, 0x02, 0x93,
 0x00, 0x05, 0x01, 0x04, 0x3c, 0xa9, 0xe8, 0xf7, 0x81, 0xff, 0x03, 0xc9,
 0x5d, 0x1d, 0x0a, 0xc5, 0x00, 0x03, 0x25, 0x6e, 0xad, 0xe4, 0x81, 0xff,
 0x03, 0xf3, 0xda, 0x9a, 0x33, 0x99, 0x00, 0x05, 0x0f, 0x2d, 0x6a, 0xc6,
 0xf7, 0xfc, 0x81, 0xff, 0x03, 0xe9, 0xbe, 0x7e, 0x2a, 0x8f, 0x00, 0x0d,
 0x0f, 0x2d, 0x6b, 0xc9, 0xfa, 0xfd, 0xff, 0xff, 0xfd, 0xf9, 0xd4, 0x8d,
 0x4f, 0x1a, 0x9b, 0x00, 0x09, 0x20, 0x60, 0x9d, 0xd6, 0xe7, 0xd1, 0xa2,
 0x5b, 0x2a, 0x0e, 0x91, 0x00, 0x03, 0x1c, 0x54, 0x94, 0xdb, 0x81, 0xff,
 0x03, 0xe7, 0xb6, 0x77, 0x28, 0x91, 0x00, 0x03, 0x1c, 0x55, 0x95, 0xdc,
 0x81, 0xff, 0x03, 0xe7, 0xb6, 0x76, 0x27, 0x8f, 0x00, 0x09, 0x3a, 0xad,
 0xed, 0xf9, 0xff, 0xff, 0xfb, 0xf4, 0xb4, 0x3c, 0x9d, 0x00, 0x09, 0x36,
 0xa3, 0xe3, 0xf6, 0xff, 0xff, 0xfe, 0xfd, 0xbd, 0x3f, 0x8d, 0x00, 0x05,
 0x02, 0x05, 0x34, 0x8d, 0xcb, 0xee, 0x81, 0xff, 0x05, 0xf2, 0xd9, 0xa0,
 0x47, 0x14, 0x07, 0x9b, 0x00, 0x05, 0x21, 0x63, 0xa1, 0xdd, 0xfc, 0xfe,
 0x85, 0xff, 0x03, 0xd0, 0x71, 0x31, 0x10, 0x8d, 0x00, 0x03, 0x2d, 0x87,
 0xc7, 0xec, 0x81, 0xff, 0x03, 0xeb, 0xc2, 0x82, 0x2b, 0xb7, 0x00, 0x03,
 0x05, 0x0e, 0x4e, 0xc4, 0x81, 0xff, 0x03, 0xf4, 0xde, 0x9e, 0x35, 0x8f,
 0x00, 0x03, 0x1f, 0x5e, 0x9e, 0xdf, 0x81, 0xff, 0x05, 0xf7, 0xe8, 0xaa,
 0x3e, 0x06, 0x02, 0x93, 0x00, 0x05, 0x11, 0x32, 0x6f, 0xc7, 0xf6, 0xfc,
 0x83, 0xff, 0x03, 0xfe, 0xfd, 0xbe, 0x3f, 0x8b, 0x00, 0x09, 0x0d, 0x28,
 0x55, 0x94, 0xba, 0xc6, 0xa0, 0x49, 0x16, 0x07, 0x93, 0x00, 0x05, 0x04,
 0x0c, 0x49, 0xb9, 0xf5, 0xfc, 0x80, 0xff, 0x04, 0xfe, 0xc4, 0x4e, 0x0f,
 0x05, 0xc5, 0x00, 0x03, 0x25, 0x6e, 0xad, 0xe4, 0x81, 0xff, 0x03, 0xf3,
 0xda, 0x9a, 0x33, 0x99, 0x00, 0x05, 0x06, 0x11, 0x47, 0xa9, 0xe3, 0xf6,
 0x81, 0xff, 0x05, 0xf4, 0xde, 0xa4, 0x45, 0x10, 0x05, 0x8d, 0x00, 0x05,
 0x06, 0x13, 0x4c, 0xb1, 0xea, 0xf8, 0x81, 0xff, 0x05, 0xe9, 0xbc, 0x82,
 0x39, 0x0f, 0x05, 0x97, 0x00, 0x0d, 0x07, 0x14, 0x43, 0x92, 0xcb, 0xee,
 0xfc, 0xf6, 0xd3, 0x93, 0x5a, 0x28, 0x0b, 0x04, 0x8f, 0x00, 0x03, 0x1c,
 0x54, 0x94, 0xdb, 0x81, 0xff, 0x03, 0xe7, 0xb6, 0x77, 0x28, 0x91, 0x00,
 0x03, 0x1c, 0x55, 0x95, 0xdc, 0x81, 0xff, 0x03, 0xe7, 0xb6, 0x76, 0x27,
 0x8f, 0x00, 0x09, 0x3a, 0xad, 0xed, 0xf9, 0xff, 0xff, 0xfb, 0xf4, 0xb4,
 0x3c, 0x9d, 0x00, 0x09, 0x36, 0xa3, 0xe3, 0xf6, 0xff, 0xff, 0xfe, 0xfd,
 0xbd, 0x3f, 0x8f, 0x00, 0x0f, 0x23, 0x68, 0xa7, 0xe0, 0xfd, 0xfe, 0xff,
 0xff, 0xfb, 0xf4, 0xc8, 0x79, 0x40, 0x1e, 0x0a, 0x03, 0x96, 0x00, 0x06,
 0x01, 0x0b, 0x1d, 0x4b, 0x95, 0xcc, 0xee, 0x87, 0xff, 0x03, 0xd0, 0x71,
 0x31, 0x10, 0x8d, 0x00, 0x03, 0x2d, 0x87, 0xc7, 0xec, 0x81, 0xff, 0x03,
 0xeb, 0xc2, 0x82, 0x2b, 0xb7, 0x00, 0x03, 0x05, 0x0e, 0x4e, 0xc4, 0x81,
 0xff, 0x03, 0xf4, 0xde, 0x9e, 0x35, 0x8f, 0x00, 0x03, 0x18, 0x47, 0x87,
 0xd7, 0x81, 0xff, 0x05, 0xfc, 0xf6, 0xbe, 0x55, 0x18, 0x08, 0x91, 0x00,
 0x05, 0x01, 0x03, 0x20, 0x59, 0x98, 0xdd, 0x86, 0xff, 0x04, 0xfe, 0xc0,
 0x43, 0x04, 0x01, 0x87, 0x00, 0x0b, 0x07, 0x14, 0x31, 0x5d, 0x90, 0xcc,
 0xec, 0xf1, 0xc9, 0x75, 0x38, 0x13, 0x93, 0x00, 0x0d, 0x0b, 0x22, 0x61,
 0xc8, 0xfc, 0xfe, 0xff, 0xff, 0xfd, 0xf8, 0xba, 0x43, 0x06, 0x02, 0xc5,
 0x00, 0x03, 0x25, 0x6e, 0xad, 0xe4, 0x81, 0xff, 0x03, 0xf3, 0xda, 0x9a,
 0x33, 0x99, 0x00, 0x05, 0x02, 0x06, 0x31, 0x84, 0xc2, 0xeb, 0x81, 0xff,
 0x05, 0xfb, 0xf4, 0xc4, 0x6c, 0x30, 0x10, 0x8d, 0x00, 0x05, 0x02, 0x06,
 0x36, 0x90, 0xce, 0xef, 0x81, 0xff, 0x05, 0xf7, 0xe6, 0xb6, 0x65, 0x2e,
 0x0f, 0x97, 0x00, 0x0d, 0x14, 0x3d, 0x76, 0xc1, 0xed, 0xf9, 0xfe, 0xfc,
 0xee, 0xd3, 0x9f, 0x52, 0x21, 0x0b, 0x8f, 0x00, 0x03, 0x1c, 0x54, 0x94,
 0xdb, 0x81, 0xff, 0x03, 0xe7, 0xb6, 0x77, 0x28, 0x91, 0x00, 0x03, 0x1c,
 0x55, 0x95, 0xdc, 0x81, 0xff, 0x03, 0xe7, 0xb6, 0x76, 0x27, 0x8f, 0x00,
 0x09, 0x3a, 0xad, 0xed, 0xf9, 0xff, 0xff, 0xfb, 0xf4, 0xb4, 0x3c, 0x9d,
 0x00, 0x09, 0x36, 0xa3, 0xe3, 0xf6, 0xff, 0xff, 0xfe, 0xfd, 0xbd, 0x3f,
 0x8f, 0x00, 0x0f, 0x15, 0x3f, 0x7d, 0xcf, 0xfa, 0xfd, 0xff, 0xff, 0xfe,
 0xfb, 0xe6, 0xbf, 0x8a, 0x48, 0x1d, 0x0a, 0x95, 0x00, 0x07, 0x01, 0x04,
 0x21, 0x57, 0x90, 0xca, 0xed, 0xf9, 0x87, 0xff, 0x03, 0xd0, 0x71, 0x31,
 0x10, 0x8d, 0x00, 0x03, 0x2d, 0x87, 0xc7, 0xec, 0x81, 0xff, 0x03, 0xeb,
 0xc2, 0x82, 0x2b, 0xb7, 0x00, 0x03, 0x05, 0x0e, 0x4e, 0xc4, 0x81, 0xff,
 0x03, 0xf4, 0xde, 0x9e, 0x35, 0x8f, 0x00, 0x04, 0x0e, 0x2b, 0x6b, 0xcd,
 0xfe, 0x80, 0xff, 0x05, 0xfe, 0xfc, 0xd0, 0x79, 0x3a, 0x13, 0x91, 0x00,
 0x05, 0x03, 0x09, 0x35, 0x86, 0xc3, 0xeb, 0x87, 0xff, 0x03, 0xc3, 0x4a,
 0x0b, 0x04, 0x87, 0x00, 0x0b, 0x14, 0x3d, 0x70, 0xab, 0xd5, 0xec, 0xf9,
 0xfa, 0xe1, 0xac, 0x6d, 0x24, 0x93, 0x00, 0x04, 0x17, 0x46, 0x85, 0xd6,
 0xfe, 0x80, 0xff, 0x05, 0xf9, 0xec, 0xad, 0x3b, 0x02, 0x01, 0xc5, 0x00,
 0x03, 0x25, 0x6e, 0xad, 0xe4, 0x81, 0xff, 0x03, 0xf3, 0xda, 0x9a, 0x33,
 0x9b, 0x00, 0x05, 0x1e, 0x5b, 0x9a, 0xdb, 0xfc, 0xfe, 0x81, 0xff, 0x03,
 0xdc, 0x95, 0x55, 0x1c, 0x8f, 0x00, 0x0f, 0x22, 0x66, 0xa4, 0xdd, 0xfb,
 0xfe, 0xff, 0xff, 0xfe, 0xfc, 0xdb, 0x99, 0x60, 0x2e, 0x10, 0x05, 0x92,
 0x00, 0x07, 0x01, 0x0a, 0x1b, 0x3f, 0x75, 0xac, 0xe2, 0xfe, 0x80, 0xff,
 0x05, 0xfa, 0xef, 0xbb, 0x5f, 0x25, 0x0c, 0x8f, 0x00, 0x03, 0x1c, 0x54,
 0x94, 0xdb, 0x81, 0xff, 0x03, 0xe7, 0xb6, 0x77, 0x28, 0x91, 0x00, 0x03,
 0x1c, 0x55, 0x95, 0xdc, 0x81, 0xff, 0x03, 0xe7, 0xb6, 0x76, 0x27, 0x8f,
 0x00, 0x09, 0x3a, 0xad, 0xed, 0xf9, 0xff, 0xff, 0xfb, 0xf4, 0xb4, 0x3c,
 0x9d, 0x00, 0x09, 0x36, 0xa3, 0xe3, 0xf6, 0xff, 0xff, 0xfe, 0xfd, 0xbd,
 0x3f, 0x8f, 0x00, 0x05, 0x0b, 0x20, 0x57, 0xaf, 0xe4, 0xf6, 0x81, 0xff,
 0x07, 0xf8, 0xe9, 0xc2, 0x82, 0x4e, 0x28, 0x0f, 0x05, 0x91, 0x00, 0x0f,
 0x02, 0x06, 0x14, 0x2a, 0x55, 0x93, 0xc5, 0xeb, 0xfe, 0xff, 0xfe, 0xfd,
 0xfa, 0xf6, 0xf7, 0xfc, 0x81, 0xff, 0x03, 0xd0, 0x71, 0x31, 0x10, 0x8d,
 0x00, 0x03, 0x2d, 0x87, 0xc7, 0xec, 0x81, 0xff, 0x03, 0xeb, 0xc2, 0x82,
 0x2b, 0xb7, 0x00, 0x03, 0x05, 0x0e, 0x4e, 0xc4, 0x81, 0xff, 0x03, 0xf4,
 0xde, 0x9e, 0x35, 0x8f, 0x00, 0x05, 0x07, 0x16, 0x53, 0xbe, 0xf6, 0xfc,
 0x81, 0xff, 0x05, 0xe1, 0xa4, 0x68, 0x2c, 0x0b, 0x04, 0x8d, 0x00, 0x0d,
 0x03, 0x08, 0x18, 0x33, 0x66, 0xb3, 0xe2, 0xf5, 0xfe, 0xfb, 0xf8, 0xf7,
 0xf8, 0xfd, 0x81, 0xff, 0x03, 0xc5, 0x51, 0x11, 0x06, 0x87, 0x00, 0x0f,
 0x21, 0x64, 0xa2, 0xda, 0xf9, 0xfd, 0xff, 0xff, 0xf1, 0xd5, 0xa0, 0x51,
 0x20, 0x0c, 0x02, 0x01, 0x8d, 0x00, 0x05, 0x04, 0x0b, 0x31, 0x73, 0xaf,
 0xe4, 0x81, 0xff, 0x03, 0xf3, 0xdb, 0x9c, 0x34, 0xc7, 0x00, 0x03, 0x25,
 0x6e, 0xad, 0xe4, 0x81, 0xff, 0x03, 0xf3, 0xda, 0x9a, 0x33, 0x9b, 0x00,
 0x05, 0x0f, 0x2e, 0x6b, 0xc7, 0xf7, 0xfc, 0x81, 0xff, 0x03, 0xea, 0xc0,
 0x80, 0x2b, 0x8f, 0x00, 0x05, 0x11, 0x32, 0x6e, 0xc4, 0xf3, 0xfb, 0x80,
 0xff, 0x06, 0xfe, 0xf0, 0xd5, 0xa5, 0x62, 0x30, 0x10, 0x91, 0x00, 0x07,
 0x01, 0x04, 0x1f, 0x52, 0x87, 0xbe, 0xe2, 0xf5, 0x81, 0xff, 0x05, 0xf7,
 0xe8, 0xb0, 0x4f, 0x17, 0x08, 0x8f, 0x00, 0x03, 0x1c, 0x54, 0x94, 0xdb,
 0x81, 0xff, 0x03, 0xe7, 0xb6, 0x77, 0x28, 0x91, 0x00, 0x03, 0x1c, 0x55,
 0x95, 0xdc, 0x81, 0xff, 0x03, 0xe7, 0xb6, 0x76, 0x27, 0x8f, 0x00, 0x09,
 0x3a, 0xad, 0xed, 0xf9, 0xff, 0xff, 0xfb, 0xf4, 0xb4, 0x3c, 0x9d, 0x00,
 0x09, 0x36, 0xa3, 0xe3, 0xf6, 0xff, 0xff, 0xfe, 0xfd, 0xbd, 0x3f, 0x8f,
 0x00, 0x05, 0x04, 0x0b, 0x34, 0x7f, 0xbc, 0xe9, 0x81, 0xff, 0x07, 0xfd,
 0xf8, 0xe7, 0xcb, 0x9d, 0x5d, 0x2e, 0x0f, 0x91, 0x00, 0x0f, 0x06, 0x13,
 0x38, 0x75, 0xa8, 0xd1, 0xec, 0xf8, 0xff, 0xff, 0xfd, 0xf8, 0xf0, 0xe5,
 0xe7, 0xf7, 0x81, 0xff, 0x03, 0xd0, 0x71, 0x31, 0x10, 0x8d, 0x00, 0x03,
 0x2d, 0x87, 0xc7, 0xec, 0x81, 0xff, 0x03, 0xeb, 0xc2, 0x82, 0x2b, 0xb7,
 0x00, 0x03, 0x05, 0x0e, 0x4e, 0xc4, 0x81, 0xff, 0x03, 0xf4, 0xde, 0x9e,
 0x35, 0x8f, 0x00, 0x05, 0x02, 0x07, 0x3f, 0xa9, 0xe7, 0xf7, 0x81, 0xff,
 0x05, 0xf2, 0xd7, 0xa2, 0x52, 0x20, 0x0b, 0x8d, 0x00, 0x0d, 0x08, 0x18,
 0x40, 0x80, 0xb4, 0xde, 0xf5, 0xfc, 0xfb, 0xf2, 0xeb, 0xe7, 0xeb, 0xf8,
 0x81, 0xff, 0x03, 0xc7, 0x58, 0x18, 0x08, 0x87, 0x00, 0x0f, 0x2d, 0x88,
 0xc7, 0xeb, 0xfd, 0xfe, 0xff, 0xff, 0xfa, 0xf1, 0xd1, 0x9a, 0x60, 0x25,
 0x06, 0x02, 0x8d, 0x00, 0x05, 0x0b, 0x22, 0x57, 0xaa, 0xde, 0xf4, 0x81,
 0xff, 0x03, 0xec, 0xc6, 0x86, 0x2d, 0xc7, 0x00, 0x03, 0x25, 0x6e, 0xad,
 0xe4, 0x81, 0xff, 0x03, 0xf3, 0xda, 0x9a, 0x33, 0x9b, 0x00, 0x05, 0x06,
 0x12, 0x49, 0xaa, 0xe4, 0xf6, 0x81, 0xff, 0x05, 0xf5, 0xe0, 0xa6, 0x46,
 0x10, 0x05, 0x8d, 0x00, 0x05, 0x06, 0x12, 0x45, 0x9e, 0xd7, 0xf2, 0x81,
 0xff, 0x09, 0xfc, 0xf5, 0xd5, 0x9b, 0x67, 0x37, 0x18, 0x0a, 0x02, 0x01,
 0x8b, 0x00, 0x08, 0x04, 0x0c, 0x19, 0x2b, 0x52, 0x8e, 0xc0, 0xe9, 0xfe,
 0x80, 0xff, 0x07, 0xfe, 0xfd, 0xeb, 0xc7, 0x8c, 0x3a, 0x0c, 0x04, 0x8f,
 0x00, 0x03, 0x1c, 0x54, 0x94, 0xdb, 0x81, 0xff, 0x03, 0xe7, 0xb6, 0x77,
 0x28, 0x91, 0x00, 0x03, 0x1c, 0x55, 0x95, 0xdc, 0x81, 0xff, 0x03, 0xe7,
 0xb6, 0x76, 0x27, 0x8f, 0x00, 0x09, 0x3a, 0xad, 0xed, 0xf9, 0xff, 0xff,
 0xfb, 0xf4, 0xb4, 0x3c, 0x9d, 0x00, 0x09, 0x36, 0xa3, 0xe3, 0xf6, 0xff,
 0xff, 0xfe, 0xfd, 0xbd, 0x3f, 0x91, 0x00, 0x05, 0x1a, 0x4f, 0x8c, 0xd0,
 0xf6, 0xfc, 0x81, 0xff, 0x07, 0xfb, 0xf4, 0xd3, 0x99, 0x64, 0x35, 0x16,
 0x07, 0x8d, 0x00, 0x07, 0x04, 0x0d, 0x22, 0x42, 0x72, 0xb1, 0xdd, 0xf4,
 0x81, 0xff, 0x05, 0xf5, 0xe0, 0xd4, 0xd1, 0xdb, 0xf3, 0x81, 0xff, 0x03,
 0xd0, 0x71, 0x31, 0x10, 0x8d, 0x00, 0x03, 0x2d, 0x87, 0xc7, 0xec, 0x81,
 0xff, 0x03, 0xeb, 0xc2, 0x82, 0x2b, 0xb7, 0x00, 0x03, 0x05, 0x0e, 0x4e,
 0xc4, 0x81, 0xff, 0x03, 0xf4, 0xde, 0x9e, 0x35, 0x91, 0x00, 0x03, 0x2f,
 0x8d, 0xcd, 0xee, 0x81, 0xff, 0x07, 0xfb, 0xf4, 0xcd, 0x86, 0x4c, 0x1f,
 0x07, 0x02, 0x89, 0x00, 0x0f, 0x05, 0x0e, 0x25, 0x48, 0x7a, 0xbb, 0xe4,
 0xf6, 0xff, 0xff, 0xf2, 0xd8, 0xce, 0xd4, 0xe1, 0xf5, 0x81, 0xff, 0x03,
 0xc9, 0x5e, 0x1e, 0x0a, 0x87, 0x00, 0x04, 0x2b, 0x81, 0xc0, 0xe9, 0xfe,
 0x82, 0xff, 0x07, 0xef, 0xce, 0x9c, 0x59, 0x2c, 0x16, 0x09, 0x03, 0x89,
 0x00, 0x07, 0x05, 0x0e, 0x27, 0x51, 0x89, 0xd1, 0xf8, 0xfd, 0x80, 0xff,
 0x04, 0xfe, 0xe1, 0xa8, 0x68, 0x23, 0xc7, 0x00, 0x03, 0x25, 0x6e, 0xad,
 0xe4, 0x81, 0xff, 0x03, 0xf3, 0xda, 0x9a, 0x33, 0x9b, 0x00, 0x05, 0x02,
 0x06, 0x32, 0x85, 0xc3, 0xeb, 0x81, 0xff, 0x05, 0xfc, 0xf5, 0xc5, 0x6d,
 0x31, 0x10, 0x8d, 0x00, 0x05, 0x02, 0x06, 0x29, 0x6b, 0xa9, 0xe2, 0x81,
 0xff, 0x09, 0xfe, 0xfc, 0xf0, 0xda, 0xb3, 0x7b, 0x49, 0x1d, 0x06, 0x02,
 0x8b, 0x00, 0x07, 0x0c, 0x25, 0x48, 0x77, 0xa4, 0xce, 0xea, 0xf8, 0x81,
 0xff, 0x07, 0xfd, 0xfa, 0xd5, 0x8d, 0x51, 0x1f, 0x04, 0x01, 0x8f, 0x00,
 0x03, 0x1c, 0x54, 0x94, 0xdb, 0x81, 0xff, 0x03, 0xe7, 0xb6, 0x77, 0x28,
 0x91, 0x00, 0x03, 0x1c, 0x55, 0x95, 0xdc, 0x81, 0xff, 0x03, 0xe7, 0xb6,
 0x76, 0x27, 0x8f, 0x00, 0x09, 0x3a, 0xad, 0xed, 0xf9, 0xff, 0xff, 0xfb,
 0xf4, 0xb4, 0x3c, 0x9d, 0x00, 0x09, 0x36, 0xa3, 0xe3, 0xf6, 0xff, 0xff,
 0xfe, 0xfd, 0xbd, 0x3f, 0x91, 0x00, 0x05, 0x0a, 0x1e, 0x54, 0xae, 0xe3,
 0xf6, 0x81, 0xff, 0x07, 0xfe, 0xfb, 0xef, 0xd9, 0xb1, 0x75, 0x42, 0x16,
 0x8d, 0x00, 0x07, 0x0d, 0x27, 0x54, 0x92, 0xc1, 0xe0, 0xf4, 0xfb, 0x81,
 0xff, 0x05, 0xe6, 0xb3, 0xa4, 0xba, 0xd3, 0xf0, 0x81, 0xff, 0x03, 0xd0,
 0x71, 0x31, 0x10, 0x8d, 0x00, 0x03, 0x2d, 0x87, 0xc7, 0xec, 0x81, 0xff,
 0x03, 0xeb, 0xc2, 0x82, 0x2b, 0xb7, 0x00, 0x03, 0x05, 0x0e, 0x4e, 0xc4,
 0x81, 0xff, 0x03, 0xf4, 0xde, 0x9e, 0x35, 0x91, 0x00, 0x03, 0x23, 0x6a,
 0xa9, 0xe2, 0x81, 0xff, 0x07, 0xfe, 0xfb, 0xe9, 0xc6, 0x8e, 0x41, 0x14,
 0x07, 0x89, 0x00, 0x0f, 0x0e, 0x2a, 0x58, 0x98, 0xc6, 0xe4, 0xf6, 0xfc,
 0xff, 0xff, 0xe4, 0xae, 0xa1, 0xbe, 0xd9, 0xf2, 0x81, 0xff, 0x03, 0xcb,
 0x63, 0x23, 0x0c, 0x87, 0x00, 0x05, 0x1a, 0x4d, 0x8b, 0xd5, 0xfb, 0xfe,
 0x81, 0xff, 0x07, 0xfa, 0xef, 0xd3, 0xa8, 0x76, 0x3e, 0x1a, 0x09, 0x89,
 0x00, 0x0f, 0x0e, 0x2a, 0x58, 0x96, 0xc7, 0xea, 0xfd, 0xfe, 0xff, 0xff,
 0xfe, 0xfb, 0xd1, 0x82, 0x43, 0x16, 0xc7, 0x00, 0x03, 0x25, 0x6e, 0xad,
 0xe4, 0x81, 0xff, 0x03, 0xf3, 0xda, 0x9a, 0x33, 0x9d, 0x00, 0x05, 0x1f,
 0x5c, 0x9b, 0xdc, 0xfd, 0xfe, 0x81, 0xff, 0x03, 0xdc, 0x96, 0x57, 0x1d,
 0x8f, 0x00, 0x05, 0x14, 0x3d, 0x77, 0xc1, 0xec, 0xf9, 0x81, 0xff, 0x1b,
 0xfe, 0xfb, 0xe3, 0xb5, 0x87, 0x58, 0x39, 0x2a, 0x1e, 0x16, 0x0f, 0x09,
 0x05, 0x02, 0x01, 0x02, 0x06, 0x0c, 0x12, 0x18, 0x20, 0x2b, 0x40, 0x60,
 0x87, 0xb6, 0xd9, 0xf2, 0x83, 0xff, 0x05, 0xf5, 0xe2, 0xaf, 0x5c, 0x26,
 0x0d, 0x91, 0x00, 0x03, 0x1c, 0x54, 0x94, 0xdb, 0x81, 0xff, 0x03, 0xe7,
 0xb6, 0x77, 0x28, 0x91, 0x00, 0x03, 0x1c, 0x55, 0x95, 0xdc, 0x81, 0xff,
 0x03, 0xe7, 0xb6, 0x76, 0x27, 0x8f, 0x00, 0x09, 0x3a, 0xad, 0xed, 0xf9,
 0xff, 0xff, 0xfb, 0xf4, 0xb4, 0x3c, 0x9d, 0x00, 0x09, 0x36, 0xa3, 0xe3,
 0xf6, 0xff, 0xff, 0xfe, 0xfd, 0xbd, 0x3f, 0x91, 0x00, 0x07, 0x01, 0x04,
 0x2e, 0x7e, 0xbb, 0xe3, 0xf9, 0xfd, 0x81, 0xff, 0x1b, 0xfe, 0xfb, 0xe1,
 0xb0, 0x7f, 0x4e, 0x30, 0x26, 0x1d, 0x13, 0x0c, 0x06, 0x03, 0x01, 0x00,
 0x01, 0x04, 0x09, 0x10, 0x18, 0x21, 0x2b, 0x41, 0x62, 0x90, 0xcb, 0xee,
 0xf9, 0x81, 0xff, 0x07, 0xfb, 0xf2, 0xca, 0x81, 0x75, 0xa6, 0xcf, 0xef,
 0x81, 0xff, 0x03, 0xd0, 0x71, 0x31, 0x10, 0x8d, 0x00, 0x03, 0x2d, 0x87,
 0xc7, 0xec, 0x81, 0xff, 0x03, 0xeb, 0xc2, 0x82, 0x2b, 0xb7, 0x00, 0x03,
 0x05, 0x0e, 0x4e, 0xc4, 0x81, 0xff, 0x03, 0xf4, 0xde, 0x9e, 0x35, 0x91,
 0x00, 0x05, 0x17, 0x44, 0x81, 0xd0, 0xf9, 0xfd, 0x81, 0xff, 0x21, 0xf9,
 0xec, 0xc1, 0x78, 0x46, 0x2d, 0x1a, 0x0f, 0x07, 0x02, 0x01, 0x02, 0x07,
 0x0f, 0x17, 0x1e, 0x25, 0x2b, 0x40, 0x64, 0x93, 0xcf, 0xf1, 0xfa, 0xff,
 0xff, 0xfc, 0xf7, 0xce, 0x81, 0x75, 0xaa, 0xd3, 0xf0, 0x81, 0xff, 0x03,
 0xcd, 0x68, 0x29, 0x0e, 0x87, 0x00, 0x05, 0x0d, 0x26, 0x5e, 0xb4, 0xe7,
 0xf7, 0x83, 0xff, 0x17, 0xf3, 0xdb, 0xb3, 0x7c, 0x53, 0x39, 0x27, 0x1c,
 0x13, 0x0c, 0x06, 0x02, 0x02, 0x05, 0x0a, 0x12, 0x1b, 0x25, 0x3e, 0x64,
 0x93, 0xcb, 0xec, 0xf9, 0x81, 0xff, 0x05, 0xf6, 0xe4, 0xb1, 0x5b, 0x25,
 0x0c, 0xc7, 0x00, 0x03, 0x25, 0x6e, 0xad, 0xe4, 0x81, 0xff, 0x03, 0xf3,
 0xda, 0x9a, 0x33, 0x9d, 0x00, 0x05, 0x10, 0x30, 0x6d, 0xc8, 0xf8, 0xfd,
 0x81, 0xff, 0x03, 0xea, 0xc1, 0x81, 0x2b, 0x8f, 0x00, 0x05, 0x07, 0x14,
 0x41, 0x8e, 0xc7, 0xec, 0x82, 0xff, 0x1a, 0xfe, 0xf6, 0xe6, 0xd2, 0xba,
 0x9c, 0x78, 0x5a, 0x43, 0x2e, 0x1c, 0x0f, 0x05, 0x02, 0x06, 0x11, 0x23,
 0x35, 0x48, 0x61, 0x81, 0xa1, 0xbf, 0xd7, 0xe6, 0xf2, 0xfb, 0x83, 0xff,
 0x05, 0xe6, 0xb5, 0x79, 0x34, 0x0d, 0x04, 0x91, 0x00, 0x03, 0x1c, 0x54,
 0x94, 0xdb, 0x81, 0xff, 0x03, 0xe7, 0xb6, 0x77, 0x28, 0x91, 0x00, 0x03,
 0x1c, 0x55, 0x95, 0xdc, 0x81, 0xff, 0x03, 0xe7, 0xb6, 0x76, 0x27, 0x8f,
 0x00, 0x09, 0x3a, 0xad, 0xed, 0xf9, 0xff, 0xff, 0xfb, 0xf4, 0xb4, 0x3c,
 0x9d, 0x00, 0x09, 0x36, 0xa3, 0xe3, 0xf6, 0xff, 0xff, 0xfe, 0xfd, 0xbd,
 0x3f, 0x92, 0x00, 0x06, 0x01, 0x17, 0x42, 0x7b, 0xc3, 0xed, 0xf9, 0x82,
 0xff, 0x1a, 0xfe, 0xf5, 0xe5, 0xcd, 0xae, 0x90, 0x73, 0x56, 0x39, 0x23,
 0x13, 0x08, 0x03, 0x01, 0x04, 0x0d, 0x1b, 0x2f, 0x48, 0x64, 0x82, 0xa0,
 0xbe, 0xd8, 0xed, 0xf9, 0xfd, 0x81, 0xff, 0x07, 0xf2, 0xd9, 0xa1, 0x4a,
 0x47, 0x97, 0xcf, 0xef, 0x81, 0xff, 0x03, 0xd0, 0x71, 0x31, 0x10, 0x8d,
 0x00, 0x03, 0x2d, 0x87, 0xc7, 0xec, 0x81, 0xff, 0x03, 0xeb, 0xc2, 0x82,
 0x2b, 0xb7, 0x00, 0x03, 0x05, 0x0e, 0x4e, 0xc4, 0x81, 0xff, 0x03, 0xf4,
 0xde, 0x9e, 0x35, 0x91, 0x00, 0x05, 0x09, 0x1c, 0x55, 0xb6, 0xec, 0xf9,
 0x81, 0xff, 0x21, 0xfd, 0xf9, 0xe5, 0xc2, 0x9d, 0x74, 0x4f, 0x2c, 0x14,
 0x07, 0x02, 0x06, 0x14, 0x2e, 0x45, 0x5b, 0x6f, 0x80, 0x9a, 0xbb, 0xd7,
 0xed, 0xfa, 0xfd, 0xff, 0xff, 0xf7, 0xe6, 0xaf, 0x52, 0x4a, 0x97, 0xce,
 0xef, 0x81, 0xff, 0x03, 0xce, 0x6d, 0x2e, 0x0f, 0x87, 0x00, 0x05, 0x04,
 0x0d, 0x38, 0x86, 0xc2, 0xeb, 0x83, 0xff, 0x17, 0xfb, 0xf3, 0xe5, 0xd0,
 0xb5, 0x95, 0x74, 0x53, 0x38, 0x24, 0x13, 0x06, 0x05, 0x0e, 0x1e, 0x35,
 0x51, 0x6f, 0x93, 0xbc, 0xda, 0xed, 0xf9, 0xfd, 0x81, 0xff, 0x05, 0xe8,
 0xbb, 0x7f, 0x35, 0x0c, 0x04, 0xc7, 0x00, 0x03, 0x25, 0x6e, 0xad, 0xe4,
 0x81, 0xff, 0x03, 0xf3, 0xda, 0x9a, 0x33, 0x9d, 0x00, 0x05, 0x06, 0x13,
 0x4a, 0xac, 0xe5, 0xf6, 0x81, 0xff, 0x05, 0xf5, 0xe1, 0xa7, 0x47, 0x11,
 0x06, 0x8f, 0x00, 0x05, 0x1d, 0x57, 0x91, 0xca, 0xed, 0xf9, 0x83, 0xff,
 0x14, 0xfa, 0xf0, 0xda, 0xb7, 0x9a, 0x82, 0x6e, 0x5c, 0x4d, 0x42, 0x3e,
 0x43, 0x4f, 0x62, 0x75, 0x88, 0xa1, 0xc1, 0xdd, 0xf3, 0xfe, 0x84, 0xff,
 0x05, 0xf8, 0xeb, 0xc3, 0x80, 0x47, 0x18, 0x93, 0x00, 0x03, 0x1c, 0x54,
 0x94, 0xdb, 0x81, 0xff, 0x03, 0xe7, 0xb6, 0x77, 0x28, 0x91, 0x00, 0x03,
 0x1c, 0x55, 0x95, 0xdc, 0x81, 0xff, 0x03, 0xe7, 0xb6, 0x76, 0x27, 0x8f,
 0x00, 0x09, 0x3a, 0xad, 0xed, 0xf9, 0xff, 0xff, 0xfb, 0xf4, 0xb4, 0x3c,
 0x9d, 0x00, 0x09, 0x36, 0xa3, 0xe3, 0xf6, 0xff, 0xff, 0xfe, 0xfd, 0xbd,
 0x3f, 0x93, 0x00, 0x07, 0x09, 0x1b, 0x48, 0x8f, 0xc4, 0xe6, 0xf9, 0xfd,
 0x83, 0xff, 0x15, 0xf7, 0xe7, 0xd0, 0xb3, 0x96, 0x79, 0x62, 0x52, 0x46,
 0x3f, 0x3e, 0x42, 0x4b, 0x5b, 0x6f, 0x88, 0xa4, 0xc2, 0xdc, 0xf1, 0xfc,
 0xfe, 0x81, 0xff, 0x09, 0xfc, 0xf6, 0xdc, 0xad, 0x70, 0x25, 0x30, 0x8f,
 0xcf, 0xef, 0x81, 0xff, 0x03, 0xd0, 0x71, 0x31, 0x10, 0x8d, 0x00, 0x03,
 0x2d, 0x87, 0xc7, 0xec, 0x81, 0xff, 0x03, 0xeb, 0xc2, 0x82, 0x2b, 0xb7,
 0x00, 0x03, 0x05, 0x0e, 0x4e, 0xc4, 0x81, 0xff, 0x03, 0xf4, 0xde, 0x9e,
 0x35, 0x91, 0x00, 0x07, 0x02, 0x06, 0x34, 0x8c, 0xca, 0xec, 0xfd, 0xfe,
 0x81, 0xff, 0x1f, 0xf9, 0xee, 0xd6, 0xb2, 0x8f, 0x6c, 0x53, 0x44, 0x3f,
 0x43, 0x52, 0x6d, 0x85, 0x9b, 0xaf, 0xc0, 0xd5, 0xec, 0xfa, 0xfd, 0xff,
 0xff, 0xfd, 0xfa, 0xe4, 0xbe, 0x81, 0x2f, 0x32, 0x8c, 0xcb, 0xee, 0x81,
 0xff, 0x03, 0xd0, 0x72, 0x32, 0x11, 0x89, 0x00, 0x05, 0x1d, 0x56, 0x91,
 0xcf, 0xf2, 0xfb, 0x83, 0xff, 0x13, 0xfe, 0xfb, 0xec, 0xd2, 0xb4, 0x93,
 0x78, 0x64, 0x52, 0x43, 0x41, 0x4c, 0x5d, 0x75, 0x90, 0xaf, 0xce, 0xed,
 0xfd, 0xfe, 0x81, 0xff, 0x05, 0xfc, 0xf5, 0xcf, 0x8a, 0x4e, 0x1a, 0xc9,
 0x00, 0x03, 0x25, 0x6e, 0xad, 0xe4, 0x81, 0xff, 0x03, 0xf3, 0xda, 0x9a,
 0x33, 0x9d, 0x00, 0x05, 0x02, 0x06, 0x33, 0x87, 0xc5, 0xec, 0x81, 0xff,
 0x05, 0xfc, 0xf5, 0xc6, 0x70, 0x33, 0x11, 0x8f, 0x00, 0x05, 0x0a, 0x1d,
 0x4b, 0x93, 0xc9, 0xed, 0x83, 0xff, 0x13, 0xfd, 0xfa, 0xf3, 0xe7, 0xdd,
 0xd5, 0xcf, 0xc9, 0xc1, 0xb8, 0xb6, 0xba, 0xc1, 0xca, 0xd1, 0xd7, 0xe0,
 0xea, 0xf4, 0xfb, 0x84, 0xff, 0x06, 0xfe, 0xea, 0xc2, 0x8b, 0x43, 0x18,
 0x08, 0x93, 0x00, 0x03, 0x1c, 0x54, 0x94, 0xdb, 0x81, 0xff, 0x03, 0xe7,
 0xb6, 0x77, 0x28, 0x91, 0x00, 0x03, 0x1c, 0x55, 0x95, 0xdc, 0x81, 0xff,
 0x03, 0xe7, 0xb6, 0x76, 0x27, 0x8f, 0x00, 0x09, 0x3a, 0xad, 0xed, 0xf9,
 0xff, 0xff, 0xfb, 0xf4, 0xb4, 0x3c, 0x9d, 0x00, 0x09, 0x36, 0xa3, 0xe3,
 0xf6, 0xff, 0xff, 0xfe, 0xfd, 0xbd, 0x3f, 0x93, 0x00, 0x07, 0x03, 0x09,
 0x20, 0x47, 0x7d, 0xc3, 0xec, 0xf9, 0x83, 0xff, 0x14, 0xfc, 0xf7, 0xef,
 0xe6, 0xdc, 0xd2, 0xca, 0xc4, 0xbd, 0xb6, 0xb5, 0xba, 0xc0, 0xc7, 0xcf,
 0xd7, 0xe1, 0xeb, 0xf3, 0xfa, 0xfe, 0x82, 0xff, 0x09, 0xf6, 0xe5, 0xb8,
 0x6f, 0x38, 0x13, 0x30, 0x8f, 0xcf, 0xef, 0x81, 0xff, 0x03, 0xd0, 0x71,
 0x31, 0x10, 0x8d, 0x00, 0x03, 0x2d, 0x87, 0xc7, 0xec, 0x81, 0xff, 0x03,
 0xeb, 0xc2, 0x82, 0x2b, 0xb7, 0x00, 0x03, 0x05, 0x0e, 0x4e, 0xc4, 0x81,
 0xff, 0x03, 0xf4, 0xde, 0x9e, 0x35, 0x91, 0x00, 0x07, 0x01, 0x02, 0x1d,
 0x53, 0x91, 0xd6, 0xfa, 0xfd, 0x81, 0xff, 0x1f, 0xfd, 0xf9, 0xf1, 0xe5,
 0xda, 0xce, 0xc4, 0xbb, 0xb8, 0xb9, 0xc0, 0xcd, 0xd6, 0xde, 0xe4, 0xea,
 0xf1, 0xf9, 0xfd, 0xfe, 0xff, 0xff, 0xfa, 0xef, 0xc6, 0x7e, 0x45, 0x18,
 0x2f, 0x89, 0xc9, 0xed, 0x81, 0xff, 0x03, 0xd1, 0x76, 0x36, 0x12, 0x89,
 0x00, 0x05, 0x0c, 0x24, 0x56, 0xa4, 0xd8, 0xf2, 0x84, 0xff, 0x11, 0xfe,
 0xf9, 0xf0, 0xe6, 0xdb, 0xd2, 0xcb, 0xc3, 0xb9, 0xb8, 0xbf, 0xc8, 0xd1,
 0xda, 0xe4, 0xef, 0xf9, 0xfe, 0x82, 0xff, 0x05, 0xf5, 0xe0, 0xaa, 0x53,
 0x1d, 0x0a, 0xc9, 0x00, 0x03, 0x25, 0x6e, 0xad, 0xe4, 0x81, 0xff, 0x03,
 0xf3, 0xda, 0x9a, 0x33, 0x9f, 0x00, 0x05, 0x20, 0x5f, 0x9e, 0xdd, 0xfd,
 0xfe, 0x81, 0xff, 0x03, 0xdd, 0x99, 0x59, 0x1e, 0x91, 0x00, 0x07, 0x1e,
 0x59, 0x92, 0xc7, 0xe9, 0xf6, 0xfd, 0xfe, 0x87, 0xff, 0x05, 0xfc, 0xf7,
 0xf5, 0xf8, 0xfb, 0xfe, 0x87, 0xff, 0x07, 0xfe, 0xfc, 0xf2, 0xe0, 0xbd,
 0x89, 0x53, 0x1c, 0x95, 0x00, 0x03, 0x1c, 0x54, 0x94, 0xdb, 0x81, 0xff,
 0x03, 0xe7, 0xb6, 0x77, 0x28, 0x91, 0x00, 0x03, 0x1c, 0x55, 0x95, 0xdc,
 0x81, 0xff, 0x03, 0xe7, 0xb6, 0x76, 0x27, 0x8f, 0x00, 0x09, 0x3a, 0xad,
 0xed, 0xf9, 0xff, 0xff, 0xfb, 0xf4, 0xb4, 0x3c, 0x9d, 0x00, 0x09, 0x36,
 0xa3, 0xe3, 0xf6, 0xff, 0xff, 0xfe, 0xfd, 0xbd, 0x3f, 0x95, 0x00, 0x07,
 0x09, 0x1a, 0x46, 0x8d, 0xc0, 0xdf, 0xf2, 0xfb, 0x87, 0xff, 0x07, 0xfe,
 0xfd, 0xfa, 0xf5, 0xf4, 0xf8, 0xfc, 0xfe, 0x87, 0xff, 0x0b, 0xf9, 0xee,
 0xd6, 0xb2, 0x7f, 0x3d, 0x15, 0x07, 0x30, 0x8f, 0xcf, 0xef, 0x81, 0xff,
 0x03, 0xd0, 0x71, 0x31, 0x10, 0x8d, 0x00, 0x03, 0x2d, 0x87, 0xc7, 0xec,
 0x81, 0xff, 0x03, 0xeb, 0xc2, 0x82, 0x2b, 0xb7, 0x00, 0x03, 0x05, 0x0e,
 0x4e, 0xc4, 0x81, 0xff, 0x03, 0xf4, 0xde, 0x9e, 0x35, 0x93, 0x00, 0x07,
 0x0e, 0x29, 0x5e, 0xad, 0xde, 0xf3, 0xfd, 0xfe, 0x85, 0xff, 0x05, 0xfd,
 0xf9, 0xf7, 0xf7, 0xf9, 0xfd, 0x85, 0xff, 0x0b, 0xfd, 0xfa, 0xe7, 0xc7,
 0x92, 0x4a, 0x1d, 0x0a, 0x2d, 0x87, 0xc6, 0xec, 0x81, 0xff, 0x03, 0xd3,
 0x7a, 0x3a, 0x13, 0x89, 0x00, 0x08, 0x03, 0x08, 0x2b, 0x6d, 0xa3, 0xce,
 0xea, 0xf7, 0xfe, 0x88, 0xff, 0x05, 0xfc, 0xf7, 0xf6, 0xfb, 0xfd, 0xfe,
 0x85, 0xff, 0x07, 0xfd, 0xf8, 0xe1, 0xb8, 0x7b, 0x2d, 0x04, 0x01, 0xc9,
 0x00, 0x03, 0x25, 0x6e, 0xad, 0xe4, 0x81, 0xff, 0x03, 0xf3, 0xda, 0x9a,
 0x33, 0x9f, 0x00, 0x05, 0x11, 0x32, 0x6f, 0xc9, 0xf8, 0xfd, 0x81, 0xff,
 0x03, 0xeb, 0xc3, 0x83, 0x2c, 0x91, 0x00, 0x07, 0x0a, 0x1e, 0x48, 0x87,
 0xbc, 0xe4, 0xfa, 0xfd, 0x87, 0xff, 0x04, 0xfe, 0xfc, 0xfc, 0xfd, 0xfe,
 0x88, 0xff, 0x07, 0xfc, 0xf5, 0xd8, 0xa4, 0x70, 0x3e, 0x1c, 0x09, 0x95,
 0x00, 0x03, 0x1c, 0x54, 0x94, 0xdb, 0x81, 0xff, 0x03, 0xe7, 0xb6, 0x77,
 0x28, 0x91, 0x00, 0x03, 0x1c, 0x55, 0x95, 0xdc, 0x81, 0xff, 0x03, 0xe7,
 0xb6, 0x76, 0x27, 0x8f, 0x00, 0x09, 0x3a, 0xad, 0xed, 0xf9, 0xff, 0xff,
 0xfb, 0xf4, 0xb4, 0x3c, 0x9d, 0x00, 0x09, 0x36, 0xa3, 0xe3, 0xf6, 0xff,
 0xff, 0xfe, 0xfd, 0xbd, 0x3f, 0x95, 0x00, 0x07, 0x03, 0x09, 0x1e, 0x44,
 0x74, 0xae, 0xd8, 0xf2, 0x88, 0xff, 0x05, 0xfe, 0xfd, 0xfc, 0xfb, 0xfd,
 0xfe, 0x87, 0xff, 0x0c, 0xfe, 0xed, 0xcb, 0x9b, 0x5d, 0x31, 0x17, 0x07,
 0x02, 0x30, 0x8f, 0xcf, 0xef, 0x81, 0xff, 0x03, 0xd0, 0x71, 0x31, 0x10,
 0x8d, 0x00, 0x03, 0x2d, 0x87, 0xc7, 0xec, 0x81, 0xff, 0x03, 0xeb, 0xc2,
 0x82, 0x2b, 0xb7, 0x00, 0x03, 0x05, 0x0e, 0x4e, 0xc4, 0x81, 0xff, 0x03,
 0xf4, 0xde, 0x9e, 0x35, 0x93, 0x00, 0x07, 0x05, 0x0e, 0x32, 0x71, 0xaa,
 0xde, 0xfa, 0xfd, 0x85, 0xff, 0x05, 0xfe, 0xfd, 0xfc, 0xfc, 0xfd, 0xfe,
 0x85, 0xff, 0x0b, 0xfa, 0xef, 0xc7, 0x81, 0x4a, 0x21, 0x0a, 0x03, 0x2c,
 0x84, 0xc4, 0xeb, 0x81, 0xff, 0x03, 0xd4, 0x7e, 0x3e, 0x15, 0x89, 0x00,
 0x09, 0x01, 0x03, 0x10, 0x28, 0x52, 0x8d, 0xbf, 0xe8, 0xfd, 0xfe, 0x87,
 0xff, 0x04, 0xfe, 0xfc, 0xfc, 0xfe, 0xfe, 0x86, 0xff, 0x06, 0xf8, 0xeb,
 0xc1, 0x7b, 0x43, 0x17, 0x01, 0xca, 0x00, 0x03, 0x25, 0x6e, 0xad, 0xe4,
 0x81, 0xff, 0x03, 0xf3, 0xda, 0x9a, 0x33, 0x9f, 0x00, 0x05, 0x07, 0x14,
 0x4c, 0xad, 0xe6, 0xf7, 0x81, 0xff, 0x05, 0xf5, 0xe2, 0xa8, 0x48, 0x12,
 0x06, 0x91, 0x00, 0x07, 0x1a, 0x4e, 0x7f, 0xaf, 0xd2, 0xe7, 0xf5, 0xfc,
 0x92, 0xff, 0x08, 0xfe, 0xf9, 0xf1, 0xe2, 0xcb, 0xa3, 0x68, 0x38, 0x13,
 0x97, 0x00, 0x03, 0x1c, 0x54, 0x94, 0xdb, 0x81, 0xff, 0x03, 0xe7, 0xb6,
 0x77, 0x28, 0x91, 0x00, 0x03, 0x1c, 0x55, 0x95, 0xdc, 0x81, 0xff, 0x03,
 0xe7, 0xb6, 0x76, 0x27, 0x8f, 0x00, 0x09, 0x3a, 0xad, 0xed, 0xf9, 0xff,
 0xff, 0xfb, 0xf4, 0xb4, 0x3c, 0x9d, 0x00, 0x09, 0x36, 0xa3, 0xe3, 0xf6,
 0xff, 0xff, 0xfe, 0xfd, 0xbd, 0x3f, 0x97, 0x00, 0x09, 0x08, 0x17, 0x3a,
 0x70, 0x9f, 0xc5, 0xe0, 0xf0, 0xf9, 0xfd, 0x91, 0xff, 0x0f, 0xfd, 0xf8,
 0xef, 0xe1, 0xc2, 0x92, 0x5e, 0x26, 0x08, 0x03, 0x00, 0x00, 0x30, 0x8f,
 0xcf, 0xef, 0x81, 0xff, 0x03, 0xd0, 0x71, 0x31, 0x10, 0x8d, 0x00, 0x03,
 0x2d, 0x87, 0xc7, 0xec, 0x81, 0xff, 0x03, 0xeb, 0xc2, 0x82, 0x2b, 0xb7,
 0x00, 0x03, 0x05, 0x0e, 0x4e, 0xc4, 0x81, 0xff, 0x03, 0xf4, 0xde, 0x9e,
 0x35, 0x95, 0x00, 0x07, 0x15, 0x3e, 0x71, 0xad, 0xd6, 0xec, 0xf9, 0xfd,
 0x8e, 0xff, 0x0e, 0xfe, 0xf9, 0xf0, 0xdd, 0xc2, 0x91, 0x4a, 0x1d, 0x0a,
 0x00, 0x00, 0x2b, 0x82, 0xc2, 0xeb, 0x81, 0xff, 0x03, 0xd5, 0x82, 0x42,
 0x16, 0x8b, 0x00, 0x09, 0x01, 0x04, 0x1f, 0x52, 0x86, 0xbb, 0xdd, 0xec,
 0xf6, 0xfc, 0x8f, 0xff, 0x09, 0xfe, 0xfd, 0xf6, 0xe9, 0xd3, 0xb6, 0x87,
 0x46, 0x1d, 0x0a, 0xcb, 0x00, 0x03, 0x25, 0x6e, 0xad, 0xe4, 0x81, 0xff,
 0x03, 0xf3, 0xda, 0x9a, 0x33, 0x9f, 0x00, 0x05, 0x02, 0x07, 0x34, 0x89,
 0xc7, 0xec, 0x81, 0xff, 0x05, 0xfc, 0xf5, 0xc7, 0x71, 0x35, 0x12, 0x91,
 0x00, 0x07, 0x09, 0x1a, 0x34, 0x58, 0x85, 0xbb, 0xe0, 0xf5, 0x91, 0xff,
 0x09, 0xfe, 0xfb, 0xee, 0xd6, 0xb1, 0x7e, 0x51, 0x2c, 0x13, 0x06, 0x97,
 0x00, 0x03, 0x1c, 0x54, 0x94, 0xdb, 0x81, 0xff, 0x03, 0xe7, 0xb6, 0x77,
 0x28, 0x91, 0x00, 0x03, 0x1c, 0x55, 0x95, 0xdc, 0x81, 0xff, 0x03, 0xe7,
 0xb6, 0x76, 0x27, 0x8f, 0x00, 0x09, 0x3a, 0xad, 0xed, 0xf9, 0xff, 0xff,
 0xfb, 0xf4, 0xb4, 0x3c, 0x9d, 0x00, 0x09, 0x36, 0xa3, 0xe3, 0xf6, 0xff,
 0xff, 0xfe, 0xfd, 0xbd, 0x3f, 0x97, 0x00, 0x09, 0x03, 0x08, 0x13, 0x25,
 0x46, 0x74, 0xa3, 0xd1, 0xee, 0xf9, 0x91, 0xff, 0x0f, 0xf8, 0xea, 0xce,
 0xa6, 0x77, 0x43, 0x1f, 0x0d, 0x03, 0x01, 0x00, 0x00, 0x30, 0x8f, 0xcf,
 0xef, 0x81, 0xff, 0x03, 0xd0, 0x71, 0x31, 0x10, 0x8d, 0x00, 0x03, 0x2d,
 0x87, 0xc7, 0xec, 0x81, 0xff, 0x03, 0xeb, 0xc2, 0x82, 0x2b, 0xb7, 0x00,
 0x03, 0x05, 0x0e, 0x4e, 0xc4, 0x81, 0xff, 0x03, 0xf4, 0xde, 0x9e, 0x35,
 0x95, 0x00, 0x07, 0x07, 0x15, 0x32, 0x5e, 0x91, 0xcb, 0xee, 0xf9, 0x8d,
 0xff, 0x0f, 0xfe, 0xfd, 0xee, 0xd1, 0xa8, 0x74, 0x46, 0x20, 0x0a, 0x03,
 0x00, 0x00, 0x2b, 0x80, 0xc0, 0xea, 0x81, 0xff, 0x03, 0xd6, 0x85, 0x46,
 0x17, 0x8c, 0x00, 0x08, 0x01, 0x0a, 0x1b, 0x3d, 0x6f, 0x9d, 0xc7, 0xe5,
 0xf6, 0x8f, 0xff, 0x09, 0xfd, 0xf9, 0xe3, 0xbc, 0x8e, 0x59, 0x32, 0x19,
 0x0a, 0x03, 0xcb, 0x00, 0x03, 0x20, 0x5f, 0x96, 0xc5, 0x81, 0xdc, 0x03,
 0xd1, 0xbc, 0x85, 0x2c, 0xa1, 0x00, 0x03, 0x20, 0x60, 0x97, 0xc5, 0x83,
 0xdc, 0x03, 0xbc, 0x7b, 0x44, 0x17, 0x93, 0x00, 0x0c, 0x0b, 0x21, 0x47,
 0x7c, 0xa4, 0xc1, 0xd5, 0xe1, 0xeb, 0xf3, 0xf9, 0xfc, 0xfe, 0x84, 0xff,
 0x0d, 0xfd, 0xfb, 0xf8, 0xf5, 0xee, 0xe5, 0xd9, 0xca, 0xb5, 0x99, 0x72,
 0x41, 0x1e, 0x0a, 0x99, 0x00, 0x03, 0x18, 0x49, 0x80, 0xbd, 0x81, 0xdc,
 0x03, 0xc7, 0x9d, 0x66, 0x22, 0x91, 0x00, 0x03, 0x18, 0x49, 0x80, 0xbd,
 0x81, 0xdc, 0x03, 0xc7, 0x9d, 0x66, 0x22, 0x8f, 0x00, 0x09, 0x32, 0x96,
 0xcd, 0xd7, 0xdc, 0xdc, 0xd9, 0xd2, 0x9b, 0x34, 0x9d, 0x00, 0x09, 0x2f,
 0x8c, 0xc3, 0xd4, 0xdc, 0xdc, 0xdb, 0xda, 0xa3, 0x36, 0x9b, 0x00, 0x0c,
 0x13, 0x39, 0x63, 0x92, 0xb5, 0xca, 0xda, 0xe5, 0xee, 0xf5, 0xfa, 0xfd,
 0xfe, 0x83, 0xff, 0x0c, 0xfe, 0xfc, 0xfa, 0xf5, 0xef, 0xe6, 0xda, 0xc7,
 0xaf, 0x8f, 0x66, 0x3d, 0x14, 0x83, 0x00, 0x03, 0x29, 0x7c, 0xb3, 0xce,
 0x81, 0xdc, 0x03, 0xb3, 0x61, 0x2a, 0x0e, 0x8d, 0x00, 0x03, 0x27, 0x74,
 0xab, 0xcc, 0x81, 0xdc, 0x03, 0xca, 0xa7, 0x70, 0x25, 0xb7, 0x00, 0x03,
 0x04, 0x0d, 0x44, 0xa9, 0x81, 0xdc, 0x03, 0xd3, 0xc0, 0x89, 0x2e, 0x97,
 0x00, 0x0b, 0x0e, 0x29, 0x54, 0x8e, 0xb7, 0xcf, 0xe0, 0xeb, 0xf3, 0xf9,
 0xfd, 0xfe, 0x82, 0xff, 0x0c, 0xfe, 0xfc, 0xf9, 0xf5, 0xf0, 0xe5, 0xd5,
 0xbb, 0x95, 0x6a, 0x39, 0x19, 0x08, 0x81, 0x00, 0x03, 0x25, 0x6e, 0xa5,
 0xca, 0x81, 0xdc, 0x03, 0xba, 0x75, 0x3e, 0x15, 0x8f, 0x00, 0x0d, 0x12,
 0x37, 0x5e, 0x88, 0xaa, 0xc4, 0xd7, 0xe3, 0xed, 0xf4, 0xf9, 0xfb, 0xfd,
 0xfe, 0x81, 0xff, 0x0d, 0xfe, 0xfb, 0xf8, 0xf5, 0xf0, 0xeb, 0xe0, 0xcd,
 0xac, 0x7f, 0x50, 0x20, 0x06, 0x02, 0xcd, 0x00, 0x03, 0x16, 0x41, 0x66,
 0x86, 0x81, 0x96, 0x03, 0x8f, 0x80, 0x5b, 0x1e, 0xa1, 0x00, 0x03, 0x11,
 0x32, 0x58, 0x81, 0x83, 0x96, 0x03, 0x85, 0x63, 0x3e, 0x15, 0x93, 0x00,
 0x0d, 0x04, 0x0b, 0x18, 0x29, 0x42, 0x61, 0x82, 0xa4, 0xc2, 0xdb, 0xec,
 0xf6, 0xfc, 0xfe, 0x82, 0xff, 0x0e, 0xfe, 0xfa, 0xf3, 0xeb, 0xe0, 0xcd,
 0xb2, 0x91, 0x6b, 0x4d, 0x39, 0x26, 0x16, 0x0a, 0x03, 0x99, 0x00, 0x03,
 0x11, 0x32, 0x57, 0x81, 0x81, 0x96, 0x03, 0x88, 0x6b, 0x46, 0x17, 0x91,
 0x00, 0x03, 0x11, 0x32, 0x57, 0x81, 0x81, 0x96, 0x03, 0x88, 0x6b, 0x45,
 0x17, 0x8f, 0x00, 0x09, 0x22, 0x66, 0x8c, 0x93, 0x96, 0x96, 0x94, 0x8f,
 0x6a, 0x23, 0x9d, 0x00, 0x03, 0x20, 0x60, 0x85, 0x90, 0x80, 0x96, 0x02,
 0x95, 0x6f, 0x25, 0x9b, 0x00, 0x0d, 0x06, 0x13, 0x22, 0x34, 0x4e, 0x70,
 0x91, 0xb0, 0xcb, 0xe1, 0xf0, 0xf8, 0xfd, 0xfe, 0x81, 0xff, 0x0d, 0xfe,
 0xfc, 0xf7, 0xef, 0xe2, 0xce, 0xb3, 0x8f, 0x6b, 0x48, 0x30, 0x22, 0x14,
 0x07, 0x83, 0x00, 0x03, 0x1c, 0x54, 0x7a, 0x8d, 0x81, 0x96, 0x03, 0x7a,
 0x43, 0x1d, 0x0a, 0x8d, 0x00, 0x03, 0x1a, 0x4f, 0x75, 0x8b, 0x81, 0x96,
 0x03, 0x8a, 0x72, 0x4d, 0x1a, 0xb7, 0x00, 0x03, 0x03, 0x09, 0x2f, 0x74,
 0x81, 0x96, 0x03, 0x90, 0x83, 0x5d, 0x1f, 0x97, 0x00, 0x0b, 0x05, 0x0e,
 0x1e, 0x36, 0x56, 0x7e, 0xa2, 0xc2, 0xdb, 0xed, 0xf8, 0xfd, 0x81, 0xff,
 0x0d, 0xfe, 0xfd, 0xf7, 0xee, 0xe1, 0xd2, 0xb3, 0x87, 0x5f, 0x3d, 0x23,
 0x13, 0x08, 0x03, 0x81, 0x00, 0x03, 0x19, 0x4a, 0x70, 0x89, 0x81, 0x96,
 0x03, 0x7f, 0x51, 0x2c, 0x0f, 0x8f, 0x00, 0x0d, 0x06, 0x12, 0x1f, 0x2d,
 0x44, 0x64, 0x87, 0xac, 0xc9, 0xdd, 0xec, 0xf3, 0xf9, 0xfd, 0x81, 0xff,
 0x0d, 0xfb, 0xf4, 0xeb, 0xe0, 0xd3, 0xc4, 0xa6, 0x78, 0x51, 0x32, 0x1b,
 0x0b, 0x02, 0x01, 0xcd, 0x00, 0x03, 0x0c, 0x25, 0x3b, 0x4d, 0x81, 0x56,
 0x03, 0x52, 0x4a, 0x34, 0x11, 0xa1, 0x00, 0x03, 0x07, 0x14, 0x2a, 0x47,
 0x83, 0x56, 0x03, 0x4f, 0x41, 0x2c, 0x0f, 0x97, 0x00, 0x19, 0x0c, 0x25,
 0x43, 0x65, 0x82, 0x9b, 0xad, 0xb7, 0xc0, 0xc7, 0xcc, 0xd1, 0xd2, 0xcf,
 0xcb, 0xc4, 0xbd, 0xb5, 0xab, 0xa1, 0x8e, 0x72, 0x52, 0x2c, 0x13, 0x06,
 0x9d, 0x00, 0x03, 0x0a, 0x1d, 0x32, 0x4a, 0x81, 0x56, 0x03, 0x4e, 0x3e,
 0x28, 0x0d, 0x91, 0x00, 0x03, 0x0a, 0x1d, 0x32, 0x4a, 0x81, 0x56, 0x03,
 0x4e, 0x3e, 0x28, 0x0d, 0x8f, 0x00, 0x09, 0x14, 0x3b, 0x51, 0x54, 0x56,
 0x56, 0x55, 0x52, 0x3d, 0x14, 0x9d, 0x00, 0x03, 0x12, 0x37, 0x4d, 0x53,
 0x81, 0x56, 0x01, 0x40, 0x15, 0x9d, 0x00, 0x19, 0x01, 0x04, 0x14, 0x32,
 0x51, 0x71, 0x8b, 0xa1, 0xb1, 0xba, 0xc1, 0xc8, 0xcd, 0xd1, 0xd2, 0xce,
 0xc9, 0xc1, 0xb9, 0xb0, 0xa2, 0x8f, 0x73, 0x4f, 0x2e, 0x0f, 0x87, 0x00,
 0x03, 0x10, 0x30, 0x46, 0x51, 0x81, 0x56, 0x03, 0x46, 0x26, 0x11, 0x06,
 0x8d, 0x00, 0x03, 0x0f, 0x2e, 0x43, 0x50, 0x81, 0x56, 0x03, 0x50, 0x42,
 0x2c, 0x0f, 0xb7, 0x00, 0x03, 0x02, 0x06, 0x1b, 0x43, 0x81, 0x56, 0x03,
 0x53, 0x4b, 0x35, 0x12, 0x99, 0x00, 0x17, 0x03, 0x08, 0x1d, 0x41, 0x62,
 0x82, 0x9b, 0xad, 0xba, 0xc2, 0xc8, 0xce, 0xd0, 0xd1, 0xcd, 0xc4, 0xbb,
 0xaf, 0xa2, 0x92, 0x74, 0x48, 0x25, 0x0c, 0x85, 0x00, 0x03, 0x0e, 0x2a,
 0x40, 0x4f, 0x81, 0x56, 0x03, 0x49, 0x2f, 0x1a, 0x09, 0x93, 0x00, 0x17,
 0x0d, 0x27, 0x47, 0x6c, 0x89, 0x9e, 0xac, 0xb3, 0xbb, 0xc4, 0xcb, 0xd0,
 0xd0, 0xcc, 0xc3, 0xb7, 0xab, 0xa0, 0x93, 0x85, 0x67, 0x3a, 0x1b, 0x09,
 0xd1, 0x00, 0x03, 0x04, 0x0c, 0x14, 0x1a, 0x81, 0x1d, 0x03, 0x1b, 0x19,
 0x11, 0x06, 0xa1, 0x00, 0x03, 0x02, 0x07, 0x0e, 0x18, 0x83, 0x1d, 0x03,
 0x1a, 0x16, 0x0f, 0x05, 0x97, 0x00, 0x19, 0x04, 0x0c, 0x16, 0x22, 0x2b,
 0x34, 0x3b, 0x41, 0x4b, 0x59, 0x67, 0x74, 0x77, 0x70, 0x63, 0x52, 0x46,
 0x3f, 0x39, 0x36, 0x2f, 0x26, 0x1b, 0x0f, 0x06, 0x02, 0x9d, 0x00, 0x03,
 0x03, 0x0a, 0x11, 0x19, 0x81, 0x1d, 0x03, 0x1a, 0x15, 0x0d, 0x04, 0x91,
 0x00, 0x03, 0x03, 0x0a, 0x11, 0x19, 0x81, 0x1d, 0x03, 0x1a, 0x15, 0x0d,
 0x04, 0x8f, 0x00, 0x09, 0x07, 0x14, 0x1b, 0x1c, 0x1d, 0x1d, 0x1c, 0x1b,
 0x14, 0x07, 0x9d, 0x00, 0x03, 0x06, 0x12, 0x1a, 0x1c, 0x81, 0x1d, 0x01,
 0x15, 0x07, 0x9e, 0x00, 0x18, 0x01, 0x07, 0x11, 0x1b, 0x26, 0x2e, 0x36,
 0x3c, 0x41, 0x4c, 0x5c, 0x6a, 0x76, 0x77, 0x6c, 0x5e, 0x4d, 0x41, 0x3c,
 0x36, 0x30, 0x26, 0x1a, 0x0f, 0x05, 0x87, 0x00, 0x03, 0x05, 0x10, 0x17,
 0x1b, 0x81, 0x1d, 0x03, 0x17, 0x0d, 0x06, 0x02, 0x8d, 0x00, 0x03, 0x05,
 0x0f, 0x16, 0x1b, 0x81, 0x1d, 0x03, 0x1b, 0x16, 0x0f, 0x05, 0xb7, 0x00,
 0x03, 0x01, 0x02, 0x09, 0x16, 0x81, 0x1d, 0x03, 0x1c, 0x19, 0x12, 0x06,
 0x99, 0x00, 0x17, 0x01, 0x03, 0x0a, 0x16, 0x21, 0x2b, 0x34, 0x3a, 0x42,
 0x4e, 0x5b, 0x6b, 0x73, 0x74, 0x6a, 0x55, 0x46, 0x3d, 0x36, 0x31, 0x27,
 0x18, 0x0c, 0x04, 0x85, 0x00, 0x03, 0x05, 0x0e, 0x15, 0x1a, 0x81, 0x1d,
 0x03, 0x18, 0x10, 0x09, 0x03, 0x93, 0x00, 0x17, 0x04, 0x0d, 0x18, 0x24,
 0x2e, 0x35, 0x39, 0x3c, 0x45, 0x54, 0x64, 0x73, 0x73, 0x65, 0x56, 0x44,
 0x39, 0x35, 0x31, 0x2c, 0x22, 0x13, 0x09, 0x03, 0xff, 0x00, 0xad, 0x00,
 0x0b, 0x01, 0x04, 0x0c, 0x1a, 0x27, 0x35, 0x38, 0x30, 0x24, 0x13, 0x08,
 0x03, 0xff, 0x00, 0xbd, 0x00, 0x0b, 0x01, 0x04, 0x0d, 0x1d, 0x2b, 0x36,
 0x37, 0x2c, 0x1f, 0x0e, 0x04, 0x01, 0xff, 0x00, 0x9d, 0x00, 0x09, 0x05,
 0x0f, 0x1b, 0x2b, 0x33, 0x34, 0x2a, 0x16, 0x09, 0x03, 0xb5, 0x00, 0x07,
 0x07, 0x15, 0x24, 0x33, 0x34, 0x26, 0x17, 0x08, 0xff, 0x00, 0xb6, 0x00,
 0x0a, 0x01, 0x04, 0x09, 0x0d, 0x12, 0x13, 0x10, 0x0c, 0x06, 0x03, 0x01,
 0xff, 0x00, 0xbe, 0x00, 0x09, 0x01, 0x04, 0x0a, 0x0e, 0x12, 0x12, 0x0f,
 0x0a, 0x05, 0x01, 0xff, 0x00, 0x9e, 0x00, 0x09, 0x02, 0x05, 0x09, 0x0e,
 0x11, 0x11, 0x0e, 0x07, 0x03, 0x01, 0xb5, 0x00, 0x07, 0x02, 0x07, 0x0c,
 0x11, 0x11, 0x0d, 0x08, 0x03, 0xff, 0x00, 0xff, 0x00, 0xff, 0x00, 0xff,
 0x00, 0xff, 0x00, 0xff, 0x00, 0xff, 0x00, 0xff, 0x00, 0xff, 0x00, 0xff,
 0x00, 0xff, 0x00, 0xff, 0x00, 0xff, 0x00, 0xff, 0x00, 0xff, 0x00, 0xff,
 0x00, 0xff, 0x00, 0xff, 0x00, 0xff, 0x00, 0xff, 0x00, 0xff, 0x00, 0xff,
 0x00, 0xff, 0x00, 0xff, 0x00, 0xff, 0x00, 0xff, 0x00, 0xff, 0x00, 0xff,
 0x00, 0xff, 0x00, 0xff, 0x00, 0xd3, 0x00, 0x07, 0x04, 0x0d, 0x18, 0x24,
 0x2a, 0x2a, 0x20, 0x0b, 0xff, 0x00, 0xff, 0x00, 0xff, 0x00, 0xff, 0x00,
 0xed, 0x00, 0x07, 0x0d, 0x28, 0x48, 0x6d, 0x7f, 0x7e, 0x5f, 0x20, 0xff,
 0x00, 0xff, 0x00, 0xff, 0x00, 0xff, 0x00, 0xed, 0x00, 0x07, 0x14, 0x3c,
 0x6c, 0xa3, 0xbf, 0xbe, 0x8e, 0x2f, 0xff, 0x00, 0xff, 0x00, 0xff, 0x00,
 0xff, 0x00, 0xed, 0x00, 0x07, 0x19, 0x4a, 0x84, 0xc8, 0xe9, 0xe8, 0xad,
 0x3a, 0xff, 0x00, 0xff, 0x00, 0xff, 0x00, 0xff, 0x00, 0xed, 0x00, 0x07,
 0x1b, 0x50, 0x90, 0xda, 0xfe, 0xfd, 0xbd, 0x3f, 0xff, 0x00, 0xff, 0x00,
 0xff, 0x00, 0xff, 0x00, 0xed, 0x00, 0x07, 0x1b, 0x50, 0x90, 0xda, 0xfe,
 0xfd, 0xbd, 0x3f, 0xff, 0x00, 0xff, 0x00, 0xff, 0x00, 0xff, 0x00, 0xed,
 0x00, 0x07, 0x1b, 0x50, 0x90, 0xda, 0xfe, 0xfd, 0xbd, 0x3f, 0xff, 0x00,
 0xff, 0x00, 0xff, 0x00, 0xff, 0x00, 0xed, 0x00, 0x07, 0x1b, 0x50, 0x90,
 0xda, 0xfe, 0xfd, 0xbd, 0x3f, 0xff, 0x00, 0xff, 0x00, 0xff, 0x00, 0xff,
 0x00, 0xed, 0x00, 0x07, 0x1b, 0x50, 0x90, 0xda, 0xfe, 0xfd, 0xbd, 0x3f,
 0xff, 0x00, 0xff, 0x00, 0xff, 0x00, 0xff, 0x00, 0xed, 0x00, 0x07, 0x1b,
 0x50, 0x90, 0xda, 0xfe, 0xfd, 0xbd, 0x3f, 0xff, 0x00, 0xff, 0x00, 0xff,
 0x00, 0xff, 0x00, 0xed, 0x00, 0x07, 0x1b, 0x50, 0x90, 0xda, 0xfe, 0xfd,
 0xbd, 0x3f, 0xff, 0x00, 0x07, 0x02, 0x07, 0x0c, 0x11, 0x14, 0x14, 0x0f,
 0x05, 0xff, 0x00, 0xff, 0x00, 0xff, 0x00, 0xe5, 0x00, 0x07, 0x1b, 0x50,
 0x90, 0xda, 0xfe, 0xfd, 0xbd, 0x3f, 0xff, 0x00, 0x07, 0x07, 0x14, 0x23,
 0x34, 0x3c, 0x3b, 0x2c, 0x0f, 0xff, 0x00, 0xff, 0x00, 0xff, 0x00, 0xe5,
 0x00, 0x07, 0x1b, 0x50, 0x90, 0xda, 0xfe, 0xfd, 0xbd, 0x3f, 0xff, 0x00,
 0x07, 0x0e, 0x29, 0x48, 0x6a, 0x7b, 0x7a, 0x5b, 0x1e, 0xff, 0x00, 0xff,
 0x00, 0xff, 0x00, 0xe5, 0x00, 0x07, 0x1b, 0x50, 0x90, 0xda, 0xfe, 0xfd,
 0xbd, 0x3f, 0xff, 0x00, 0x07, 0x17, 0x45, 0x79, 0xb5, 0xd2, 0xd0, 0x9b,
 0x34, 0xff, 0x00, 0xff, 0x00, 0xff, 0x00, 0xe5, 0x00, 0x07, 0x1b, 0x50,
 0x90, 0xda, 0xfe, 0xfd, 0xbd, 0x3f, 0xff, 0x00, 0x07, 0x1c, 0x53, 0x92,
 0xdb, 0xfe, 0xfb, 0xbc, 0x3f, 0xff, 0x00, 0xff, 0x00, 0xff, 0x00, 0xe5,
 0x00, 0x07, 0x1b, 0x50, 0x90, 0xda, 0xfe, 0xfd, 0xbd, 0x3f, 0xff, 0x00,
 0x07, 0x1c, 0x53, 0x92, 0xdb, 0xfe, 0xfb, 0xbc, 0x3f, 0xff, 0x00, 0xff,
 0x00, 0xff, 0x00, 0xe5, 0x00, 0x07, 0x1b, 0x50, 0x90, 0xda, 0xfe, 0xfd,
 0xbd, 0x3f, 0xff, 0x00, 0x07, 0x1c, 0x53, 0x92, 0xdb, 0xfe, 0xfb, 0xbc,
 0x3f, 0xff, 0x00, 0xff, 0x00, 0xff, 0x00, 0xe5, 0x00, 0x07, 0x1b, 0x50,
 0x90, 0xda, 0xfe, 0xfd, 0xbd, 0x3f, 0xff, 0x00, 0x07, 0x1c, 0x53, 0x92,
 0xdb, 0xfe, 0xfb, 0xbc, 0x3f, 0xff, 0x00, 0xff, 0x00, 0xff, 0x00, 0xe5,
 0x00, 0x07, 0x1b, 0x50, 0x90, 0xda, 0xfe, 0xfd, 0xbd, 0x3f, 0x85, 0x00,
 0x07, 0x01, 0x03, 0x07, 0x0c, 0x0d, 0x0b, 0x07, 0x02, 0xa3, 0x00, 0x06,
 0x02, 0x06, 0x09, 0x0b, 0x0a, 0x04, 0x01, 0xa2, 0x00, 0x07, 0x01, 0x04,
 0x08, 0x0c, 0x0b, 0x05, 0x02, 0x01, 0x95, 0x00, 0x07, 0x1c, 0x53, 0x92,
 0xdb, 0xfe, 0xfb, 0xbc, 0x3f, 0xad, 0x00, 0x07, 0x01, 0x02, 0x05, 0x0b,
 0x0c, 0x08, 0x04, 0x01, 0x8d, 0x00, 0x05, 0x02, 0x07, 0x09, 0x09, 0x06,
 0x02, 0x9d, 0x00, 0x06, 0x03, 0x08, 0x0b, 0x0c, 0x0a, 0x04, 0x01, 0x9f,
 0x00, 0x06, 0x01, 0x04, 0x09, 0x0b, 0x0b, 0x08, 0x03, 0x9d, 0x00, 0x07,
 0x02, 0x06, 0x0a, 0x0d, 0x0b, 0x05, 0x02, 0x01, 0x9f, 0x00, 0x07, 0x01,
 0x02, 0x05, 0x0b, 0x0b, 0x05, 0x02, 0x01, 0xa1, 0x00, 0x07, 0x01, 0x02,
 0x05, 0x0b, 0x0b, 0x06, 0x03, 0x01, 0x9f, 0x00, 0x07, 0x02, 0x06, 0x0a,
 0x0e, 0x0d, 0x08, 0x04, 0x01, 0xff, 0x00, 0xa3, 0x00, 0x07, 0x1b, 0x50,
 0x90, 0xda, 0xfe, 0xfd, 0xbd, 0x3f, 0x85, 0x00, 0x07, 0x03, 0x09, 0x14,
 0x23, 0x27, 0x21, 0x16, 0x07, 0xa3, 0x00, 0x07, 0x06, 0x12, 0x1b, 0x22,
 0x1d, 0x0d, 0x04, 0x01, 0xa1, 0x00, 0x07, 0x04, 0x0c, 0x17, 0x23, 0x21,
 0x10, 0x06, 0x02, 0x95, 0x00, 0x07, 0x1c, 0x53, 0x92, 0xdb, 0xfe, 0xfb,
 0xbc, 0x3f, 0xad, 0x00, 0x07, 0x02, 0x06, 0x10, 0x21, 0x23, 0x17, 0x0c,
 0x04, 0x8d, 0x00, 0x05, 0x07, 0x16, 0x1c, 0x1a, 0x13, 0x06, 0x9d, 0x00,
 0x07, 0x08, 0x18, 0x21, 0x24, 0x1d, 0x0d, 0x04, 0x01, 0x9d, 0x00, 0x07,
 0x01, 0x04, 0x0d, 0x1b, 0x22, 0x21, 0x19, 0x08, 0x9d, 0x00, 0x07, 0x06,
 0x12, 0x1d, 0x26, 0x22, 0x10, 0x06, 0x02, 0x9f, 0x00, 0x07, 0x02, 0x06,
 0x10, 0x21, 0x21, 0x10, 0x06, 0x02, 0xa1, 0x00, 0x07, 0x02, 0x06, 0x10,
 0x21, 0x22, 0x12, 0x08, 0x03, 0x9f, 0x00, 0x07, 0x06, 0x12, 0x1e, 0x29,
 0x27, 0x18, 0x0c, 0x04, 0xff, 0x00, 0xa3, 0x00, 0x1f, 0x1b, 0x50, 0x90,
 0xda, 0xfe, 0xfd, 0xbd, 0x3f, 0x00, 0x00, 0x04, 0x0b, 0x16, 0x23, 0x2d,
 0x34, 0x3d, 0x47, 0x53, 0x63, 0x67, 0x60, 0x55, 0x44, 0x39, 0x35, 0x31,
 0x2c, 0x23, 0x14, 0x0a, 0x03, 0x93, 0x00, 0x15, 0x02, 0x07, 0x11, 0x20,
 0x2b, 0x30, 0x35, 0x38, 0x42, 0x50, 0x5b, 0x61, 0x5c, 0x4a, 0x3f, 0x38,
 0x33, 0x2f, 0x26, 0x19, 0x0e, 0x05, 0x93, 0x00, 0x15, 0x01, 0x03, 0x0c,
 0x1b, 0x27, 0x2e, 0x33, 0x37, 0x3e, 0x4a, 0x56, 0x63, 0x60, 0x4e, 0x42,
 0x3a, 0x35, 0x31, 0x2a, 0x1f, 0x14, 0x07, 0x87, 0x00, 0x03, 0x01, 0x03,
 0x10, 0x28, 0x81, 0x34, 0x07, 0x4a, 0x75, 0xa7, 0xe2, 0xfe, 0xfc, 0xc9,
 0x66, 0x83, 0x34, 0x03, 0x33, 0x32, 0x25, 0x0c, 0x95, 0x00, 0x1b, 0x09,
 0x1b, 0x28, 0x30, 0x31, 0x2c, 0x1f, 0x0a, 0x00, 0x01, 0x09, 0x18, 0x25,
 0x30, 0x3a, 0x42, 0x4f, 0x60, 0x62, 0x55, 0x48, 0x3a, 0x31, 0x2a, 0x20,
 0x12, 0x08, 0x03, 0x81, 0x00, 0x11, 0x07, 0x15, 0x20, 0x29, 0x30, 0x35,
 0x41, 0x54, 0x5c, 0x5a, 0x52, 0x42, 0x38, 0x34, 0x2e, 0x24, 0x17, 0x08,
 0x8f, 0x00, 0x15, 0x04, 0x0b, 0x16, 0x24, 0x2e, 0x33, 0x37, 0x3a, 0x45,
 0x57, 0x61, 0x63, 0x5c, 0x4c, 0x41, 0x3c, 0x35, 0x2d, 0x22, 0x14, 0x0a,
 0x03, 0x89, 0x00, 0x1d, 0x06, 0x13, 0x20, 0x2d, 0x34, 0x32, 0x25, 0x0c,
 0x00, 0x00, 0x06, 0x12, 0x1e, 0x2b, 0x35, 0x3f, 0x4b, 0x5b, 0x62, 0x61,
 0x57, 0x45, 0x3a, 0x36, 0x30, 0x29, 0x1c, 0x0b, 0x02, 0x01, 0x8d, 0x00,
 0x15, 0x02, 0x07, 0x11, 0x20, 0x2b, 0x31, 0x35, 0x39, 0x42, 0x51, 0x5c,
 0x66, 0x62, 0x50, 0x43, 0x3d, 0x37, 0x30, 0x26, 0x18, 0x0d, 0x04, 0x93,
 0x00, 0x1d, 0x07, 0x14, 0x1f, 0x29, 0x30, 0x35, 0x3a, 0x42, 0x4e, 0x60,
 0x60, 0x4e, 0x41, 0x38, 0x32, 0x2d, 0x26, 0x1d, 0x12, 0x06, 0x00, 0x00,
 0x0c, 0x24, 0x31, 0x33, 0x2e, 0x22, 0x15, 0x07, 0x8b, 0x00, 0x13, 0x06,
 0x11, 0x1c, 0x28, 0x30, 0x34, 0x3a, 0x42, 0x4e, 0x60, 0x61, 0x51, 0x44,
 0x3b, 0x35, 0x31, 0x29, 0x1e, 0x12, 0x06, 0x8b, 0x00, 0x15, 0x09, 0x1a,
 0x27, 0x30, 0x32, 0x2d, 0x20, 0x0b, 0x02, 0x05, 0x0e, 0x1f, 0x2c, 0x35,
 0x42, 0x50, 0x5d, 0x69, 0x62, 0x4a, 0x2e, 0x0f, 0xff, 0x00, 0xa3, 0x00,
 0x1f, 0x1b, 0x50, 0x90, 0xda, 0xfe, 0xfd, 0xbd, 0x3f, 0x00, 0x00, 0x0b,
 0x22, 0x42, 0x69, 0x88, 0x9d, 0xaf, 0xbc, 0xc5, 0xcb, 0xcc, 0xca, 0xc3,
 0xb8, 0xac, 0xa0, 0x93, 0x85, 0x68, 0x3c, 0x1d, 0x0a, 0x93, 0x00, 0x15,
 0x07, 0x15, 0x33, 0x61, 0x80, 0x90, 0x9e, 0xa9, 0xb5, 0xc1, 0xc8, 0xca,
 0xc6, 0xbc, 0xb1, 0xa6, 0x9a, 0x8d, 0x73, 0x4c, 0x2a, 0x0e, 0x93, 0x00,
 0x15, 0x03, 0x09, 0x23, 0x52, 0x74, 0x89, 0x99, 0xa5, 0xb0, 0xbc, 0xc5,
 0xca, 0xc9, 0xc1, 0xb6, 0xaa, 0x9e, 0x93, 0x7d, 0x5e, 0x3b, 0x14, 0x87,
 0x00, 0x03, 0x03, 0x08, 0x2f, 0x78, 0x81, 0x9d, 0x07, 0xa6, 0xb9, 0xd2,
 0xf0, 0xff, 0xfe, 0xe5, 0xb5, 0x83, 0x9d, 0x03, 0x9a, 0x95, 0x6e, 0x25,
 0x95, 0x00, 0x1b, 0x1b, 0x50, 0x78, 0x90, 0x94, 0x83, 0x5c, 0x1f, 0x01,
 0x04, 0x1c, 0x49, 0x6f, 0x90, 0xa8, 0xb8, 0xc3, 0xca, 0xca, 0xc3, 0xb6,
 0xa4, 0x92, 0x7f, 0x61, 0x36, 0x19, 0x08, 0x81, 0x00, 0x11, 0x15, 0x40,
 0x61, 0x7a, 0x8f, 0xa0, 0xb0, 0xc0, 0xc8, 0xc8, 0xc2, 0xb5, 0xa9, 0x9d,
 0x89, 0x6c, 0x46, 0x17, 0x8f, 0x00, 0x15, 0x0b, 0x21, 0x42, 0x6c, 0x89,
 0x98, 0xa4, 0xaf, 0xba, 0xc5, 0xca, 0xcb, 0xc8, 0xc1, 0xb9, 0xb0, 0x9f,
 0x87, 0x65, 0x3b, 0x1d, 0x0a, 0x89, 0x00, 0x1d, 0x13, 0x38, 0x5f, 0x88,
 0x9b, 0x97, 0x70, 0x25, 0x00, 0x00, 0x12, 0x36, 0x5b, 0x80, 0x9d, 0xb1,
 0xc0, 0xc7, 0xcb, 0xca, 0xc4, 0xb8, 0xad, 0xa1, 0x90, 0x7a, 0x55, 0x21,
 0x06, 0x02, 0x8d, 0x00, 0x15, 0x07, 0x16, 0x34, 0x61, 0x80, 0x92, 0xa0,
 0xab, 0xb6, 0xc2, 0xc9, 0xcc, 0xca, 0xc3, 0xbb, 0xb3, 0xa5, 0x90, 0x72,
 0x49, 0x27, 0x0d, 0x93, 0x00, 0x1d, 0x14, 0x3c, 0x5e, 0x7c, 0x91, 0x9e,
 0xaa, 0xb6, 0xc1, 0xc9, 0xc8, 0xbf, 0xb3, 0xa4, 0x95, 0x86, 0x71, 0x56,
 0x37, 0x12, 0x00, 0x00, 0x24, 0x6c, 0x93, 0x9a, 0x8a, 0x65, 0x3e, 0x15,
 0x8b, 0x00, 0x13, 0x11, 0x32, 0x54, 0x78, 0x90, 0x9d, 0xa9, 0xb6, 0xc1,
 0xc9, 0xc9, 0xc2, 0xb8, 0xab, 0x9f, 0x92, 0x7b, 0x59, 0x36, 0x12, 0x8b,
 0x00, 0x15, 0x1a, 0x4e, 0x75, 0x8f, 0x95, 0x86, 0x5f, 0x20, 0x05, 0x0e,
 0x2b, 0x5c, 0x83, 0xa0, 0xb5, 0xc1, 0xc9, 0xcd, 0xbe, 0x9d, 0x69, 0x23,
 0xff, 0x00, 0xa3, 0x00, 0x23, 0x1b, 0x50, 0x90, 0xda, 0xfe, 0xfd, 0xbd,
 0x40, 0x0b, 0x1e, 0x38, 0x5b, 0x80, 0xa9, 0xc8, 0xdd, 0xed, 0xf6, 0xf9,
 0xf6, 0xf4, 0xf4, 0xf3, 0xf0, 0xea, 0xdf, 0xd3, 0xc5, 0xa7, 0x7a, 0x54,
 0x34, 0x1d, 0x0d, 0x04, 0x01, 0x8b, 0x00, 0x1d, 0x01, 0x02, 0x0a, 0x1a,
 0x2f, 0x4b, 0x70, 0x9f, 0xbf, 0xd0, 0xdd, 0xe7, 0xef, 0xf3, 0xf5, 0xf4,
 0xf3, 0xf2, 0xed, 0xe4, 0xd9, 0xcd, 0xb3, 0x8b, 0x64, 0x3e, 0x23, 0x12,
 0x07, 0x02, 0x8d, 0x00, 0x1b, 0x07, 0x14, 0x25, 0x3a, 0x5e, 0x90, 0xb4,
 0xc9, 0xd9, 0xe4, 0xec, 0xf2, 0xf4, 0xf3, 0xf2, 0xf3, 0xf0, 0xe8, 0xde,
 0xd3, 0xbd, 0x9e, 0x77, 0x48, 0x29, 0x18, 0x0c, 0x04, 0x83, 0x00, 0x03,
 0x04, 0x0b, 0x42, 0xa9, 0x81, 0xdd, 0x07, 0xdf, 0xe4, 0xed, 0xf9, 0xff,
 0xfe, 0xf6, 0xe5, 0x83, 0xdd, 0x03, 0xd9, 0xd1, 0x9a, 0x33, 0x95, 0x00,
 0x35, 0x25, 0x70, 0xa7, 0xcb, 0xd1, 0xba, 0x83, 0x2d, 0x0e, 0x25, 0x4d,
 0x84, 0xaf, 0xcf, 0xe6, 0xf2, 0xf7, 0xf4, 0xf2, 0xf1, 0xeb, 0xe0, 0xd1,
 0xbf, 0x9f, 0x71, 0x48, 0x22, 0x0d, 0x07, 0x0f, 0x24, 0x48, 0x7b, 0xa1,
 0xba, 0xce, 0xdd, 0xe9, 0xf0, 0xf4, 0xf5, 0xf3, 0xef, 0xe7, 0xdc, 0xc8,
 0xac, 0x82, 0x4a, 0x24, 0x11, 0x05, 0x02, 0x87, 0x00, 0x0d, 0x03, 0x09,
 0x14, 0x23, 0x3b, 0x5b, 0x80, 0xac, 0xc9, 0xd7, 0xe3, 0xeb, 0xf0, 0xf2,
 0x80, 0xf3, 0x0a, 0xf4, 0xf2, 0xee, 0xdf, 0xc6, 0xa5, 0x7a, 0x53, 0x2e,
 0x15, 0x07, 0x87, 0x00, 0x1f, 0x1a, 0x4d, 0x84, 0xbf, 0xda, 0xd6, 0x9e,
 0x35, 0x08, 0x18, 0x3a, 0x6d, 0x9a, 0xbf, 0xdb, 0xed, 0xf6, 0xf5, 0xf4,
 0xf4, 0xf3, 0xf1, 0xea, 0xe0, 0xd0, 0xba, 0x92, 0x58, 0x30, 0x18, 0x0a,
 0x03, 0x87, 0x00, 0x1b, 0x02, 0x05, 0x0f, 0x1e, 0x33, 0x4d, 0x71, 0xa0,
 0xc0, 0xd1, 0xdf, 0xe8, 0xef, 0xf3, 0xf4, 0xf3, 0xf3, 0xf4, 0xf3, 0xef,
 0xe4, 0xd0, 0xb2, 0x89, 0x60, 0x39, 0x1c, 0x09, 0x8d, 0x00, 0x0b, 0x04,
 0x0d, 0x19, 0x2a, 0x49, 0x78, 0x9e, 0xbc, 0xd1, 0xdd, 0xe7, 0xee, 0x81,
 0xf2, 0x11, 0xed, 0xe2, 0xd5, 0xc6, 0xb1, 0x96, 0x6f, 0x3e, 0x1c, 0x0b,
 0x34, 0x98, 0xcf, 0xd8, 0xc2, 0x8e, 0x57, 0x1d, 0x87, 0x00, 0x0b, 0x02,
 0x07, 0x12, 0x23, 0x41, 0x6c, 0x94, 0xb8, 0xd0, 0xdc, 0xe7, 0xef, 0x80,
 0xf3, 0x0c, 0xf4, 0xf0, 0xe8, 0xde, 0xd2, 0xba, 0x98, 0x71, 0x43, 0x23,
 0x12, 0x07, 0x02, 0x87, 0x00, 0x15, 0x24, 0x6c, 0xa3, 0xc9, 0xd2, 0xbd,
 0x87, 0x31, 0x15, 0x35, 0x60, 0x98, 0xc3, 0xe0, 0xf3, 0xfb, 0xfe, 0xfc,
 0xe7, 0xbf, 0x80, 0x2b, 0xff, 0x00, 0xa3, 0x00, 0x23, 0x1b, 0x50, 0x90,
 0xda, 0xfe, 0xfd, 0xbe, 0x43, 0x21, 0x59, 0x8a, 0xb5, 0xd2, 0xe1, 0xed,
 0xf4, 0xf7, 0xf6, 0xef, 0xe3, 0xde, 0xde, 0xe4, 0xed, 0xf2, 0xf3, 0xf0,
 0xec, 0xe0, 0xce, 0xaf, 0x84, 0x56, 0x26, 0x0b, 0x04, 0x8b, 0x00, 0x1d,
 0x02, 0x06, 0x1f, 0x4d, 0x7a, 0xa7, 0xc8, 0xdd, 0xea, 0xef, 0xf2, 0xf3,
 0xef, 0xe7, 0xe1, 0xdd, 0xe0, 0xea, 0xf0, 0xf3, 0xf2, 0xee, 0xe5, 0xd7,
 0xbc, 0x95, 0x69, 0x36, 0x16, 0x07, 0x8d, 0x00, 0x1b, 0x14, 0x3b, 0x66,
 0x95, 0xba, 0xd5, 0xe6, 0xed, 0xf2, 0xf4, 0xf1, 0xea, 0xe3, 0xdc, 0xdd,
 0xe6, 0xee, 0xf3, 0xf4, 0xf0, 0xe9, 0xdf, 0xc8, 0xa5, 0x7a, 0x49, 0x24,
 0x0c, 0x83, 0x00, 0x03, 0x04, 0x0b, 0x47, 0xba, 0x82, 0xf4, 0x06, 0xf6,
 0xf9, 0xfd, 0xff, 0xff, 0xfc, 0xf6, 0x83, 0xf4, 0x03, 0xef, 0xe7, 0xaa,
 0x39, 0x95, 0x00, 0x35, 0x28, 0x78, 0xb5, 0xdf, 0xe7, 0xcf, 0x93, 0x35,
 0x25, 0x66, 0x9c, 0xc9, 0xe4, 0xef, 0xf3, 0xf1, 0xea, 0xe0, 0xdc, 0xe0,
 0xe6, 0xed, 0xee, 0xe9, 0xdb, 0xc3, 0x95, 0x50, 0x26, 0x16, 0x2e, 0x6d,
 0xa1, 0xc8, 0xe0, 0xe8, 0xed, 0xef, 0xeb, 0xe2, 0xde, 0xe1, 0xe6, 0xf0,
 0xf4, 0xf2, 0xed, 0xe3, 0xc9, 0x9f, 0x6c, 0x32, 0x10, 0x05, 0x87, 0x00,
 0x1b, 0x09, 0x1b, 0x3b, 0x6a, 0x93, 0xb8, 0xd2, 0xe2, 0xed, 0xf2, 0xf3,
 0xef, 0xe9, 0xe1, 0xdc, 0xdb, 0xde, 0xe5, 0xed, 0xf4, 0xf4, 0xec, 0xe0,
 0xd0, 0xab, 0x71, 0x3e, 0x15, 0x87, 0x00, 0x1f, 0x1b, 0x51, 0x8e, 0xd2,
 0xf2, 0xee, 0xb1, 0x3b, 0x18, 0x48, 0x7d, 0xb8, 0xdc, 0xe9, 0xf1, 0xf3,
 0xee, 0xe4, 0xde, 0xde, 0xe3, 0xed, 0xf3, 0xf3, 0xef, 0xe8, 0xd3, 0xaf,
 0x80, 0x44, 0x1d, 0x0a, 0x87, 0x00, 0x1b, 0x05, 0x10, 0x2c, 0x5b, 0x86,
 0xad, 0xca, 0xdd, 0xea, 0xf0, 0xf2, 0xf1, 0xec, 0xe4, 0xde, 0xda, 0xdc,
 0xe3, 0xea, 0xf2, 0xf4, 0xef, 0xe5, 0xd7, 0xb8, 0x87, 0x53, 0x1c, 0x8d,
 0x00, 0x21, 0x0d, 0x26, 0x4c, 0x7d, 0xa6, 0xc9, 0xdf, 0xe9, 0xef, 0xf2,
 0xf0, 0xe9, 0xe3, 0xdc, 0xde, 0xe7, 0xee, 0xf2, 0xf1, 0xec, 0xe5, 0xdb,
 0xbd, 0x89, 0x55, 0x20, 0x3c, 0xa9, 0xe5, 0xef, 0xd6, 0x9c, 0x5f, 0x20,
 0x87, 0x00, 0x1b, 0x07, 0x14, 0x35, 0x69, 0x98, 0xc0, 0xdb, 0xe7, 0xef,
 0xf3, 0xf3, 0xee, 0xe7, 0xdd, 0xdd, 0xe6, 0xed, 0xf3, 0xf4, 0xf0, 0xe8,
 0xdc, 0xc2, 0x99, 0x6a, 0x35, 0x14, 0x07, 0x87, 0x00, 0x15, 0x27, 0x74,
 0xb1, 0xdd, 0xe9, 0xd3, 0x9a, 0x3e, 0x34, 0x7a, 0xaf, 0xd4, 0xeb, 0xf5,
 0xfb, 0xfd, 0xfb, 0xf6, 0xdd, 0xb2, 0x75, 0x27, 0xff, 0x00, 0xa3, 0x00,
 0x25, 0x1b, 0x50, 0x90, 0xda, 0xfe, 0xfd, 0xc9, 0x62, 0x50, 0x93, 0xc6,
 0xe9, 0xf6, 0xed, 0xe2, 0xd4, 0xc8, 0xbd, 0xb1, 0xa4, 0x9e, 0x9f, 0xa5,
 0xb2, 0xbe, 0xc9, 0xd6, 0xe5, 0xef, 0xf5, 0xe5, 0xc0, 0x93, 0x5d, 0x33,
 0x13, 0x03, 0x01, 0x89, 0x00, 0x1f, 0x0e, 0x29, 0x52, 0x88, 0xb8, 0xe0,
 0xf3, 0xf1, 0xe9, 0xd9, 0xcc, 0xc1, 0xb6, 0xa9, 0xa1, 0x9d, 0xa1, 0xad,
 0xb9, 0xc5, 0xd2, 0xdf, 0xec, 0xf6, 0xed, 0xd0, 0xa7, 0x72, 0x44, 0x1e,
 0x08, 0x03, 0x89, 0x00, 0x1f, 0x09, 0x1c, 0x3f, 0x74, 0xa5, 0xd2, 0xec,
 0xf3, 0xee, 0xdf, 0xd2, 0xc7, 0xbb, 0xae, 0xa4, 0x9c, 0x9e, 0xa8, 0xb4,
 0xc0, 0xcd, 0xd9, 0xe6, 0xf4, 0xf1, 0xdd, 0xba, 0x87, 0x58, 0x2b, 0x10,
 0x05, 0x81, 0x00, 0x03, 0x03, 0x09, 0x3b, 0x9a, 0x81, 0xc9, 0x07, 0xce,
 0xd8, 0xe6, 0xf7, 0xff, 0xfe, 0xf1, 0xd6, 0x83, 0xc9, 0x03, 0xc6, 0xbf,
 0x8d, 0x2f, 0x95, 0x00, 0x35, 0x29, 0x7b, 0xba, 0xe8, 0xf3, 0xdc, 0xa9,
 0x5a, 0x57, 0x9f, 0xcf, 0xe5, 0xe7, 0xd6, 0xc6, 0xb8, 0xab, 0xa0, 0x9d,
 0xa2, 0xaf, 0xc4, 0xd9, 0xee, 0xf5, 0xef, 0xc9, 0x81, 0x54, 0x40, 0x5c,
 0xa7, 0xd7, 0xec, 0xee, 0xdc, 0xcd, 0xc0, 0xb3, 0xa5, 0x9f, 0xa1, 0xa9,
 0xb7, 0xc7, 0xdb, 0xeb, 0xf8, 0xf1, 0xd6, 0xa6, 0x5f, 0x2d, 0x0f, 0x87,
 0x00, 0x1d, 0x0e, 0x2b, 0x5b, 0x9d, 0xcd, 0xea, 0xf4, 0xea, 0xde, 0xd0,
 0xc3, 0xb8, 0xad, 0xa2, 0x9c, 0x9b, 0x9e, 0xa6, 0xb4, 0xc6, 0xd7, 0xe7,
 0xf2, 0xf8, 0xe1, 0xab, 0x71, 0x31, 0x0d, 0x04, 0x85, 0x00, 0x1f, 0x1b,
 0x51, 0x91, 0xda, 0xfe, 0xfb, 0xc4, 0x59, 0x42, 0x80, 0xb5, 0xdf, 0xed,
 0xde, 0xce, 0xbe, 0xb0, 0xa5, 0x9f, 0x9e, 0xa4, 0xb2, 0xc2, 0xd4, 0xe5,
 0xf5, 0xf5, 0xe4, 0xba, 0x77, 0x41, 0x16, 0x87, 0x00, 0x1d, 0x09, 0x1a,
 0x45, 0x8a, 0xbf, 0xe3, 0xf2, 0xed, 0xe3, 0xd4, 0xc7, 0xbb, 0xb0, 0xa6,
 0x9e, 0x9a, 0x9c, 0xa4, 0xb0, 0xc0, 0xd0, 0xe0, 0xee, 0xf9, 0xea, 0xc2,
 0x89, 0x40, 0x14, 0x07, 0x89, 0x00, 0x23, 0x07, 0x14, 0x31, 0x5c, 0x8b,
 0xbc, 0xde, 0xef, 0xf1, 0xe2, 0xd5, 0xc9, 0xbc, 0xaf, 0xa4, 0x9d, 0x9e,
 0xa9, 0xb5, 0xc2, 0xd0, 0xdd, 0xea, 0xf6, 0xe9, 0xc2, 0x90, 0x52, 0x61,
 0xbd, 0xf0, 0xfa, 0xe1, 0xa4, 0x64, 0x21, 0x85, 0x00, 0x1f, 0x02, 0x07,
 0x1c, 0x41, 0x70, 0xa7, 0xd1, 0xed, 0xf4, 0xe6, 0xda, 0xd0, 0xc4, 0xb5,
 0xa8, 0x9e, 0x9e, 0xa7, 0xb3, 0xc0, 0xcf, 0xdf, 0xec, 0xf7, 0xef, 0xd3,
 0xa8, 0x6f, 0x3f, 0x18, 0x04, 0x01, 0x85, 0x00, 0x15, 0x27, 0x76, 0xb6,
 0xe7, 0xf5, 0xe0, 0xb1, 0x67, 0x67, 0xb1, 0xdc, 0xe8, 0xe7, 0xdb, 0xd1,
 0xca, 0xc1, 0xb8, 0xa2, 0x80, 0x53, 0x1c, 0xff, 0x00, 0xa3, 0x00, 0x25,
 0x1b, 0x50, 0x90, 0xda, 0xfe, 0xfd, 0xdd, 0x9e, 0x98, 0xcc, 0xec, 0xf6,
 0xec, 0xcd, 0xa9, 0x7e, 0x5f, 0x4c, 0x3e, 0x38, 0x35, 0x35, 0x38, 0x3f,
 0x4d, 0x63, 0x85, 0xb1, 0xd5, 0xef, 0xf6, 0xea, 0xd3, 0xb2, 0x7b, 0x30,
 0x08, 0x03, 0x89, 0x00, 0x1f, 0x24, 0x6c, 0xa4, 0xcc, 0xe7, 0xf5, 0xf1,
 0xdd, 0xbc, 0x8e, 0x6b, 0x52, 0x42, 0x3a, 0x36, 0x34, 0x36, 0x3a, 0x45,
 0x59, 0x77, 0xa0, 0xc6, 0xe9, 0xf7, 0xef, 0xde, 0xc5, 0x93, 0x47, 0x19,
 0x08, 0x89, 0x00, 0x1f, 0x1c, 0x53, 0x89, 0xbf, 0xe1, 0xf0, 0xf3, 0xe9,
 0xcd, 0x9f, 0x79, 0x5c, 0x48, 0x3d, 0x37, 0x34, 0x35, 0x38, 0x41, 0x50,
 0x6a, 0x8e, 0xb5, 0xdf, 0xf3, 0xf1, 0xe7, 0xd4, 0xa7, 0x62, 0x2f, 0x10,
 0x81, 0x00, 0x03, 0x02, 0x07, 0x1e, 0x48, 0x81, 0x5d, 0x07, 0x6c, 0x8b,
 0xb4, 0xe6, 0xfe, 0xfc, 0xd4, 0x85, 0x83, 0x5d, 0x03, 0x5c, 0x59, 0x42,
 0x16, 0x95, 0x00, 0x35, 0x28, 0x77, 0xb7, 0xe7, 0xf5, 0xe1, 0xc4, 0x9d,
 0xa2, 0xd3, 0xe5, 0xd8, 0xb8, 0x85, 0x5f, 0x47, 0x39, 0x35, 0x34, 0x36,
 0x46, 0x64, 0x91, 0xcd, 0xef, 0xf5, 0xe2, 0xb6, 0x97, 0x86, 0x9a, 0xd2,
 0xec, 0xe9, 0xcc, 0x97, 0x6d, 0x51, 0x3f, 0x38, 0x35, 0x36, 0x3b, 0x44,
 0x62, 0x95, 0xc3, 0xea, 0xfa, 0xf1, 0xd0, 0x97, 0x5c, 0x1f, 0x87, 0x00,
 0x1d, 0x13, 0x3a, 0x73, 0xbd, 0xe7, 0xf0, 0xe4, 0xc3, 0x9c, 0x72, 0x54,
 0x44, 0x3a, 0x36, 0x34, 0x34, 0x35, 0x37, 0x47, 0x64, 0x89, 0xb6, 0xd9,
 0xf2, 0xf3, 0xde, 0xac, 0x5d, 0x28, 0x0d, 0x85, 0x00, 0x1f, 0x19, 0x4c,
 0x8c, 0xd9, 0xff, 0xfe, 0xd8, 0x8e, 0x86, 0xc1, 0xe0, 0xe2, 0xcc, 0x9c,
 0x72, 0x4e, 0x3b, 0x37, 0x35, 0x35, 0x38, 0x3f, 0x58, 0x82, 0xb0, 0xe1,
 0xf8, 0xf5, 0xdd, 0xb2, 0x75, 0x27, 0x87, 0x00, 0x1d, 0x0c, 0x24, 0x59,
 0xab, 0xdd, 0xef, 0xea, 0xcf, 0xab, 0x7f, 0x5e, 0x48, 0x3b, 0x37, 0x35,
 0x33, 0x34, 0x37, 0x43, 0x59, 0x79, 0xa5, 0xcc, 0xee, 0xf8, 0xea, 0xbf,
 0x76, 0x3d, 0x14, 0x89, 0x00, 0x23, 0x14, 0x3c, 0x70, 0xae, 0xd6, 0xe8,
 0xef, 0xec, 0xd5, 0xa9, 0x82, 0x60, 0x4a, 0x3e, 0x37, 0x34, 0x35, 0x38,
 0x43, 0x54, 0x71, 0x99, 0xc0, 0xe5, 0xf3, 0xe9, 0xce, 0xa1, 0xa4, 0xd5,
 0xf2, 0xfb, 0xe1, 0xa4, 0x64, 0x21, 0x85, 0x00, 0x1f, 0x07, 0x14, 0x41,
 0x8e, 0xc2, 0xdd, 0xed, 0xf1, 0xde, 0xb4, 0x90, 0x73, 0x5a, 0x44, 0x38,
 0x35, 0x35, 0x38, 0x41, 0x51, 0x71, 0xa0, 0xc8, 0xe9, 0xf6, 0xef, 0xdc,
 0xbd, 0x86, 0x36, 0x0b, 0x04, 0x85, 0x00, 0x15, 0x26, 0x72, 0xb2, 0xe5,
 0xf7, 0xe6, 0xcd, 0xab, 0xb0, 0xdc, 0xe8, 0xd4, 0xb8, 0x93, 0x76, 0x61,
 0x4f, 0x42, 0x36, 0x2b, 0x1c, 0x09, 0xff, 0x00, 0xa3, 0x00, 0x25, 0x1b,
 0x50, 0x90, 0xda, 0xfe, 0xfd, 0xed, 0xcc, 0xcb, 0xe9, 0xee, 0xd9, 0xbb,
 0x92, 0x69, 0x3e, 0x20, 0x0e, 0x04, 0x01, 0x00, 0x00, 0x01, 0x04, 0x10,
 0x24, 0x45, 0x71, 0x9c, 0xc3, 0xe1, 0xf3, 0xf4, 0xe4, 0xb1, 0x5d, 0x26,
 0x0d, 0x87, 0x00, 0x0f, 0x08, 0x19, 0x4c, 0xa2, 0xd9, 0xf2, 0xf6, 0xe5,
 0xcb, 0xa6, 0x7d, 0x4f, 0x2c, 0x14, 0x06, 0x02, 0x81, 0x00, 0x0e, 0x09,
 0x1a, 0x37, 0x60, 0x8b, 0xb7, 0xd7, 0xed, 0xf5, 0xf1, 0xc8, 0x7a, 0x3f,
 0x16, 0x01, 0x86, 0x00, 0x0f, 0x05, 0x10, 0x3c, 0x87, 0xc2, 0xeb, 0xf9,
 0xed, 0xd7, 0xb7, 0x90, 0x60, 0x3a, 0x1d, 0x0b, 0x04, 0x81, 0x00, 0x15,
 0x06, 0x12, 0x2a, 0x4f, 0x78, 0xa7, 0xcb, 0xe5, 0xf4, 0xf8, 0xd9, 0x99,
 0x5c, 0x24, 0x06, 0x02, 0x00, 0x00, 0x01, 0x04, 0x0b, 0x17, 0x81, 0x1d,
 0x07, 0x34, 0x60, 0x98, 0xdd, 0xfe, 0xfb, 0xc3, 0x54, 0x85, 0x1d, 0x01,
 0x15, 0x07, 0x95, 0x00, 0x0f, 0x26, 0x73, 0xb3, 0xe6, 0xf8, 0xeb, 0xdd,
 0xcf, 0xcf, 0xdd, 0xcf, 0xa6, 0x78, 0x45, 0x21, 0x0b, 0x81, 0x00, 0x23,
 0x0d, 0x27, 0x58, 0x9f, 0xd2, 0xf0, 0xf3, 0xdc, 0xca, 0xbe, 0xc7, 0xe6,
 0xe4, 0xc1, 0x93, 0x59, 0x2e, 0x13, 0x04, 0x01, 0x00, 0x00, 0x03, 0x08,
 0x24, 0x56, 0x8d, 0xc9, 0xed, 0xf9, 0xeb, 0xc3, 0x85, 0x31, 0x05, 0x02,
 0x85, 0x00, 0x0b, 0x10, 0x31, 0x64, 0xa9, 0xc8, 0xc3, 0xad, 0x86, 0x5d,
 0x32, 0x15, 0x07, 0x83, 0x00, 0x0b, 0x0d, 0x26, 0x4a, 0x78, 0xa8, 0xd9,
 0xf3, 0xf6, 0xd1, 0x85, 0x47, 0x18, 0x85, 0x00, 0x0f, 0x18, 0x47, 0x87,
 0xd7, 0xff, 0xff, 0xe9, 0xbe, 0xba, 0xdd, 0xdd, 0xba, 0x8f, 0x5d, 0x33,
 0x11, 0x81, 0x00, 0x0d, 0x01, 0x04, 0x1a, 0x43, 0x78, 0xb8, 0xe2, 0xf5,
 0xf3, 0xdb, 0x9f, 0x40, 0x0d, 0x04, 0x85, 0x00, 0x0b, 0x0a, 0x1f, 0x4e,
 0x98, 0xc0, 0xc7, 0xb8, 0x93, 0x6b, 0x3f, 0x1f, 0x0a, 0x83, 0x00, 0x0b,
 0x09, 0x1c, 0x3a, 0x65, 0x96, 0xcd, 0xee, 0xf9, 0xdf, 0xa2, 0x62, 0x21,
 0x87, 0x00, 0x0f, 0x04, 0x0c, 0x2f, 0x6e, 0xa9, 0xe0, 0xf8, 0xef, 0xdc,
 0xbf, 0x99, 0x6b, 0x43, 0x21, 0x0c, 0x04, 0x81, 0x00, 0x11, 0x07, 0x15,
 0x31, 0x59, 0x83, 0xaf, 0xd1, 0xe9, 0xea, 0xd4, 0xd3, 0xe8, 0xf5, 0xfc,
 0xe1, 0xa4, 0x64, 0x21, 0x85, 0x00, 0x0d, 0x12, 0x37, 0x72, 0xc3, 0xee,
 0xf3, 0xe9, 0xd0, 0xaa, 0x78, 0x50, 0x33, 0x1c, 0x09, 0x81, 0x00, 0x0d,
 0x06, 0x13, 0x31, 0x60, 0x8c, 0xb7, 0xd8, 0xf0, 0xf6, 0xeb, 0xb9, 0x62,
 0x29, 0x0e, 0x85, 0x00, 0x11, 0x25, 0x6f, 0xae, 0xe4, 0xf9, 0xee, 0xe4,
 0xda, 0xd7, 0xda, 0xc8, 0x9f, 0x78, 0x53, 0x37, 0x21, 0x11, 0x06, 0xff,
 0x00, 0xa7, 0x00, 0x12, 0x1b, 0x50, 0x90, 0xda, 0xff, 0xfe, 0xf9, 0xee,
 0xe9, 0xe9, 0xcc, 0x93, 0x63, 0x3d, 0x23, 0x15, 0x0b, 0x05, 0x01, 0x81,
 0x00, 0x0e, 0x01, 0x05, 0x0c, 0x17, 0x26, 0x44, 0x71, 0xa4, 0xdb, 0xf6,
 0xf4, 0xd5, 0x99, 0x5c, 0x1f, 0x87, 0x00, 0x0f, 0x19, 0x4a, 0x86, 0xcb,
 0xf2, 0xf9, 0xe4, 0xb1, 0x7f, 0x4b, 0x2a, 0x1a, 0x0f, 0x07, 0x02, 0x01,
 0x81, 0x00, 0x0f, 0x03, 0x09, 0x12, 0x20, 0x3a, 0x5f, 0x8f, 0xcb, 0xed,
 0xf5, 0xe3, 0xb7, 0x7a, 0x2c, 0x04, 0x01, 0x85, 0x00, 0x0f, 0x10, 0x31,
 0x69, 0xba, 0xe9, 0xf8, 0xed, 0xc8, 0x98, 0x5e, 0x37, 0x22, 0x13, 0x0a,
 0x04, 0x01, 0x81, 0x00, 0x0f, 0x02, 0x06, 0x0e, 0x1a, 0x2f, 0x4d, 0x7b,
 0xb8, 0xe0, 0xf4, 0xee, 0xd0, 0x97, 0x42, 0x12, 0x06, 0x80, 0x00, 0x02,
 0x01, 0x04, 0x08, 0x81, 0x0a, 0x07, 0x24, 0x57, 0x94, 0xdb, 0xfe, 0xfb,
 0xbe, 0x46, 0x85, 0x0a, 0x01, 0x07, 0x02, 0x95, 0x00, 0x0f, 0x25, 0x70,
 0xb0, 0xe5, 0xfd, 0xf8, 0xf4, 0xef, 0xdd, 0xbe, 0x8f, 0x50, 0x28, 0x17,
 0x0b, 0x04, 0x81, 0x00, 0x12, 0x04, 0x0d, 0x2d, 0x64, 0xa0, 0xdf, 0xfb,
 0xf3, 0xed, 0xe8, 0xe5, 0xe3, 0xbe, 0x75, 0x42, 0x23, 0x0f, 0x06, 0x01,
 0x80, 0x00, 0x0d, 0x01, 0x03, 0x0c, 0x1d, 0x4a, 0x93, 0xca, 0xed, 0xf6,
 0xe4, 0xa9, 0x46, 0x10, 0x05, 0x85, 0x00, 0x0b, 0x05, 0x10, 0x2e, 0x5f,
 0x70, 0x61, 0x4d, 0x33, 0x1f, 0x11, 0x07, 0x02, 0x83, 0x00, 0x0b, 0x04,
 0x0d, 0x1a, 0x2d, 0x5e, 0xad, 0xdf, 0xf3, 0xe1, 0xa9, 0x6a, 0x23, 0x85,
 0x00, 0x0f, 0x16, 0x43, 0x83, 0xd6, 0xff, 0xff, 0xf8, 0xe9, 0xde, 0xd5,
 0xad, 0x65, 0x37, 0x21, 0x11, 0x06, 0x82, 0x00, 0x0c, 0x01, 0x09, 0x16,
 0x3c, 0x7a, 0xb2, 0xe5, 0xfb, 0xf2, 0xbf, 0x62, 0x26, 0x0d, 0x85, 0x00,
 0x0b, 0x03, 0x0a, 0x24, 0x51, 0x69, 0x6b, 0x5c, 0x3b, 0x24, 0x15, 0x0a,
 0x03, 0x83, 0x00, 0x0b, 0x03, 0x09, 0x13, 0x22, 0x4e, 0x97, 0xcc, 0xee,
 0xeb, 0xc4, 0x85, 0x2c, 0x87, 0x00, 0x0f, 0x0c, 0x25, 0x59, 0xa9, 0xdc,
 0xf3, 0xef, 0xd1, 0xa4, 0x68, 0x3e, 0x27, 0x16, 0x0b, 0x04, 0x01, 0x81,
 0x00, 0x11, 0x02, 0x07, 0x10, 0x1e, 0x34, 0x54, 0x83, 0xc1, 0xe3, 0xea,
 0xf0, 0xf7, 0xfc, 0xfe, 0xe1, 0xa4, 0x64, 0x21, 0x85, 0x00, 0x0d, 0x25,
 0x6f, 0xad, 0xdf, 0xf3, 0xe9, 0xc5, 0x87, 0x56, 0x32, 0x1b, 0x11, 0x09,
 0x03, 0x81, 0x00, 0x0d, 0x02, 0x06, 0x10, 0x20, 0x3b, 0x60, 0x94, 0xd6,
 0xf7, 0xf6, 0xd8, 0x9b, 0x5d, 0x1f, 0x85, 0x00, 0x11, 0x24, 0x6b, 0xab,
 0xe3, 0xfd, 0xf9, 0xf6, 0xf3, 0xda, 0xad, 0x7c, 0x48, 0x28, 0x1c, 0x12,
 0x0b, 0x06, 0x02, 0xff, 0x00, 0xa7, 0x00, 0x0d, 0x1b, 0x50, 0x90, 0xda,
 0xff, 0xff, 0xfe, 0xfd, 0xec, 0xcc, 0x9a, 0x58, 0x29, 0x0e, 0x8b, 0x00,
 0x0b, 0x12, 0x36, 0x6c, 0xb3, 0xe1, 0xf5, 0xed, 0xc9, 0x8f, 0x3f, 0x11,
 0x06, 0x83, 0x00, 0x0b, 0x04, 0x0c, 0x34, 0x7d, 0xb9, 0xe8, 0xf8, 0xeb,
 0xc2, 0x7c, 0x42, 0x16, 0x8b, 0x00, 0x0b, 0x0d, 0x26, 0x56, 0x9c, 0xce,
 0xee, 0xf4, 0xdf, 0xaa, 0x53, 0x1e, 0x0a, 0x83, 0x00, 0x0d, 0x02, 0x05,
 0x23, 0x5e, 0x9b, 0xdc, 0xfa, 0xf4, 0xd2, 0x96, 0x5c, 0x26, 0x08, 0x03,
 0x89, 0x00, 0x0b, 0x08, 0x18, 0x41, 0x81, 0xb8, 0xe4, 0xf7, 0xef, 0xc2,
 0x6f, 0x34, 0x11, 0x87, 0x00, 0x07, 0x1c, 0x53, 0x92, 0xdb, 0xfe, 0xfb,
 0xbc, 0x3f, 0x9f, 0x00, 0x0b, 0x24, 0x6d, 0xac, 0xe3, 0xff, 0xff, 0xfc,
 0xf7, 0xd3, 0x92, 0x55, 0x1c, 0x87, 0x00, 0x0d, 0x12, 0x35, 0x73, 0xcb,
 0xfa, 0xfd, 0xff, 0xfe, 0xed, 0xcc, 0x93, 0x42, 0x13, 0x06, 0x87, 0x00,
 0x09, 0x22, 0x65, 0xa4, 0xe1, 0xfc, 0xf7, 0xc3, 0x60, 0x23, 0x0c, 0x87,
 0x00, 0x05, 0x0f, 0x2c, 0x33, 0x25, 0x16, 0x07, 0x89, 0x00, 0x09, 0x02,
 0x06, 0x33, 0x89, 0xc7, 0xec, 0xeb, 0xc3, 0x83, 0x2c, 0x85, 0x00, 0x0d,
 0x15, 0x3e, 0x7e, 0xd4, 0xff, 0xff, 0xfe, 0xfd, 0xe4, 0xb5, 0x79, 0x2f,
 0x08, 0x03, 0x87, 0x00, 0x09, 0x18, 0x47, 0x86, 0xd4, 0xfb, 0xfd, 0xd5,
 0x81, 0x42, 0x16, 0x87, 0x00, 0x05, 0x0b, 0x22, 0x2e, 0x2e, 0x22, 0x0b,
 0x8b, 0x00, 0x07, 0x24, 0x6b, 0xaa, 0xe3, 0xf3, 0xdc, 0x9c, 0x34, 0x85,
 0x00, 0x0d, 0x01, 0x03, 0x1d, 0x4f, 0x8c, 0xd3, 0xf5, 0xf4, 0xd7, 0xa0,
 0x67, 0x2d, 0x0c, 0x04, 0x89, 0x00, 0x0d, 0x0a, 0x1d, 0x49, 0x8c, 0xc2,
 0xe8, 0xfc, 0xfe, 0xff, 0xff, 0xe1, 0xa4, 0x64, 0x21, 0x83, 0x00, 0x0b,
 0x07, 0x16, 0x48, 0x9f, 0xd7, 0xf1, 0xeb, 0xc6, 0x91, 0x4e, 0x21, 0x0b,
 0x89, 0x00, 0x0b, 0x0d, 0x28, 0x5d, 0xab, 0xde, 0xf4, 0xed, 0xc8, 0x8c,
 0x38, 0x0b, 0x04, 0x83, 0x00, 0x0b, 0x23, 0x68, 0xa7, 0xe2, 0xff, 0xff,
 0xfb, 0xf2, 0xc8, 0x7c, 0x41, 0x16, 0xff, 0x00, 0xad, 0x00, 0x0d, 0x1b,
 0x50, 0x90, 0xda, 0xff, 0xff, 0xfd, 0xfa, 0xd6, 0x90, 0x57, 0x29, 0x0e,
 0x05, 0x8b, 0x00, 0x0b, 0x06, 0x12, 0x39, 0x7c, 0xb6, 0xe7, 0xf9, 0xec,
 0xbe, 0x6e, 0x34, 0x11, 0x83, 0x00, 0x0b, 0x0c, 0x25, 0x5b, 0xb0, 0xe4,
 0xf6, 0xed, 0xc8, 0x90, 0x44, 0x16, 0x07, 0x8b, 0x00, 0x0b, 0x04, 0x0d,
 0x2b, 0x5e, 0x99, 0xdb, 0xfa, 0xf4, 0xcf, 0x8c, 0x50, 0x1b, 0x83, 0x00,
 0x0d, 0x05, 0x0e, 0x3e, 0x96, 0xd1, 0xef, 0xf4, 0xdf, 0xaa, 0x56, 0x22,
 0x0e, 0x03, 0x01, 0x89, 0x00, 0x0b, 0x03, 0x08, 0x1d, 0x41, 0x7a, 0xca,
 0xf4, 0xf7, 0xdf, 0xab, 0x6c, 0x24, 0x87, 0x00, 0x07, 0x1c, 0x53, 0x92,
 0xdb, 0xfe, 0xfb, 0xbc, 0x3f, 0x9f, 0x00, 0x0b, 0x23, 0x69, 0xa9, 0xe2,
 0xff, 0xff, 0xf7, 0xe7, 0xb2, 0x59, 0x21, 0x0b, 0x87, 0x00, 0x0d, 0x06,
 0x12, 0x4c, 0xb5, 0xef, 0xfa, 0xff, 0xff, 0xe0, 0xa3, 0x65, 0x27, 0x06,
 0x02, 0x87, 0x00, 0x09, 0x14, 0x3d, 0x7c, 0xd3, 0xfe, 0xfc, 0xd2, 0x7e,
 0x3f, 0x15, 0x87, 0x00, 0x05, 0x05, 0x0f, 0x11, 0x0c, 0x07, 0x02, 0x89,
 0x00, 0x09, 0x01, 0x02, 0x25, 0x6b, 0xaa, 0xe3, 0xf0, 0xd1, 0x91, 0x30,
 0x85, 0x00, 0x0d, 0x13, 0x3a, 0x7a, 0xd3, 0xff, 0xff, 0xfd, 0xf8, 0xcd,
 0x7d, 0x41, 0x18, 0x03, 0x01, 0x87, 0x00, 0x09, 0x0b, 0x20, 0x5c, 0xc0,
 0xf5, 0xfb, 0xdf, 0x9f, 0x5f, 0x20, 0x87, 0x00, 0x05, 0x04, 0x0b, 0x0f,
 0x0f, 0x0b, 0x04, 0x8b, 0x00, 0x07, 0x18, 0x49, 0x88, 0xd7, 0xf8, 0xe9,
 0xa9, 0x38, 0x85, 0x00, 0x0d, 0x03, 0x08, 0x36, 0x8c, 0xc8, 0xeb, 0xf4,
 0xe3, 0xb0, 0x5d, 0x27, 0x11, 0x04, 0x01, 0x89, 0x00, 0x0d, 0x03, 0x0a,
 0x21, 0x4a, 0x84, 0xcf, 0xf7, 0xfc, 0xff, 0xff, 0xe1, 0xa4, 0x64, 0x21,
 0x83, 0x00, 0x0b, 0x16, 0x41, 0x7d, 0xc8, 0xf1, 0xf7, 0xd4, 0x89, 0x4e,
 0x24, 0x0b, 0x04, 0x89, 0x00, 0x0b, 0x04, 0x0d, 0x31, 0x71, 0xac, 0xe3,
 0xf8, 0xeb, 0xb6, 0x5a, 0x21, 0x0b, 0x83, 0x00, 0x0b, 0x22, 0x65, 0xa4,
 0xe1, 0xff, 0xff, 0xf2, 0xd7, 0x9f, 0x48, 0x16, 0x07, 0xff, 0x00, 0xad,
 0x00, 0x0b, 0x1b, 0x50, 0x90, 0xda, 0xff, 0xff, 0xf6, 0xe4, 0xb1, 0x5f,
 0x28, 0x0d, 0x8f, 0x00, 0x09, 0x19, 0x4a, 0x87, 0xcf, 0xf6, 0xfc, 0xdb,
 0x94, 0x54, 0x1c, 0x83, 0x00, 0x09, 0x15, 0x3f, 0x7e, 0xd0, 0xf9, 0xf9,
 0xd9, 0x9a, 0x5c, 0x1f, 0x8f, 0x00, 0x09, 0x10, 0x2f, 0x69, 0xbd, 0xed,
 0xf9, 0xe6, 0xb5, 0x75, 0x27, 0x83, 0x00, 0x0b, 0x0a, 0x1f, 0x5a, 0xbc,
 0xf1, 0xfa, 0xe7, 0xb9, 0x7a, 0x2c, 0x04, 0x01, 0x8d, 0x00, 0x0a, 0x08,
 0x18, 0x4d, 0xa5, 0xdd, 0xf4, 0xf1, 0xd4, 0x95, 0x33, 0x01, 0x86, 0x00,
 0x07, 0x1c, 0x53, 0x92, 0xdb, 0xfe, 0xfb, 0xbc, 0x3f, 0x9f, 0x00, 0x0b,
 0x22, 0x67, 0xa7, 0xe2, 0xff, 0xff, 0xee, 0xcc, 0x8e, 0x34, 0x06, 0x02,
 0x89, 0x00, 0x09, 0x37, 0xa4, 0xe4, 0xf6, 0xfe, 0xfb, 0xcf, 0x7a, 0x3c,
 0x14, 0x89, 0x00, 0x09, 0x0a, 0x1e, 0x5d, 0xc5, 0xfb, 0xfe, 0xdb, 0x92,
 0x53, 0x1c, 0x9b, 0x00, 0x07, 0x1c, 0x54, 0x94, 0xdb, 0xf4, 0xdd, 0x9e,
 0x35, 0x85, 0x00, 0x0b, 0x13, 0x38, 0x78, 0xd2, 0xff, 0xff, 0xf7, 0xe7,
 0xb0, 0x53, 0x1c, 0x09, 0x89, 0x00, 0x09, 0x03, 0x09, 0x42, 0xae, 0xeb,
 0xf8, 0xe5, 0xb2, 0x72, 0x26, 0x9b, 0x00, 0x09, 0x0f, 0x2c, 0x6b, 0xcd,
 0xfb, 0xf3, 0xb5, 0x41, 0x05, 0x02, 0x83, 0x00, 0x0b, 0x08, 0x18, 0x51,
 0xb5, 0xec, 0xf9, 0xe9, 0xbd, 0x80, 0x30, 0x06, 0x02, 0x8d, 0x00, 0x0b,
 0x0a, 0x1f, 0x54, 0xa9, 0xdf, 0xf4, 0xff, 0xff, 0xe1, 0xa4, 0x64, 0x21,
 0x83, 0x00, 0x09, 0x22, 0x65, 0xa4, 0xe1, 0xf8, 0xe9, 0xb5, 0x5a, 0x21,
 0x0b, 0x8d, 0x00, 0x09, 0x15, 0x40, 0x7e, 0xd1, 0xfb, 0xfc, 0xd0, 0x77,
 0x38, 0x13, 0x83, 0x00, 0x09, 0x21, 0x63, 0xa2, 0xe0, 0xff, 0xff, 0xe7,
 0xb6, 0x77, 0x28, 0xff, 0x00, 0xaf, 0x00, 0x0b, 0x1b, 0x50, 0x90, 0xda,
 0xff, 0xff, 0xe8, 0xbb, 0x80, 0x36, 0x0d, 0x04, 0x8f, 0x00, 0x09, 0x09,
 0x1c, 0x53, 0xaf, 0xe5, 0xf6, 0xe5, 0xb1, 0x71, 0x26, 0x83, 0x00, 0x09,
 0x1f, 0x5d, 0x9c, 0xdd, 0xf9, 0xf0, 0xbe, 0x62, 0x27, 0x0d, 0x8f, 0x00,
 0x09, 0x05, 0x10, 0x3f, 0x94, 0xce, 0xef, 0xef, 0xcf, 0x90, 0x30, 0x83,
 0x00, 0x0a, 0x13, 0x39, 0x77, 0xce, 0xfa, 0xfc, 0xd4, 0x81, 0x42, 0x17,
 0x01, 0x8e, 0x00, 0x0b, 0x03, 0x08, 0x2e, 0x76, 0xb3, 0xe6, 0xf8, 0xeb,
 0xad, 0x3d, 0x04, 0x01, 0x85, 0x00, 0x07, 0x1c, 0x53, 0x92, 0xdb, 0xfe,
 0xfb, 0xbc, 0x3f, 0x9f, 0x00, 0x0b, 0x22, 0x67, 0xa7, 0xe2, 0xff, 0xff,
 0xe1, 0xa5, 0x66, 0x24, 0x02, 0x01, 0x89, 0x00, 0x09, 0x33, 0x9a, 0xda,
 0xf3, 0xfb, 0xf4, 0xbc, 0x53, 0x17, 0x08, 0x89, 0x00, 0x09, 0x03, 0x0a,
 0x46, 0xb7, 0xf4, 0xfb, 0xde, 0x9d, 0x5d, 0x1f, 0x9b, 0x00, 0x07, 0x16,
 0x43, 0x83, 0xd6, 0xf7, 0xe8, 0xa8, 0x38, 0x85, 0x00, 0x0b, 0x12, 0x37,
 0x77, 0xd2, 0xff, 0xff, 0xed, 0xca, 0x8d, 0x37, 0x09, 0x03, 0x89, 0x00,
 0x09, 0x01, 0x03, 0x38, 0xa0, 0xde, 0xf4, 0xe8, 0xbb, 0x7b, 0x29, 0x9b,
 0x00, 0x09, 0x07, 0x14, 0x53, 0xc4, 0xfc, 0xfb, 0xc1, 0x4e, 0x10, 0x05,
 0x83, 0x00, 0x0b, 0x11, 0x32, 0x70, 0xca, 0xf9, 0xfc, 0xd5, 0x83, 0x45,
 0x19, 0x02, 0x01, 0x8d, 0x00, 0x0b, 0x03, 0x0a, 0x31, 0x78, 0xb5, 0xe6,
 0xff, 0xff, 0xe1, 0xa4, 0x64, 0x21, 0x83, 0x00, 0x09, 0x2b, 0x80, 0xbf,
 0xea, 0xed, 0xc9, 0x8d, 0x39, 0x0b, 0x04, 0x8d, 0x00, 0x09, 0x08, 0x19,
 0x55, 0xbd, 0xf5, 0xfb, 0xd9, 0x8f, 0x50, 0x1b, 0x83, 0x00, 0x09, 0x21,
 0x62, 0xa2, 0xe0, 0xff, 0xff, 0xda, 0x8f, 0x50, 0x1b, 0xff, 0x00, 0xaf,
 0x00, 0x09, 0x1b, 0x50, 0x90, 0xda, 0xff, 0xff, 0xdc, 0x97, 0x57, 0x1d,
 0x91, 0x00, 0x09, 0x01, 0x04, 0x35, 0x95, 0xd3, 0xf0, 0xec, 0xc7, 0x87,
 0x2d, 0x83, 0x00, 0x09, 0x27, 0x74, 0xb3, 0xe6, 0xf6, 0xe3, 0xa6, 0x3f,
 0x09, 0x03, 0x91, 0x00, 0x09, 0x27, 0x74, 0xb4, 0xe6, 0xf6, 0xe3, 0xa4,
 0x38, 0x02, 0x01, 0x81, 0x00, 0x09, 0x1b, 0x50, 0x8f, 0xda, 0xfc, 0xf7,
 0xc1, 0x5a, 0x1d, 0x0a, 0x91, 0x00, 0x09, 0x1b, 0x50, 0x8f, 0xda, 0xfd,
 0xf9, 0xbf, 0x4f, 0x11, 0x06, 0x85, 0x00, 0x07, 0x1c, 0x53, 0x92, 0xdb,
 0xfe, 0xfb, 0xbc, 0x3f, 0x9f, 0x00, 0x09, 0x22, 0x67, 0xa7, 0xe2, 0xff,
 0xff, 0xd7, 0x88, 0x49, 0x18, 0x8b, 0x00, 0x09, 0x30, 0x91, 0xd1, 0xf0,
 0xf8, 0xeb, 0xad, 0x3d, 0x04, 0x01, 0x8b, 0x00, 0x07, 0x3a, 0xad, 0xed,
 0xf9, 0xe1, 0xa6, 0x67, 0x22, 0x8c, 0x00, 0x0b, 0x01, 0x06, 0x0e, 0x15,
 0x1d, 0x23, 0x28, 0x2b, 0x2c, 0x2e, 0x2f, 0x30, 0x80, 0x31, 0x07, 0x40,
 0x5f, 0x92, 0xdb, 0xf9, 0xee, 0xae, 0x3a, 0x85, 0x00, 0x09, 0x12, 0x37,
 0x77, 0xd2, 0xff, 0xff, 0xe6, 0xb4, 0x74, 0x27, 0x8d, 0x00, 0x07, 0x32,
 0x95, 0xd4, 0xf1, 0xeb, 0xc3, 0x83, 0x2c, 0x8d, 0x00, 0x0a, 0x04, 0x0b,
 0x12, 0x1a, 0x21, 0x26, 0x2a, 0x2c, 0x2d, 0x2e, 0x30, 0x80, 0x31, 0x09,
 0x33, 0x37, 0x6a, 0xcc, 0xfd, 0xfe, 0xc7, 0x56, 0x16, 0x07, 0x83, 0x00,
 0x09, 0x19, 0x4b, 0x8b, 0xd8, 0xfd, 0xf8, 0xc2, 0x5b, 0x1d, 0x0a, 0x91,
 0x00, 0x09, 0x1b, 0x52, 0x92, 0xdb, 0xff, 0xff, 0xe1, 0xa4, 0x64, 0x21,
 0x83, 0x00, 0x07, 0x31, 0x94, 0xd4, 0xf1, 0xe7, 0xb8, 0x80, 0x40, 0x8f,
 0x20, 0x09, 0x21, 0x23, 0x56, 0xb8, 0xee, 0xf9, 0xe1, 0xa4, 0x64, 0x21,
 0x83, 0x00, 0x09, 0x21, 0x62, 0xa1, 0xe0, 0xff, 0xff, 0xcf, 0x71, 0x31,
 0x10, 0xff, 0x00, 0xaf, 0x00, 0x09, 0x1b, 0x50, 0x90, 0xda, 0xff, 0xff,
 0xd2, 0x77, 0x37, 0x12, 0x92, 0x00, 0x08, 0x01, 0x2c, 0x81, 0xc0, 0xea,
 0xf1, 0xd6, 0x97, 0x32, 0x83, 0x00, 0x09, 0x2c, 0x84, 0xc4, 0xeb, 0xf0,
 0xd2, 0x93, 0x34, 0x03, 0x01, 0x91, 0x00, 0x09, 0x1f, 0x5e, 0x9e, 0xdf,
 0xfa, 0xf1, 0xb3, 0x41, 0x06, 0x02, 0x81, 0x00, 0x09, 0x21, 0x63, 0xa3,
 0xe0, 0xf9, 0xec, 0xaf, 0x43, 0x0a, 0x03, 0x91, 0x00, 0x09, 0x11, 0x33,
 0x73, 0xd0, 0xfe, 0xfd, 0xcb, 0x68, 0x29, 0x0e, 0x85, 0x00, 0x07, 0x1c,
 0x53, 0x92, 0xdb, 0xfe, 0xfb, 0xbc, 0x3f, 0x9f, 0x00, 0x09, 0x22, 0x67,
 0xa7, 0xe2, 0xff, 0xff, 0xd1, 0x74, 0x35, 0x12, 0x8b, 0x00, 0x08, 0x2e,
 0x8a, 0xca, 0xed, 0xf5, 0xe1, 0xa2, 0x37, 0x01, 0x8c, 0x00, 0x07, 0x38,
 0xa7, 0xe6, 0xf7, 0xe4, 0xaf, 0x6f, 0x25, 0x8b, 0x00, 0x17, 0x01, 0x04,
 0x11, 0x29, 0x40, 0x56, 0x68, 0x77, 0x81, 0x85, 0x89, 0x8d, 0x90, 0x92,
 0x94, 0x94, 0x9a, 0xa7, 0xc2, 0xeb, 0xfa, 0xef, 0xaf, 0x3a, 0x85, 0x00,
 0x09, 0x12, 0x37, 0x77, 0xd2, 0xff, 0xff, 0xe1, 0xa6, 0x66, 0x22, 0x8d,
 0x00, 0x07, 0x2f, 0x8e, 0xcd, 0xee, 0xee, 0xcb, 0x8b, 0x2e, 0x8d, 0x00,
 0x17, 0x0b, 0x21, 0x37, 0x4e, 0x62, 0x73, 0x7e, 0x83, 0x87, 0x8b, 0x8f,
 0x92, 0x93, 0x94, 0x94, 0x96, 0xb0, 0xe4, 0xfe, 0xff, 0xc7, 0x58, 0x18,
 0x08, 0x83, 0x00, 0x09, 0x21, 0x62, 0xa1, 0xe0, 0xf9, 0xec, 0xb0, 0x43,
 0x0a, 0x03, 0x91, 0x00, 0x09, 0x12, 0x35, 0x75, 0xd1, 0xff, 0xff, 0xe1,
 0xa4, 0x64, 0x21, 0x83, 0x00, 0x07, 0x36, 0xa2, 0xe2, 0xf5, 0xe7, 0xb7,
 0x8f, 0x6f, 0x90, 0x5f, 0x08, 0x60, 0x80, 0xc0, 0xe8, 0xf7, 0xe6, 0xb5,
 0x75, 0x27, 0x83, 0x00, 0x09, 0x21, 0x62, 0xa1, 0xe0, 0xff, 0xfe, 0xc7,
 0x5b, 0x1b, 0x09, 0xff, 0x00, 0xaf, 0x00, 0x09, 0x1b, 0x50, 0x90, 0xda,
 0xfe, 0xfb, 0xc5, 0x5c, 0x1d, 0x0a, 0x93, 0x00, 0x09, 0x25, 0x6e, 0xae,
 0xe4, 0xf6, 0xe5, 0xa5, 0x39, 0x02, 0x01, 0x81, 0x00, 0x07, 0x31, 0x93,
 0xd3, 0xf0, 0xeb, 0xc2, 0x82, 0x2b, 0x93, 0x00, 0x09, 0x18, 0x48, 0x88,
 0xd7, 0xfd, 0xfa, 0xc1, 0x52, 0x14, 0x07, 0x81, 0x00, 0x07, 0x27, 0x75,
 0xb5, 0xe6, 0xf4, 0xdf, 0xa0, 0x35, 0x93, 0x00, 0x09, 0x09, 0x1c, 0x5a,
 0xc5, 0xfc, 0xfe, 0xd5, 0x80, 0x40, 0x15, 0x85, 0x00, 0x07, 0x1c, 0x53,
 0x92, 0xdb, 0xfe, 0xfb, 0xbc, 0x3f, 0x9f, 0x00, 0x09, 0x22, 0x67, 0xa7,
 0xe2, 0xfe, 0xfd, 0xc8, 0x60, 0x21, 0x0b, 0x8b, 0x00, 0x07, 0x2d, 0x86,
 0xc6, 0xec, 0xf3, 0xda, 0x9a, 0x33, 0x8d, 0x00, 0x07, 0x36, 0xa3, 0xe3,
 0xf6, 0xe6, 0xb4, 0x74, 0x27, 0x87, 0x00, 0x1b, 0x01, 0x03, 0x0c, 0x1d,
 0x2d, 0x3b, 0x4f, 0x68, 0x80, 0x96, 0xa8, 0xb7, 0xc1, 0xc5, 0xc8, 0xcc,
 0xce, 0xd0, 0xd1, 0xd1, 0xd2, 0xd6, 0xe2, 0xf5, 0xfa, 0xef, 0xb0, 0x3b,
 0x85, 0x00, 0x09, 0x12, 0x37, 0x77, 0xd2, 0xff, 0xff, 0xdc, 0x96, 0x56,
 0x1d, 0x8d, 0x00, 0x07, 0x2e, 0x89, 0xc9, 0xed, 0xef, 0xcf, 0x90, 0x30,
 0x88, 0x00, 0x1c, 0x01, 0x09, 0x18, 0x26, 0x33, 0x47, 0x5f, 0x77, 0x8e,
 0xa2, 0xb3, 0xbd, 0xc3, 0xc7, 0xcb, 0xcd, 0xcf, 0xd0, 0xd0, 0xd1, 0xd1,
 0xdc, 0xf3, 0xfe, 0xff, 0xc8, 0x59, 0x1a, 0x09, 0x83, 0x00, 0x07, 0x27,
 0x75, 0xb5, 0xe6, 0xf4, 0xdf, 0x9f, 0x35, 0x93, 0x00, 0x09, 0x0a, 0x1d,
 0x5c, 0xc5, 0xfb, 0xfe, 0xe1, 0xa4, 0x64, 0x21, 0x81, 0x00, 0x09, 0x02,
 0x06, 0x40, 0xb1, 0xef, 0xfa, 0xed, 0xc9, 0xb1, 0xa4, 0x91, 0x9e, 0x07,
 0xb0, 0xd3, 0xeb, 0xf8, 0xea, 0xc1, 0x81, 0x2b, 0x83, 0x00, 0x09, 0x21,
 0x62, 0xa1, 0xe0, 0xfe, 0xfb, 0xbf, 0x4b, 0x0c, 0x04, 0xff, 0x00, 0xaf,
 0x00, 0x09, 0x1b, 0x50, 0x90, 0xda, 0xfb, 0xf2, 0xb5, 0x45, 0x0a, 0x03,
 0x93, 0x00, 0x09, 0x1f, 0x5d, 0x9d, 0xde, 0xfb, 0xf2, 0xb4, 0x41, 0x06,
 0x02, 0x81, 0x00, 0x07, 0x36, 0xa2, 0xe1, 0xf5, 0xe6, 0xb3, 0x73, 0x26,
 0x93, 0x00, 0x09, 0x11, 0x32, 0x72, 0xd0, 0xfe, 0xfd, 0xcc, 0x6b, 0x2c,
 0x0f, 0x81, 0x00, 0x07, 0x2c, 0x85, 0xc5, 0xec, 0xf0, 0xd1, 0x92, 0x31,
 0x93, 0x00, 0x09, 0x03, 0x09, 0x46, 0xb8, 0xf5, 0xfc, 0xdc, 0x95, 0x55,
 0x1c, 0x85, 0x00, 0x07, 0x1c, 0x53, 0x92, 0xdb, 0xfe, 0xfb, 0xbc, 0x3f,
 0x9f, 0x00, 0x09, 0x22, 0x67, 0xa7, 0xe2, 0xfd, 0xf9, 0xbe, 0x4c, 0x0f,
 0x05, 0x8b, 0x00, 0x07, 0x2c, 0x85, 0xc5, 0xec, 0xf1, 0xd5, 0x95, 0x32,
 0x8d, 0x00, 0x07, 0x36, 0xa1, 0xe1, 0xf5, 0xe6, 0xb5, 0x75, 0x27, 0x87,
 0x00, 0x0c, 0x03, 0x09, 0x25, 0x57, 0x82, 0xa6, 0xbe, 0xcb, 0xd5, 0xdc,
 0xe2, 0xe7, 0xea, 0x80, 0xec, 0x01, 0xeb, 0xe9, 0x80, 0xe8, 0x06, 0xea,
 0xf0, 0xfa, 0xfa, 0xef, 0xb0, 0x3b, 0x85, 0x00, 0x09, 0x12, 0x37, 0x77,
 0xd2, 0xff, 0xff, 0xd6, 0x84, 0x45, 0x17, 0x8d, 0x00, 0x07, 0x2d, 0x88,
 0xc8, 0xed, 0xef, 0xd0, 0x90, 0x30, 0x87, 0x00, 0x11, 0x01, 0x04, 0x1b,
 0x47, 0x71, 0x9a, 0xb7, 0xc6, 0xd2, 0xd9, 0xe0, 0xe6, 0xe9, 0xeb, 0xec,
 0xed, 0xec, 0xea, 0x81, 0xe8, 0x07, 0xed, 0xf9, 0xff, 0xff, 0xc8, 0x59,
 0x1a, 0x09, 0x83, 0x00, 0x07, 0x2d, 0x87, 0xc6, 0xec, 0xef, 0xd0, 0x90,
 0x30, 0x93, 0x00, 0x09, 0x03, 0x0a, 0x45, 0xb6, 0xf3, 0xfb, 0xe1, 0xa4,
 0x64, 0x21, 0x81, 0x00, 0x09, 0x06, 0x11, 0x4f, 0xbf, 0xf9, 0xfd, 0xf9,
 0xed, 0xe5, 0xe1, 0x91, 0xdf, 0x07, 0xe5, 0xf0, 0xf8, 0xfd, 0xed, 0xc9,
 0x8a, 0x2e, 0x83, 0x00, 0x09, 0x21, 0x62, 0xa1, 0xe0, 0xfc, 0xf5, 0xb6,
 0x40, 0x04, 0x01, 0xff, 0x00, 0xaf, 0x00, 0x07, 0x1b, 0x50, 0x90, 0xda,
 0xf9, 0xee, 0xae, 0x3a, 0x95, 0x00, 0x09, 0x1c, 0x55, 0x95, 0xdc, 0xfd,
 0xf8, 0xba, 0x44, 0x07, 0x02, 0x81, 0x00, 0x07, 0x38, 0xa8, 0xe8, 0xf7,
 0xe3, 0xac, 0x6c, 0x24, 0x93, 0x00, 0x09, 0x0d, 0x28, 0x68, 0xcd, 0xff,
 0xff, 0xd1, 0x76, 0x36, 0x12, 0x81, 0x00, 0x07, 0x2f, 0x8c, 0xcc, 0xee,
 0xee, 0xcb, 0x8b, 0x2e, 0x95, 0x00, 0x07, 0x3b, 0xb2, 0xf2, 0xfb, 0xdf,
 0x9f, 0x5f, 0x20, 0x85, 0x00, 0x07, 0x1c, 0x53, 0x92, 0xdb, 0xfe, 0xfb,
 0xbc, 0x3f, 0x9f, 0x00, 0x09, 0x22, 0x67, 0xa7, 0xe2, 0xfb, 0xf4, 0xb6,
 0x40, 0x04, 0x01, 0x8b, 0x00, 0x07, 0x2c, 0x85, 0xc5, 0xec, 0xf0, 0xd3,
 0x93, 0x31, 0x8d, 0x00, 0x07, 0x36, 0xa1, 0xe0, 0xf5, 0xe7, 0xb6, 0x76,
 0x27, 0x85, 0x00, 0x1d, 0x05, 0x0e, 0x1f, 0x37, 0x5f, 0x95, 0xc1, 0xe3,
 0xf3, 0xef, 0xea, 0xe3, 0xdc, 0xd5, 0xce, 0xc9, 0xc5, 0xc1, 0xbd, 0xb9,
 0xb7, 0xb6, 0xbb, 0xc5, 0xd7, 0xf2, 0xfa, 0xef, 0xb0, 0x3b, 0x85, 0x00,
 0x09, 0x12, 0x37, 0x77, 0xd2, 0xff, 0xff, 0xd2, 0x77, 0x37, 0x12, 0x8d,
 0x00, 0x07, 0x2d, 0x88, 0xc8, 0xed, 0xf0, 0xd1, 0x91, 0x30, 0x85, 0x00,
 0x1f, 0x03, 0x09, 0x17, 0x2d, 0x51, 0x84, 0xb1, 0xda, 0xef, 0xf0, 0xed,
 0xe6, 0xdf, 0xd7, 0xd1, 0xcb, 0xc6, 0xc2, 0xbe, 0xba, 0xb7, 0xb7, 0xb6,
 0xb6, 0xc8, 0xec, 0xfe, 0xff, 0xc8, 0x59, 0x1a, 0x09, 0x83, 0x00, 0x07,
 0x2f, 0x8c, 0xcb, 0xee, 0xee, 0xcc, 0x8c, 0x2f, 0x93, 0x00, 0x09, 0x01,
 0x03, 0x3e, 0xb3, 0xf1, 0xfa, 0xe1, 0xa4, 0x64, 0x21, 0x81, 0x00, 0x09,
 0x07, 0x15, 0x55, 0xc5, 0xfe, 0xff, 0xfa, 0xf0, 0xe9, 0xe7, 0x95, 0xe6,
 0x03, 0xd7, 0xb9, 0x80, 0x2b, 0x83, 0x00, 0x07, 0x21, 0x62, 0xa1, 0xe0,
 0xfa, 0xf1, 0xb1, 0x3b, 0xff, 0x00, 0xb1, 0x00, 0x07, 0x1b, 0x50, 0x90,
 0xda, 0xfa, 0xef, 0xaf, 0x3a, 0x95, 0x00, 0x09, 0x1d, 0x56, 0x96, 0xdc,
 0xfc, 0xf7, 0xb9, 0x43, 0x06, 0x02, 0x81, 0x00, 0x07, 0x38, 0xa7, 0xe7,
 0xf7, 0xe4, 0xad, 0x6d, 0x24, 0x93, 0x00, 0x09, 0x0e, 0x2a, 0x6a, 0xcd,
 0xff, 0xff, 0xd1, 0x74, 0x34, 0x11, 0x81, 0x00, 0x07, 0x2e, 0x8b, 0xcb,
 0xee, 0xee, 0xcc, 0x8c, 0x2f, 0x95, 0x00, 0x07, 0x3c, 0xb3, 0xf3, 0xfb,
 0xdf, 0x9e, 0x5e, 0x1f, 0x85, 0x00, 0x07, 0x1c, 0x53, 0x92, 0xdb, 0xfe,
 0xfb, 0xbc, 0x3f, 0x9f, 0x00, 0x08, 0x22, 0x67, 0xa7, 0xe2, 0xfa, 0xef,
 0xb0, 0x3c, 0x01, 0x8c, 0x00, 0x07, 0x2c, 0x85, 0xc5, 0xec, 0xf0, 0xd3,
 0x93, 0x31, 0x8d, 0x00, 0x07, 0x36, 0xa1, 0xe0, 0xf5, 0xe7, 0xb6, 0x76,
 0x27, 0x85, 0x00, 0x1d, 0x0e, 0x2b, 0x55, 0x8e, 0xb9, 0xd6, 0xea, 0xf4,
 0xee, 0xd6, 0xc0, 0xac, 0x97, 0x80, 0x6d, 0x5e, 0x52, 0x49, 0x42, 0x3f,
 0x3d, 0x3d, 0x4b, 0x66, 0x97, 0xdc, 0xfa, 0xef, 0xb0, 0x3b, 0x85, 0x00,
 0x09, 0x12, 0x37, 0x77, 0xd2, 0xff, 0xff, 0xce, 0x6d, 0x2d, 0x0f, 0x8d,
 0x00, 0x07, 0x2d, 0x88, 0xc8, 0xed, 0xf0, 0xd1, 0x91, 0x30, 0x85, 0x00,
 0x13, 0x09, 0x1c, 0x42, 0x7d, 0xac, 0xcd, 0xe5, 0xf3, 0xf0, 0xde, 0xca,
 0xb4, 0x9e, 0x87, 0x74, 0x63, 0x55, 0x4a, 0x43, 0x3f, 0x81, 0x3d, 0x07,
 0x6d, 0xcc, 0xfd, 0xfe, 0xc8, 0x59, 0x1a, 0x09, 0x83, 0x00, 0x07, 0x2c,
 0x85, 0xc4, 0xeb, 0xf0, 0xd2, 0x93, 0x31, 0x93, 0x00, 0x09, 0x03, 0x09,
 0x46, 0xba, 0xf7, 0xfc, 0xe1, 0xa4, 0x64, 0x21, 0x81, 0x00, 0x09, 0x06,
 0x13, 0x52, 0xc4, 0xfd, 0xfe, 0xf0, 0xd1, 0xbe, 0xb6, 0x95, 0xb3, 0x03,
 0xa7, 0x90, 0x64, 0x21, 0x83, 0x00, 0x07, 0x21, 0x62, 0xa1, 0xe0, 0xfa,
 0xf0, 0xb1, 0x3b, 0xff, 0x00, 0xb1, 0x00, 0x09, 0x1b, 0x50, 0x90, 0xda,
 0xfb, 0xf3, 0xb7, 0x47, 0x0b, 0x04, 0x93, 0x00, 0x09, 0x20, 0x5f, 0x9f,
 0xdf, 0xfa, 0xf0, 0xb2, 0x3f, 0x04, 0x01, 0x81, 0x00, 0x07, 0x35, 0x9f,
 0xdf, 0xf4, 0xe6, 0xb5, 0x75, 0x27, 0x93, 0x00, 0x09, 0x12, 0x35, 0x75,
 0xd1, 0xfe, 0xfd, 0xca, 0x67, 0x28, 0x0d, 0x81, 0x00, 0x07, 0x2b, 0x82,
 0xc2, 0xeb, 0xf1, 0xd4, 0x94, 0x31, 0x93, 0x00, 0x09, 0x03, 0x0a, 0x47,
 0xba, 0xf6, 0xfc, 0xdb, 0x92, 0x52, 0x1b, 0x85, 0x00, 0x07, 0x1c, 0x53,
 0x92, 0xdb, 0xfe, 0xfb, 0xbc, 0x3f, 0x9f, 0x00, 0x07, 0x22, 0x67, 0xa7,
 0xe2, 0xf9, 0xed, 0xad, 0x3a, 0x8d, 0x00, 0x07, 0x2c, 0x85, 0xc5, 0xec,
 0xf0, 0xd3, 0x93, 0x31, 0x8d, 0x00, 0x07, 0x36, 0xa1, 0xe0, 0xf5, 0xe7,
 0xb6, 0x76, 0x27, 0x83, 0x00, 0x1f, 0x01, 0x03, 0x1f, 0x55, 0x8e, 0xc9,
 0xea, 0xf2, 0xed, 0xd9, 0xbf, 0x9c, 0x81, 0x6c, 0x57, 0x40, 0x2d, 0x1e,
 0x12, 0x0a, 0x04, 0x01, 0x00, 0x00, 0x14, 0x3b, 0x7b, 0xd3, 0xfa, 0xef,
 0xb0, 0x3b, 0x85, 0x00, 0x09, 0x12, 0x37, 0x77, 0xd2, 0xff, 0xff, 0xcd,
 0x68, 0x29, 0x0e, 0x8d, 0x00, 0x07, 0x2d, 0x88, 0xc8, 0xed, 0xf0, 0xd1,
 0x91, 0x30, 0x85, 0x00, 0x1f, 0x15, 0x40, 0x76, 0xb8, 0xe1, 0xf2, 0xf2,
 0xe1, 0xc8, 0xa6, 0x8a, 0x74, 0x5e, 0x47, 0x34, 0x23, 0x16, 0x0b, 0x04,
 0x01, 0x00, 0x00, 0x02, 0x07, 0x46, 0xbf, 0xfd, 0xfe, 0xc8, 0x5a, 0x1a,
 0x09, 0x83, 0x00, 0x08, 0x28, 0x77, 0xb7, 0xe7, 0xf4, 0xde, 0x9e, 0x36,
 0x01, 0x92, 0x00, 0x09, 0x08, 0x19, 0x58, 0xc4, 0xfb, 0xfe, 0xe1, 0xa4,
 0x64, 0x21, 0x81, 0x00, 0x09, 0x05, 0x0e, 0x4b, 0xbc, 0xf8, 0xfd, 0xe7,
 0xb8, 0x95, 0x7e, 0x95, 0x73, 0x03, 0x6b, 0x5d, 0x40, 0x15, 0x83, 0x00,
 0x07, 0x21, 0x62, 0xa1, 0xe0, 0xfa, 0xf0, 0xb0, 0x3b, 0xff, 0x00, 0xb1,
 0x00, 0x09, 0x1b, 0x50, 0x90, 0xda, 0xfe, 0xfb, 0xc6, 0x5f, 0x21, 0x0b,
 0x93, 0x00, 0x08, 0x25, 0x70, 0xb0, 0xe5, 0xf6, 0xe3, 0xa3, 0x38, 0x01,
 0x82, 0x00, 0x07, 0x30, 0x91, 0xd1, 0xf0, 0xeb, 0xc4, 0x84, 0x2c, 0x93,
 0x00, 0x09, 0x19, 0x4b, 0x8b, 0xd8, 0xfd, 0xf8, 0xbe, 0x4e, 0x11, 0x06,
 0x81, 0x00, 0x07, 0x26, 0x72, 0xb2, 0xe5, 0xf5, 0xe1, 0xa1, 0x36, 0x93,
 0x00, 0x09, 0x0a, 0x1e, 0x5d, 0xc6, 0xfc, 0xfe, 0xd3, 0x7c, 0x3c, 0x14,
 0x85, 0x00, 0x07, 0x1c, 0x53, 0x92, 0xdb, 0xfe, 0xfb, 0xbc, 0x3f, 0x9f,
 0x00, 0x07, 0x22, 0x67, 0xa7, 0xe2, 0xf9, 0xed, 0xad, 0x3a, 0x8d, 0x00,
 0x07, 0x2c, 0x85, 0xc5, 0xec, 0xf0, 0xd3, 0x93, 0x31, 0x8d, 0x00, 0x07,
 0x36, 0xa1, 0xe0, 0xf5, 0xe7, 0xb6, 0x76, 0x27, 0x83, 0x00, 0x14, 0x03,
 0x09, 0x37, 0x8e, 0xc9, 0xe7, 0xf2, 0xea, 0xca, 0x93, 0x65, 0x41, 0x2b,
 0x24, 0x1d, 0x15, 0x0f, 0x0a, 0x06, 0x03, 0x01, 0x80, 0x00, 0x07, 0x16,
 0x43, 0x83, 0xd6, 0xfa, 0xf0, 0xb0, 0x3b, 0x85, 0x00, 0x09, 0x12, 0x37,
 0x77, 0xd2, 0xff, 0xff, 0xcd, 0x68, 0x29, 0x0e, 0x8d, 0x00, 0x07, 0x2d,
 0x88, 0xc8, 0xed, 0xf0, 0xd1, 0x91, 0x30, 0x85, 0x00, 0x12, 0x27, 0x75,
 0xb2, 0xdd, 0xf2, 0xf2, 0xd8, 0xa5, 0x75, 0x48, 0x2e, 0x27, 0x1f, 0x18,
 0x11, 0x0c, 0x07, 0x04, 0x01, 0x80, 0x00, 0x09, 0x07, 0x14, 0x54, 0xc5,
 0xfe, 0xff, 0xc8, 0x5a, 0x1b, 0x09, 0x83, 0x00, 0x09, 0x21, 0x63, 0xa2,
 0xe0, 0xf9, 0xed, 0xaf, 0x3e, 0x04, 0x01, 0x91, 0x00, 0x09, 0x11, 0x34,
 0x73, 0xcf, 0xfe, 0xff, 0xe1, 0xa4, 0x64, 0x21, 0x81, 0x00, 0x09, 0x02,
 0x05, 0x3e, 0xaf, 0xed, 0xf9, 0xe0, 0xa3, 0x6d, 0x3e, 0x95, 0x26, 0x03,
 0x24, 0x1f, 0x15, 0x07, 0x83, 0x00, 0x07, 0x21, 0x62, 0xa1, 0xe0, 0xfa,
 0xf0, 0xb0, 0x3b, 0xff, 0x00, 0xb1, 0x00, 0x09, 0x1b, 0x50, 0x90, 0xda,
 0xff, 0xff, 0xd3, 0x7c, 0x3c, 0x14, 0x92, 0x00, 0x08, 0x01, 0x2d, 0x83,
 0xc2, 0xeb, 0xf1, 0xd4, 0x94, 0x31, 0x83, 0x00, 0x09, 0x2b, 0x82, 0xc1,
 0xea, 0xf1, 0xd4, 0x96, 0x36, 0x05, 0x02, 0x91, 0x00, 0x09, 0x20, 0x61,
 0xa1, 0xe0, 0xfa, 0xef, 0xb1, 0x3e, 0x04, 0x01, 0x81, 0x00, 0x09, 0x20,
 0x60, 0xa0, 0xdf, 0xf9, 0xed, 0xb1, 0x45, 0x0c, 0x04, 0x91, 0x00, 0x09,
 0x12, 0x37, 0x77, 0xd2, 0xfe, 0xfd, 0xca, 0x65, 0x26, 0x0d, 0x85, 0x00,
 0x07, 0x1c, 0x53, 0x92, 0xdb, 0xfe, 0xfb, 0xbc, 0x3f, 0x9f, 0x00, 0x07,
 0x22, 0x67, 0xa7, 0xe2, 0xf9, 0xed, 0xad, 0x3a, 0x8d, 0x00, 0x07, 0x2c,
 0x85, 0xc5, 0xec, 0xf0, 0xd3, 0x93, 0x31, 0x8d, 0x00, 0x07, 0x36, 0xa1,
 0xe0, 0xf5, 0xe7, 0xb6, 0x76, 0x27, 0x83, 0x00, 0x0b, 0x08, 0x18, 0x52,
 0xb5, 0xec, 0xf9, 0xef, 0xd0, 0x9e, 0x5a, 0x2a, 0x0e, 0x89, 0x00, 0x07,
 0x1a, 0x4e, 0x8e, 0xd9, 0xfa, 0xf0, 0xb0, 0x3b, 0x85, 0x00, 0x09, 0x12,
 0x37, 0x77, 0xd2, 0xff, 0xff, 0xcd, 0x68, 0x29, 0x0e, 0x8d, 0x00, 0x07,
 0x2d, 0x88, 0xc8, 0xed, 0xf0, 0xd1, 0x91, 0x30, 0x83, 0x00, 0x0b, 0x01,
 0x04, 0x37, 0x9c, 0xdb, 0xf3, 0xf5, 0xe1, 0xb4, 0x6e, 0x39, 0x13, 0x89,
 0x00, 0x09, 0x0c, 0x24, 0x64, 0xcb, 0xff, 0xff, 0xc8, 0x5b, 0x1c, 0x09,
 0x83, 0x00, 0x09, 0x19, 0x4b, 0x8b, 0xd8, 0xfc, 0xf8, 0xc1, 0x59, 0x1c,
 0x09, 0x91, 0x00, 0x09, 0x1c, 0x54, 0x94, 0xdb, 0xff, 0xff, 0xe1, 0xa4,
 0x64, 0x21, 0x83, 0x00, 0x07, 0x36, 0xa1, 0xe1, 0xf5, 0xe2, 0xa7, 0x67,
 0x22, 0x9f, 0x00, 0x07, 0x21, 0x62, 0xa1, 0xe0, 0xfa, 0xf0, 0xb0, 0x3b,
 0xff, 0x00, 0xb1, 0x00, 0x09, 0x1b, 0x50, 0x90, 0xda, 0xff, 0xff, 0xde,
 0x9d, 0x5d, 0x1f, 0x91, 0x00, 0x09, 0x01, 0x04, 0x36, 0x98, 0xd6, 0xf1,
 0xec, 0xc5, 0x85, 0x2c, 0x83, 0x00, 0x09, 0x26, 0x71, 0xb0, 0xe5, 0xf7,
 0xe6, 0xaa, 0x45, 0x0e, 0x05, 0x91, 0x00, 0x08, 0x28, 0x79, 0xb9, 0xe8,
 0xf5, 0xe1, 0xa2, 0x37, 0x01, 0x82, 0x00, 0x09, 0x19, 0x4c, 0x8c, 0xd9,
 0xfd, 0xf8, 0xc3, 0x60, 0x23, 0x0c, 0x91, 0x00, 0x09, 0x1c, 0x55, 0x95,
 0xdc, 0xfd, 0xf8, 0xbd, 0x4e, 0x10, 0x05, 0x85, 0x00, 0x07, 0x1c, 0x53,
 0x92, 0xdb, 0xfe, 0xfb, 0xbc, 0x3f, 0x9f, 0x00, 0x07, 0x22, 0x67, 0xa7,
 0xe2, 0xf9, 0xed, 0xad, 0x3a, 0x8d, 0x00, 0x07, 0x2c, 0x85, 0xc5, 0xec,
 0xf0, 0xd3, 0x93, 0x31, 0x8d, 0x00, 0x07, 0x36, 0xa1, 0xe0, 0xf5, 0xe7,
 0xb6, 0x76, 0x27, 0x83, 0x00, 0x0b, 0x10, 0x30, 0x6e, 0xc9, 0xf9, 0xfd,
 0xe1, 0xa4, 0x69, 0x2f, 0x0e, 0x05, 0x89, 0x00, 0x07, 0x1e, 0x5b, 0x9b,
 0xde, 0xfa, 0xf0, 0xb0, 0x3b, 0x85, 0x00, 0x09, 0x12, 0x37, 0x77, 0xd2,
 0xff, 0xff, 0xcd, 0x68, 0x29, 0x0e, 0x8d, 0x00, 0x07, 0x2d, 0x88, 0xc8,
 0xed, 0xf0, 0xd1, 0x91, 0x30, 0x83, 0x00, 0x0b, 0x04, 0x0b, 0x46, 0xb5,
 0xf2, 0xfb, 0xea, 0xbf, 0x85, 0x3d, 0x13, 0x06, 0x89, 0x00, 0x09, 0x12,
 0x36, 0x76, 0xd1, 0xff, 0xff, 0xc9, 0x5c, 0x1d, 0x0a, 0x83, 0x00, 0x09,
 0x10, 0x31, 0x71, 0xcf, 0xfe, 0xfc, 0xd5, 0x87, 0x48, 0x18, 0x91, 0x00,
 0x09, 0x28, 0x79, 0xb9, 0xe8, 0xff, 0xff, 0xe1, 0xa4, 0x64, 0x21, 0x83,
 0x00, 0x07, 0x31, 0x94, 0xd4, 0xf1, 0xeb, 0xc2, 0x82, 0x2b, 0x9f, 0x00,
 0x07, 0x21, 0x62, 0xa1, 0xe0, 0xfa, 0xf0, 0xb0, 0x3b, 0xff, 0x00, 0xb1,
 0x00, 0x0b, 0x1b, 0x50, 0x90, 0xda, 0xff, 0xff, 0xea, 0xc1, 0x86, 0x3b,
 0x10, 0x05, 0x8f, 0x00, 0x09, 0x0a, 0x1f, 0x57, 0xb2, 0xe8, 0xf7, 0xe3,
 0xad, 0x6d, 0x24, 0x83, 0x00, 0x09, 0x1e, 0x59, 0x98, 0xdb, 0xf9, 0xf2,
 0xc2, 0x69, 0x2d, 0x0f, 0x8f, 0x00, 0x09, 0x06, 0x12, 0x43, 0x99, 0xd3,
 0xf0, 0xee, 0xcc, 0x8c, 0x2f, 0x83, 0x00, 0x0b, 0x12, 0x35, 0x73, 0xcb,
 0xf8, 0xfb, 0xd6, 0x89, 0x4b, 0x1b, 0x02, 0x01, 0x8d, 0x00, 0x0b, 0x03,
 0x0a, 0x32, 0x7c, 0xb8, 0xe7, 0xf7, 0xe8, 0xaa, 0x3c, 0x04, 0x01, 0x85,
 0x00, 0x07, 0x1c, 0x53, 0x92, 0xdb, 0xfe, 0xfb, 0xbc, 0x3f, 0x9f, 0x00,
 0x07, 0x22, 0x67, 0xa7, 0xe2, 0xf9, 0xed, 0xad, 0x3a, 0x8d, 0x00, 0x07,
 0x2c, 0x85, 0xc5, 0xec, 0xf0, 0xd3, 0x93, 0x31, 0x8d, 0x00, 0x07, 0x36,
 0xa1, 0xe0, 0xf5, 0xe7, 0xb6, 0x76, 0x27, 0x83, 0x00, 0x09, 0x16, 0x42,
 0x81, 0xd5, 0xff, 0xfe, 0xd3, 0x7e, 0x3e, 0x15, 0x8a, 0x00, 0x08, 0x01,
 0x27, 0x72, 0xb1, 0xe5, 0xfa, 0xf1, 0xb1, 0x3b, 0x85, 0x00, 0x09, 0x12,
 0x37, 0x77, 0xd2, 0xff, 0xff, 0xcd, 0x68, 0x29, 0x0e, 0x8d, 0x00, 0x07,
 0x2d, 0x88, 0xc8, 0xed, 0xf0, 0xd1, 0x91, 0x30, 0x83, 0x00, 0x09, 0x07,
 0x15, 0x55, 0xc5, 0xfd, 0xfe, 0xe0, 0xa1, 0x62, 0x21, 0x8b, 0x00, 0x09,
 0x1b, 0x51, 0x91, 0xda, 0xff, 0xff, 0xca, 0x5f, 0x1f, 0x0a, 0x83, 0x00,
 0x0b, 0x09, 0x1b, 0x54, 0xb5, 0xec, 0xf9, 0xe6, 0xb5, 0x79, 0x34, 0x0d,
 0x04, 0x8d, 0x00, 0x0b, 0x08, 0x19, 0x4c, 0xa1, 0xd8, 0xf2, 0xff, 0xff,
 0xe1, 0xa4, 0x64, 0x21, 0x83, 0x00, 0x09, 0x2a, 0x7f, 0xbf, 0xea, 0xf3,
 0xdb, 0xa0, 0x44, 0x10, 0x05, 0x8d, 0x00, 0x06, 0x01, 0x02, 0x09, 0x15,
 0x15, 0x08, 0x01, 0x86, 0x00, 0x07, 0x21, 0x62, 0xa1, 0xe0, 0xfa, 0xf0,
 0xb0, 0x3b, 0xff, 0x00, 0xb1, 0x00, 0x0b, 0x1b, 0x50, 0x90, 0xda, 0xff,
 0xff, 0xf7, 0xe8, 0xb8, 0x67, 0x2f, 0x10, 0x8f, 0x00, 0x09, 0x1b, 0x51,
 0x8e, 0xd3, 0xf7, 0xfa, 0xd7, 0x8c, 0x4d, 0x1a, 0x83, 0x00, 0x09, 0x13,
 0x3a, 0x78, 0xcc, 0xf7, 0xf9, 0xdc, 0xa2, 0x64, 0x21, 0x8f, 0x00, 0x09,
 0x12, 0x36, 0x71, 0xc2, 0xf0, 0xfa, 0xe4, 0xae, 0x6f, 0x25, 0x83, 0x00,
 0x0b, 0x09, 0x1b, 0x55, 0xb6, 0xec, 0xf8, 0xea, 0xc0, 0x83, 0x31, 0x06,
 0x02, 0x8d, 0x00, 0x0a, 0x0a, 0x1e, 0x54, 0xab, 0xe1, 0xf5, 0xef, 0xce,
 0x8f, 0x31, 0x01, 0x86, 0x00, 0x07, 0x1c, 0x53, 0x92, 0xdb, 0xfe, 0xfb,
 0xbc, 0x3f, 0x9f, 0x00, 0x07, 0x22, 0x67, 0xa7, 0xe2, 0xf9, 0xed, 0xad,
 0x3a, 0x8d, 0x00, 0x07, 0x2c, 0x85, 0xc5, 0xec, 0xf0, 0xd3, 0x93, 0x31,
 0x8d, 0x00, 0x07, 0x36, 0xa1, 0xe0, 0xf5, 0xe7, 0xb6, 0x76, 0x27, 0x83,
 0x00, 0x09, 0x1a, 0x4d, 0x8d, 0xd9, 0xfe, 0xfd, 0xc8, 0x5d, 0x1e, 0x0a,
 0x89, 0x00, 0x09, 0x01, 0x04, 0x34, 0x92, 0xd0, 0xef, 0xfb, 0xf2, 0xb3,
 0x3c, 0x85, 0x00, 0x09, 0x12, 0x37, 0x77, 0xd2, 0xff, 0xff, 0xcd, 0x68,
 0x29, 0x0e, 0x8d, 0x00, 0x07, 0x2d, 0x88, 0xc8, 0xed, 0xf0, 0xd1, 0x91,
 0x30, 0x83, 0x00, 0x09, 0x0c, 0x24, 0x63, 0xcb, 0xfe, 0xff, 0xd7, 0x88,
 0x49, 0x18, 0x8b, 0x00, 0x09, 0x27, 0x74, 0xb4, 0xe6, 0xff, 0xff, 0xcb,
 0x62, 0x22, 0x0b, 0x83, 0x00, 0x0b, 0x03, 0x09, 0x36, 0x89, 0xc6, 0xec,
 0xf5, 0xe2, 0xaf, 0x5e, 0x28, 0x0d, 0x8d, 0x00, 0x0b, 0x19, 0x4a, 0x86,
 0xcb, 0xf2, 0xfb, 0xff, 0xff, 0xe1, 0xa4, 0x64, 0x21, 0x83, 0x00, 0x09,
 0x21, 0x62, 0xa2, 0xe0, 0xfb, 0xf2, 0xc3, 0x6b, 0x30, 0x10, 0x8d, 0x00,
 0x07, 0x02, 0x06, 0x1a, 0x40, 0x40, 0x19, 0x04, 0x01, 0x85, 0x00, 0x07,
 0x21, 0x62, 0xa1, 0xe0, 0xfa, 0xf0, 0xb0, 0x3b, 0xff, 0x00, 0xb1, 0x00,
 0x0d, 0x1b, 0x50, 0x90, 0xda, 0xff, 0xff, 0xfe, 0xfc, 0xdb, 0x9a, 0x61,
 0x30, 0x11, 0x06, 0x8b, 0x00, 0x0b, 0x07, 0x16, 0x40, 0x86, 0xbe, 0xe9,
 0xf7, 0xe8, 0xb8, 0x66, 0x2e, 0x0f, 0x83, 0x00, 0x0c, 0x0b, 0x20, 0x55,
 0xaa, 0xdf, 0xf4, 0xef, 0xce, 0x97, 0x49, 0x1a, 0x0a, 0x01, 0x8a, 0x00,
 0x0b, 0x05, 0x10, 0x31, 0x67, 0xa1, 0xdf, 0xfa, 0xf2, 0xcb, 0x84, 0x48,
 0x18, 0x83, 0x00, 0x0d, 0x04, 0x0b, 0x39, 0x8f, 0xca, 0xec, 0xf5, 0xe4,
 0xb2, 0x5d, 0x28, 0x12, 0x05, 0x02, 0x89, 0x00, 0x0b, 0x04, 0x0b, 0x22,
 0x4a, 0x83, 0xcf, 0xf6, 0xf6, 0xdb, 0xa3, 0x66, 0x22, 0x87, 0x00, 0x09,
 0x1a, 0x4f, 0x8f, 0xda, 0xfe, 0xfc, 0xc1, 0x4c, 0x0d, 0x04, 0x9d, 0x00,
 0x07, 0x22, 0x67, 0xa7, 0xe2, 0xf9, 0xed, 0xad, 0x3a, 0x8d, 0x00, 0x07,
 0x2c, 0x85, 0xc5, 0xec, 0xf0, 0xd3, 0x93, 0x31, 0x8d, 0x00, 0x07, 0x36,
 0xa1, 0xe0, 0xf5, 0xe7, 0xb6, 0x76, 0x27, 0x83, 0x00, 0x09, 0x18, 0x47,
 0x87, 0xd7, 0xfe, 0xfd, 0xc8, 0x5f, 0x1f, 0x0a, 0x88, 0x00, 0x0a, 0x01,
 0x0b, 0x1f, 0x56, 0xb2, 0xe7, 0xf7, 0xfb, 0xf4, 0xb4, 0x3c, 0x85, 0x00,
 0x09, 0x12, 0x37, 0x77, 0xd2, 0xff, 0xff, 0xcd, 0x68, 0x29, 0x0e, 0x8d,
 0x00, 0x07, 0x2d, 0x88, 0xc8, 0xed, 0xf0, 0xd1, 0x91, 0x30, 0x83, 0x00,
 0x09, 0x0b, 0x21, 0x60, 0xc7, 0xfc, 0xfe, 0xd8, 0x89, 0x4a, 0x19, 0x89,
 0x00, 0x0b, 0x06, 0x13, 0x44, 0x9a, 0xd4, 0xf1, 0xff, 0xff, 0xcc, 0x66,
 0x26, 0x0d, 0x85, 0x00, 0x0c, 0x1d, 0x58, 0x94, 0xd2, 0xf2, 0xf6, 0xd6,
 0x93, 0x5c, 0x34, 0x18, 0x09, 0x01, 0x86, 0x00, 0x0f, 0x02, 0x05, 0x0f,
 0x20, 0x47, 0x84, 0xb9, 0xe6, 0xfd, 0xfd, 0xfe, 0xff, 0xe1, 0xa4, 0x64,
 0x21, 0x83, 0x00, 0x0b, 0x15, 0x3f, 0x7a, 0xc7, 0xf2, 0xfa, 0xdd, 0x9b,
 0x61, 0x2f, 0x11, 0x06, 0x89, 0x00, 0x0b, 0x02, 0x07, 0x16, 0x2e, 0x50,
 0x7d, 0x7c, 0x4e, 0x2a, 0x11, 0x03, 0x01, 0x83, 0x00, 0x07, 0x21, 0x62,
 0xa1, 0xe0, 0xfa, 0xf0, 0xb0, 0x3b, 0xff, 0x00, 0xb1, 0x00, 0x03, 0x1b,
 0x50, 0x90, 0xda, 0x80, 0xff, 0x06, 0xfe, 0xef, 0xd2, 0xa4, 0x65, 0x34,
 0x11, 0x8b, 0x00, 0x0b, 0x16, 0x41, 0x78, 0xbc, 0xe6, 0xf7, 0xea, 0xc1,
 0x86, 0x3a, 0x0f, 0x05, 0x83, 0x00, 0x0d, 0x04, 0x0b, 0x30, 0x74, 0xb0,
 0xe5, 0xf9, 0xee, 0xc8, 0x88, 0x4f, 0x1e, 0x04, 0x01, 0x89, 0x00, 0x0b,
 0x10, 0x30, 0x62, 0xa5, 0xd5, 0xf1, 0xf2, 0xd9, 0xa2, 0x4b, 0x18, 0x08,
 0x83, 0x00, 0x0d, 0x01, 0x04, 0x20, 0x55, 0x92, 0xd7, 0xf8, 0xf5, 0xd8,
 0xa0, 0x68, 0x30, 0x0f, 0x05, 0x89, 0x00, 0x0b, 0x0b, 0x21, 0x4c, 0x8c,
 0xc0, 0xe8, 0xf6, 0xeb, 0xbb, 0x67, 0x2e, 0x0f, 0x87, 0x00, 0x09, 0x18,
 0x49, 0x89, 0xd8, 0xff, 0xfe, 0xcb, 0x66, 0x27, 0x0d, 0x9d, 0x00, 0x07,
 0x22, 0x67, 0xa7, 0xe2, 0xf9, 0xed, 0xad, 0x3a, 0x8d, 0x00, 0x07, 0x2c,
 0x85, 0xc5, 0xec, 0xf0, 0xd3, 0x93, 0x31, 0x8d, 0x00, 0x07, 0x36, 0xa1,
 0xe0, 0xf5, 0xe7, 0xb6, 0x76, 0x27, 0x83, 0x00, 0x09, 0x10, 0x30, 0x6f,
 0xcf, 0xff, 0xfe, 0xd5, 0x81, 0x41, 0x16, 0x87, 0x00, 0x0b, 0x01, 0x04,
 0x1f, 0x51, 0x8d, 0xd2, 0xf7, 0xfc, 0xfc, 0xf6, 0xb7, 0x3d, 0x85, 0x00,
 0x09, 0x12, 0x37, 0x77, 0xd2, 0xff, 0xff, 0xcd, 0x68, 0x29, 0x0e, 0x8d,
 0x00, 0x07, 0x2d, 0x88, 0xc8, 0xed, 0xf0, 0xd1, 0x91, 0x30, 0x83, 0x00,
 0x09, 0x05, 0x0f, 0x4b, 0xbb, 0xf5, 0xfc, 0xe1, 0xa4, 0x65, 0x22, 0x89,
 0x00, 0x0b, 0x13, 0x39, 0x73, 0xc3, 0xf0, 0xfa, 0xff, 0xff, 0xce, 0x6b,
 0x2b, 0x0e, 0x85, 0x00, 0x0d, 0x0b, 0x21, 0x56, 0xaa, 0xde, 0xf2, 0xef,
 0xd2, 0xab, 0x78, 0x48, 0x1c, 0x04, 0x01, 0x85, 0x00, 0x0f, 0x05, 0x10,
 0x2e, 0x61, 0x93, 0xc5, 0xe4, 0xf2, 0xf9, 0xfa, 0xfc, 0xfe, 0xe1, 0xa4,
 0x64, 0x21, 0x83, 0x00, 0x0b, 0x07, 0x15, 0x47, 0x9e, 0xd7, 0xf2, 0xf0,
 0xd4, 0xa5, 0x63, 0x32, 0x11, 0x89, 0x00, 0x0b, 0x07, 0x15, 0x3c, 0x7a,
 0xa9, 0xca, 0xca, 0xa9, 0x75, 0x2f, 0x09, 0x03, 0x83, 0x00, 0x07, 0x21,
 0x62, 0xa1, 0xe0, 0xfa, 0xf0, 0xb0, 0x3b, 0xff, 0x00, 0xb1, 0x00, 0x25,
 0x1b, 0x50, 0x90, 0xda, 0xff, 0xfe, 0xf8, 0xeb, 0xe7, 0xec, 0xd4, 0x9f,
 0x6f, 0x44, 0x28, 0x1b, 0x11, 0x09, 0x04, 0x01, 0x00, 0x00, 0x02, 0x05,
 0x0a, 0x12, 0x1d, 0x2a, 0x4a, 0x7d, 0xaf, 0xe1, 0xf7, 0xf3, 0xd0, 0x90,
 0x53, 0x1c, 0x87, 0x00, 0x21, 0x16, 0x43, 0x7e, 0xc6, 0xef, 0xf9, 0xe9,
 0xbd, 0x8c, 0x56, 0x32, 0x21, 0x14, 0x0c, 0x06, 0x02, 0x00, 0x00, 0x01,
 0x03, 0x07, 0x0f, 0x19, 0x25, 0x40, 0x6b, 0x9c, 0xd3, 0xf1, 0xf5, 0xdf,
 0xae, 0x70, 0x25, 0x87, 0x00, 0x0f, 0x0e, 0x2a, 0x61, 0xb3, 0xe4, 0xf6,
 0xef, 0xd1, 0xa4, 0x6a, 0x41, 0x29, 0x19, 0x10, 0x08, 0x03, 0x80, 0x00,
 0x10, 0x01, 0x05, 0x0c, 0x15, 0x20, 0x36, 0x58, 0x86, 0xc1, 0xe6, 0xf5,
 0xeb, 0xc9, 0x8e, 0x3b, 0x0e, 0x05, 0x87, 0x00, 0x11, 0x14, 0x3c, 0x7b,
 0xd2, 0xfe, 0xff, 0xd8, 0x89, 0x4c, 0x1f, 0x07, 0x02, 0x00, 0x00, 0x04,
 0x0c, 0x0c, 0x04, 0x95, 0x00, 0x07, 0x22, 0x67, 0xa7, 0xe2, 0xf9, 0xed,
 0xad, 0x3a, 0x8d, 0x00, 0x07, 0x2c, 0x85, 0xc5, 0xec, 0xf0, 0xd3, 0x93,
 0x31, 0x8d, 0x00, 0x07, 0x36, 0xa1, 0xe0, 0xf5, 0xe7, 0xb6, 0x76, 0x27,
 0x83, 0x00, 0x20, 0x09, 0x1b, 0x58, 0xc0, 0xf7, 0xfc, 0xe3, 0xab, 0x73,
 0x3b, 0x18, 0x0b, 0x03, 0x01, 0x00, 0x00, 0x01, 0x04, 0x09, 0x11, 0x1d,
 0x2e, 0x53, 0x8c, 0xb9, 0xd9, 0xef, 0xfa, 0xfd, 0xf9, 0xba, 0x3f, 0x01,
 0x84, 0x00, 0x09, 0x12, 0x37, 0x77, 0xd2, 0xff, 0xff, 0xcd, 0x68, 0x29,
 0x0e, 0x8d, 0x00, 0x07, 0x2d, 0x88, 0xc8, 0xed, 0xf0, 0xd1, 0x91, 0x30,
 0x83, 0x00, 0x21, 0x01, 0x04, 0x3c, 0xa9, 0xe7, 0xf7, 0xec, 0xc5, 0x8e,
 0x48, 0x1e, 0x0f, 0x06, 0x02, 0x00, 0x00, 0x01, 0x03, 0x07, 0x0e, 0x18,
 0x25, 0x44, 0x73, 0xa3, 0xd4, 0xf0, 0xf8, 0xfc, 0xfe, 0xd0, 0x71, 0x31,
 0x10, 0x85, 0x00, 0x25, 0x01, 0x04, 0x2b, 0x77, 0xb1, 0xda, 0xf0, 0xf1,
 0xdd, 0xb3, 0x85, 0x53, 0x36, 0x2c, 0x25, 0x1f, 0x1b, 0x17, 0x18, 0x1d,
 0x22, 0x27, 0x33, 0x46, 0x6a, 0x9f, 0xc9, 0xe7, 0xec, 0xd8, 0xd7, 0xeb,
 0xf8, 0xfd, 0xe1, 0xa4, 0x64, 0x21, 0x85, 0x00, 0x21, 0x25, 0x6e, 0xac,
 0xdf, 0xf6, 0xf2, 0xd4, 0x9c, 0x6a, 0x3d, 0x22, 0x1a, 0x11, 0x09, 0x04,
 0x01, 0x00, 0x01, 0x06, 0x0e, 0x16, 0x1d, 0x2e, 0x48, 0x75, 0xb6, 0xe0,
 0xf5, 0xee, 0xcc, 0x8f, 0x38, 0x09, 0x03, 0x83, 0x00, 0x07, 0x21, 0x62,
 0xa1, 0xe0, 0xfa, 0xf0, 0xb0, 0x3b, 0xff, 0x00, 0xb1, 0x00, 0x25, 0x1b,
 0x50, 0x90, 0xda, 0xfe, 0xfd, 0xe9, 0xc3, 0xc2, 0xe7, 0xf1, 0xdf, 0xc3,
 0x9d, 0x77, 0x51, 0x32, 0x1c, 0x0c, 0x04, 0x00, 0x00, 0x05, 0x0e, 0x1e,
 0x35, 0x56, 0x7f, 0xa6, 0xca, 0xe4, 0xf5, 0xf3, 0xdd, 0xa9, 0x54, 0x1f,
 0x0a, 0x87, 0x00, 0x21, 0x07, 0x16, 0x47, 0x99, 0xd1, 0xef, 0xf8, 0xe9,
 0xd2, 0xb1, 0x8b, 0x5f, 0x3d, 0x24, 0x12, 0x06, 0x00, 0x00, 0x03, 0x08,
 0x16, 0x2c, 0x4a, 0x6f, 0x96, 0xbf, 0xdd, 0xf0, 0xf5, 0xed, 0xc1, 0x71,
 0x36, 0x12, 0x87, 0x00, 0x23, 0x05, 0x0e, 0x37, 0x7e, 0xb9, 0xe7, 0xf9,
 0xef, 0xdd, 0xc1, 0x9c, 0x6f, 0x4a, 0x2f, 0x19, 0x08, 0x00, 0x00, 0x01,
 0x04, 0x10, 0x24, 0x3f, 0x5f, 0x85, 0xb1, 0xd2, 0xe9, 0xf5, 0xf6, 0xd4,
 0x8f, 0x53, 0x20, 0x05, 0x02, 0x87, 0x00, 0x11, 0x0d, 0x27, 0x66, 0xca,
 0xfd, 0xfe, 0xe6, 0xb4, 0x7b, 0x3b, 0x14, 0x07, 0x00, 0x00, 0x0c, 0x25,
 0x25, 0x0c, 0x95, 0x00, 0x07, 0x22, 0x67, 0xa7, 0xe2, 0xf9, 0xed, 0xad,
 0x3a, 0x8d, 0x00, 0x07, 0x2c, 0x85, 0xc5, 0xec, 0xf0, 0xd3, 0x93, 0x31,
 0x8d, 0x00, 0x07, 0x36, 0xa1, 0xe0, 0xf5, 0xe7, 0xb6, 0x76, 0x27, 0x83,
 0x00, 0x21, 0x03, 0x09, 0x41, 0xaa, 0xe7, 0xf7, 0xf4, 0xde, 0xb5, 0x7a,
 0x49, 0x20, 0x09, 0x03, 0x00, 0x00, 0x04, 0x0c, 0x1c, 0x32, 0x53, 0x7f,
 0xa9, 0xcf, 0xd9, 0xc7, 0xce, 0xef, 0xfe, 0xfc, 0xbe, 0x43, 0x04, 0x01,
 0x83, 0x00, 0x09, 0x12, 0x37, 0x77, 0xd2, 0xff, 0xff, 0xcd, 0x68, 0x29,
 0x0e, 0x8d, 0x00, 0x07, 0x2d, 0x88, 0xc8, 0xed, 0xf0, 0xd1, 0x91, 0x30,
 0x84, 0x00, 0x20, 0x01, 0x32, 0x91, 0xd1, 0xf0, 0xf8, 0xeb, 0xc6, 0x8c,
 0x59, 0x2e, 0x12, 0x06, 0x00, 0x00, 0x03, 0x08, 0x15, 0x29, 0x48, 0x6f,
 0x98, 0xc3, 0xd4, 0xcd, 0xd4, 0xea, 0xf7, 0xfc, 0xd2, 0x77, 0x37, 0x12,
 0x86, 0x00, 0x24, 0x01, 0x14, 0x3a, 0x6d, 0xae, 0xd9, 0xf0, 0xf4, 0xe6,
 0xcf, 0xb1, 0x97, 0x81, 0x6e, 0x5e, 0x51, 0x46, 0x48, 0x58, 0x67, 0x76,
 0x8c, 0xa8, 0xc2, 0xdb, 0xe9, 0xec, 0xd1, 0x97, 0x97, 0xd1, 0xf2, 0xfb,
 0xe1, 0xa4, 0x64, 0x21, 0x85, 0x00, 0x21, 0x12, 0x37, 0x71, 0xc2, 0xef,
 0xf6, 0xf0, 0xdc, 0xba, 0x8a, 0x66, 0x4d, 0x34, 0x1b, 0x0b, 0x04, 0x01,
 0x04, 0x11, 0x29, 0x41, 0x57, 0x76, 0x9f, 0xc3, 0xe2, 0xf5, 0xfc, 0xe8,
 0xb9, 0x7a, 0x2b, 0x03, 0x01, 0x83, 0x00, 0x07, 0x21, 0x62, 0xa1, 0xe0,
 0xfa, 0xf0, 0xb0, 0x3b, 0xff, 0x00, 0xb1, 0x00, 0x25, 0x1b, 0x50, 0x90,
 0xda, 0xfe, 0xfd, 0xd9, 0x93, 0x8c, 0xc5, 0xe8, 0xf5, 0xef, 0xd6, 0xb7,
 0x90, 0x72, 0x5b, 0x4a, 0x3e, 0x38, 0x39, 0x3f, 0x4b, 0x5d, 0x75, 0x96,
 0xbf, 0xdd, 0xf1, 0xf4, 0xe6, 0xcd, 0xa7, 0x71, 0x29, 0x04, 0x01, 0x89,
 0x00, 0x1f, 0x20, 0x61, 0x98, 0xc5, 0xe3, 0xf2, 0xf2, 0xe5, 0xc9, 0x9f,
 0x7d, 0x64, 0x50, 0x41, 0x39, 0x38, 0x3c, 0x45, 0x55, 0x6c, 0x8a, 0xaf,
 0xd0, 0xee, 0xf7, 0xec, 0xd8, 0xbd, 0x89, 0x3f, 0x13, 0x06, 0x89, 0x00,
 0x1f, 0x19, 0x4b, 0x80, 0xb8, 0xdc, 0xec, 0xf2, 0xee, 0xd7, 0xad, 0x8a,
 0x6e, 0x57, 0x45, 0x3a, 0x38, 0x3a, 0x40, 0x4d, 0x63, 0x7e, 0x9f, 0xc1,
 0xe6, 0xf5, 0xef, 0xe2, 0xcc, 0x9f, 0x58, 0x28, 0x0d, 0x89, 0x00, 0x12,
 0x07, 0x16, 0x4f, 0xb3, 0xec, 0xf9, 0xf2, 0xd7, 0xae, 0x76, 0x51, 0x3f,
 0x38, 0x3a, 0x48, 0x63, 0x55, 0x1d, 0x01, 0x94, 0x00, 0x07, 0x22, 0x67,
 0xa7, 0xe2, 0xf9, 0xed, 0xad, 0x3a, 0x8d, 0x00, 0x07, 0x2c, 0x85, 0xc5,
 0xec, 0xf0, 0xd3, 0x93, 0x31, 0x8d, 0x00, 0x07, 0x36, 0xa1, 0xe0, 0xf5,
 0xe7, 0xb6, 0x76, 0x27, 0x85, 0x00, 0x1f, 0x2b, 0x80, 0xbe, 0xe4, 0xf7,
 0xf7, 0xe0, 0xb3, 0x88, 0x5e, 0x44, 0x3b, 0x37, 0x39, 0x3f, 0x4a, 0x5b,
 0x71, 0x92, 0xbd, 0xd6, 0xdd, 0xc8, 0x98, 0xa0, 0xdf, 0xfe, 0xfe, 0xc2,
 0x4c, 0x0c, 0x04, 0x83, 0x00, 0x09, 0x12, 0x37, 0x77, 0xd2, 0xff, 0xff,
 0xcd, 0x68, 0x29, 0x0e, 0x8d, 0x00, 0x07, 0x2d, 0x88, 0xc8, 0xed, 0xf0,
 0xd1, 0x91, 0x30, 0x85, 0x00, 0x1f, 0x23, 0x68, 0xa5, 0xd8, 0xf5, 0xfb,
 0xea, 0xc2, 0x98, 0x6c, 0x4e, 0x3f, 0x38, 0x38, 0x3c, 0x45, 0x54, 0x69,
 0x87, 0xaf, 0xcc, 0xdf, 0xd1, 0xa3, 0xa4, 0xd5, 0xf1, 0xfa, 0xd4, 0x7f,
 0x3f, 0x15, 0x87, 0x00, 0x23, 0x07, 0x14, 0x38, 0x72, 0xa1, 0xc5, 0xdf,
 0xee, 0xf0, 0xe5, 0xd5, 0xc0, 0xae, 0x9e, 0x91, 0x86, 0x88, 0x97, 0xa7,
 0xb6, 0xca, 0xe2, 0xf0, 0xf2, 0xe6, 0xca, 0x9c, 0x5c, 0x68, 0xbf, 0xef,
 0xfa, 0xe1, 0xa4, 0x64, 0x21, 0x85, 0x00, 0x1f, 0x07, 0x14, 0x41, 0x8d,
 0xc0, 0xdb, 0xed, 0xf6, 0xe8, 0xc4, 0xa5, 0x8d, 0x73, 0x5a, 0x47, 0x3d,
 0x3a, 0x3f, 0x4f, 0x68, 0x80, 0x97, 0xb4, 0xd7, 0xee, 0xf6, 0xf4, 0xe6,
 0xc3, 0x8b, 0x53, 0x1c, 0x85, 0x00, 0x07, 0x21, 0x62, 0xa1, 0xe0, 0xfa,
 0xf0, 0xb0, 0x3b, 0xff, 0x00, 0xb1, 0x00, 0x24, 0x1b, 0x50, 0x90, 0xda,
 0xfe, 0xfd, 0xc6, 0x5b, 0x46, 0x87, 0xbb, 0xe2, 0xf4, 0xef, 0xe7, 0xda,
 0xcf, 0xc7, 0xbc, 0xaf, 0xa9, 0xaa, 0xb1, 0xbd, 0xc8, 0xd1, 0xdc, 0xea,
 0xf1, 0xf2, 0xde, 0xb4, 0x85, 0x51, 0x29, 0x0f, 0x01, 0x8a, 0x00, 0x1f,
 0x0b, 0x20, 0x46, 0x7b, 0xab, 0xd7, 0xee, 0xf2, 0xed, 0xdf, 0xd3, 0xcb,
 0xc0, 0xb4, 0xac, 0xa8, 0xad, 0xb9, 0xc4, 0xcd, 0xd8, 0xe4, 0xee, 0xf6,
 0xe8, 0xc5, 0x9a, 0x65, 0x3a, 0x19, 0x06, 0x02, 0x89, 0x00, 0x1f, 0x08,
 0x19, 0x39, 0x68, 0x97, 0xc7, 0xe6, 0xf2, 0xf2, 0xe4, 0xd8, 0xcf, 0xc4,
 0xb8, 0xaf, 0xa8, 0xaa, 0xb4, 0xbf, 0xc9, 0xd4, 0xdf, 0xea, 0xf6, 0xef,
 0xd4, 0xad, 0x79, 0x4c, 0x25, 0x0d, 0x04, 0x89, 0x00, 0x13, 0x02, 0x07,
 0x36, 0x8d, 0xcb, 0xee, 0xfb, 0xf2, 0xe3, 0xcf, 0xbc, 0xac, 0xa7, 0xae,
 0xb8, 0xc6, 0x9b, 0x37, 0x04, 0x01, 0x93, 0x00, 0x07, 0x22, 0x67, 0xa7,
 0xe2, 0xf9, 0xed, 0xad, 0x3a, 0x8d, 0x00, 0x07, 0x2c, 0x85, 0xc5, 0xec,
 0xf0, 0xd3, 0x93, 0x31, 0x8d, 0x00, 0x07, 0x36, 0xa1, 0xe0, 0xf5, 0xe7,
 0xb6, 0x76, 0x27, 0x85, 0x00, 0x1f, 0x16, 0x43, 0x7d, 0xc4, 0xed, 0xf7,
 0xf5, 0xe6, 0xd5, 0xc4, 0xb5, 0xaa, 0xa6, 0xaa, 0xb2, 0xbd, 0xc7, 0xcf,
 0xda, 0xe8, 0xdc, 0xb6, 0x86, 0x4e, 0x65, 0xcb, 0xfe, 0xfe, 0xc8, 0x5a,
 0x1a, 0x09, 0x83, 0x00, 0x09, 0x12, 0x37, 0x77, 0xd2, 0xff, 0xff, 0xcd,
 0x68, 0x29, 0x0e, 0x8d, 0x00, 0x07, 0x2d, 0x88, 0xc8, 0xed, 0xf0, 0xd1,
 0x91, 0x30, 0x85, 0x00, 0x1f, 0x0f, 0x2e, 0x63, 0xb0, 0xe1, 0xf5, 0xf8,
 0xeb, 0xdc, 0xcb, 0xbb, 0xad, 0xa7, 0xa8, 0xae, 0xb9, 0xc3, 0xcc, 0xd7,
 0xe4, 0xdf, 0xc8, 0x9a, 0x55, 0x60, 0xb8, 0xeb, 0xf8, 0xd7, 0x87, 0x47,
 0x18, 0x87, 0x00, 0x23, 0x02, 0x07, 0x13, 0x26, 0x45, 0x71, 0x9e, 0xcd,
 0xe8, 0xf0, 0xf1, 0xea, 0xe4, 0xdf, 0xda, 0xd7, 0xd7, 0xdc, 0xe2, 0xe7,
 0xed, 0xf5, 0xf2, 0xe4, 0xbe, 0x80, 0x4d, 0x27, 0x4a, 0xb5, 0xf0, 0xfa,
 0xe1, 0xa4, 0x64, 0x21, 0x85, 0x00, 0x1f, 0x02, 0x07, 0x1b, 0x3e, 0x6b,
 0xa1, 0xcc, 0xec, 0xf6, 0xeb, 0xe1, 0xd9, 0xd0, 0xc5, 0xba, 0xac, 0xaa,
 0xb3, 0xbe, 0xcb, 0xd5, 0xdc, 0xe6, 0xf2, 0xf6, 0xf4, 0xdd, 0xb3, 0x80,
 0x43, 0x1c, 0x09, 0x85, 0x00, 0x07, 0x21, 0x62, 0xa1, 0xe0, 0xfa, 0xf0,
 0xb0, 0x3b, 0xff, 0x00, 0xb1, 0x00, 0x23, 0x19, 0x4b, 0x87, 0xcd, 0xef,
 0xee, 0xb2, 0x3b, 0x1a, 0x4e, 0x7e, 0xab, 0xca, 0xdc, 0xe8, 0xf0, 0xf5,
 0xf8, 0xf5, 0xed, 0xe9, 0xe9, 0xec, 0xf2, 0xf4, 0xf1, 0xed, 0xe8, 0xdb,
 0xc6, 0xa4, 0x77, 0x49, 0x1c, 0x04, 0x01, 0x8d, 0x00, 0x1b, 0x15, 0x40,
 0x6d, 0x9b, 0xbf, 0xd7, 0xe6, 0xeb, 0xf0, 0xf3, 0xf3, 0xee, 0xea, 0xe7,
 0xe9, 0xf1, 0xf3, 0xf1, 0xee, 0xea, 0xe0, 0xd0, 0xb3, 0x89, 0x5c, 0x2b,
 0x0e, 0x05, 0x8d, 0x00, 0x1b, 0x10, 0x30, 0x58, 0x89, 0xb1, 0xcf, 0xe2,
 0xe9, 0xee, 0xf2, 0xf3, 0xf0, 0xec, 0xe7, 0xe8, 0xef, 0xf2, 0xf2, 0xf0,
 0xec, 0xe4, 0xd9, 0xc1, 0x9a, 0x6e, 0x3c, 0x1a, 0x09, 0x8d, 0x00, 0x11,
 0x1f, 0x5d, 0x95, 0xc7, 0xe6, 0xf1, 0xf7, 0xf9, 0xf4, 0xe9, 0xe6, 0xea,
 0xed, 0xee, 0xb6, 0x44, 0x09, 0x03, 0x93, 0x00, 0x07, 0x20, 0x61, 0x9d,
 0xd4, 0xea, 0xdf, 0xa3, 0x36, 0x8d, 0x00, 0x07, 0x2a, 0x7d, 0xb9, 0xde,
 0xe2, 0xc6, 0x8a, 0x2e, 0x8d, 0x00, 0x07, 0x32, 0x97, 0xd3, 0xe6, 0xd9,
 0xab, 0x6f, 0x25, 0x85, 0x00, 0x1f, 0x09, 0x1b, 0x47, 0x8c, 0xbb, 0xd4,
 0xe6, 0xf0, 0xf4, 0xf4, 0xef, 0xe8, 0xe5, 0xe7, 0xeb, 0xef, 0xf0, 0xec,
 0xe5, 0xdb, 0xb9, 0x80, 0x4c, 0x1e, 0x41, 0xb3, 0xed, 0xef, 0xc0, 0x60,
 0x24, 0x0c, 0x83, 0x00, 0x09, 0x11, 0x34, 0x70, 0xc5, 0xf0, 0xf0, 0xc1,
 0x62, 0x26, 0x0d, 0x8d, 0x00, 0x07, 0x2b, 0x80, 0xbc, 0xde, 0xe1, 0xc4,
 0x88, 0x2d, 0x85, 0x00, 0x1f, 0x04, 0x0c, 0x33, 0x78, 0xab, 0xcc, 0xe2,
 0xed, 0xf3, 0xf5, 0xf2, 0xea, 0xe6, 0xe6, 0xe8, 0xee, 0xef, 0xed, 0xe8,
 0xe1, 0xc5, 0x95, 0x5f, 0x23, 0x38, 0x9d, 0xd8, 0xe8, 0xcd, 0x87, 0x4b,
 0x19, 0x8b, 0x00, 0x1f, 0x12, 0x35, 0x5f, 0x8f, 0xb1, 0xc6, 0xd4, 0xda,
 0xe0, 0xe5, 0xe9, 0xec, 0xec, 0xe8, 0xe2, 0xdc, 0xd5, 0xcc, 0xbd, 0xa8,
 0x7f, 0x44, 0x1d, 0x0a, 0x3b, 0xb1, 0xf1, 0xfa, 0xe0, 0xa1, 0x61, 0x20,
 0x87, 0x00, 0x1b, 0x06, 0x11, 0x30, 0x63, 0x91, 0xbb, 0xd6, 0xe3, 0xec,
 0xf0, 0xf3, 0xf5, 0xf2, 0xea, 0xe8, 0xee, 0xf2, 0xf2, 0xf1, 0xec, 0xe7,
 0xe2, 0xd7, 0xc4, 0xa4, 0x76, 0x47, 0x18, 0x87, 0x00, 0x07, 0x1f, 0x5c,
 0x98, 0xd2, 0xeb, 0xe2, 0xa6, 0x37, 0xff, 0x00, 0xb1, 0x00, 0x22, 0x16,
 0x42, 0x76, 0xb3, 0xd1, 0xd0, 0x9b, 0x34, 0x09, 0x1a, 0x31, 0x4f, 0x72,
 0x9b, 0xbb, 0xd1, 0xe3, 0xef, 0xf6, 0xf7, 0xf7, 0xf5, 0xf1, 0xe9, 0xe0,
 0xd5, 0xc8, 0xb9, 0x9a, 0x6c, 0x48, 0x2d, 0x18, 0x09, 0x01, 0x8e, 0x00,
 0x1b, 0x07, 0x15, 0x28, 0x40, 0x63, 0x93, 0xb3, 0xc4, 0xd2, 0xdd, 0xe7,
 0xef, 0xf3, 0xf4, 0xf2, 0xec, 0xe3, 0xd9, 0xcd, 0xc0, 0xa6, 0x7e, 0x59,
 0x37, 0x1f, 0x0e, 0x05, 0x02, 0x8d, 0x00, 0x1b, 0x05, 0x10, 0x1f, 0x31,
 0x53, 0x84, 0xa7, 0xbd, 0xcd, 0xd9, 0xe3, 0xec, 0xf2, 0xf5, 0xf4, 0xef,
 0xe7, 0xdd, 0xd2, 0xc6, 0xb0, 0x8f, 0x6b, 0x42, 0x25, 0x14, 0x09, 0x03,
 0x8d, 0x00, 0x11, 0x0c, 0x23, 0x4b, 0x85, 0xb3, 0xd4, 0xea, 0xf4, 0xf8,
 0xf6, 0xf4, 0xf0, 0xe7, 0xda, 0xa3, 0x45, 0x10, 0x05, 0x93, 0x00, 0x07,
 0x1c, 0x55, 0x89, 0xb9, 0xcc, 0xc3, 0x8e, 0x2f, 0x8d, 0x00, 0x07, 0x25,
 0x6e, 0xa2, 0xc2, 0xc5, 0xad, 0x79, 0x28, 0x8d, 0x00, 0x07, 0x2c, 0x84,
 0xb9, 0xc9, 0xbd, 0x95, 0x61, 0x20, 0x85, 0x00, 0x1f, 0x03, 0x09, 0x1c,
 0x3d, 0x63, 0x8e, 0xb3, 0xd1, 0xe4, 0xed, 0xf3, 0xf5, 0xf4, 0xf1, 0xea,
 0xe0, 0xd4, 0xc6, 0xb1, 0x96, 0x6f, 0x3b, 0x19, 0x0a, 0x34, 0x98, 0xcb,
 0xcf, 0xab, 0x5f, 0x2b, 0x0e, 0x83, 0x00, 0x09, 0x0f, 0x2e, 0x62, 0xac,
 0xd1, 0xd1, 0xa8, 0x56, 0x21, 0x0b, 0x8d, 0x00, 0x07, 0x25, 0x70, 0xa4,
 0xc2, 0xc5, 0xab, 0x77, 0x28, 0x85, 0x00, 0x1f, 0x01, 0x04, 0x13, 0x2f,
 0x53, 0x80, 0xa7, 0xc8, 0xde, 0xea, 0xf2, 0xf5, 0xf5, 0xf2, 0xec, 0xe3,
 0xd8, 0xca, 0xb9, 0xa4, 0x7d, 0x45, 0x20, 0x0c, 0x2d, 0x84, 0xb8, 0xc9,
 0xb5, 0x7e, 0x4a, 0x19, 0x8b, 0x00, 0x1f, 0x06, 0x12, 0x21, 0x35, 0x4c,
 0x67, 0x7d, 0x90, 0xa1, 0xb0, 0xbc, 0xc6, 0xc5, 0xb9, 0xa9, 0x96, 0x81,
 0x68, 0x52, 0x3e, 0x2a, 0x17, 0x0a, 0x03, 0x3b, 0xb2, 0xf2, 0xfb, 0xde,
 0x9c, 0x5c, 0x1f, 0x87, 0x00, 0x1b, 0x02, 0x06, 0x10, 0x21, 0x3d, 0x64,
 0x89, 0xad, 0xc5, 0xd2, 0xdd, 0xe8, 0xf0, 0xf4, 0xf5, 0xf1, 0xea, 0xe0,
 0xd4, 0xc6, 0xb8, 0xa9, 0x8e, 0x68, 0x48, 0x2d, 0x18, 0x08, 0x87, 0x00,
 0x07, 0x1b, 0x50, 0x84, 0xb8, 0xcd, 0xc6, 0x91, 0x30, 0xff, 0x00, 0xb1,
 0x00, 0x1f, 0x0f, 0x2e, 0x52, 0x7c, 0x91, 0x90, 0x6c, 0x24, 0x00, 0x00,
 0x08, 0x19, 0x35, 0x5c, 0x7b, 0x92, 0xa3, 0xb0, 0xba, 0xc1, 0xc3, 0xc0,
 0xb9, 0xad, 0xa1, 0x95, 0x88, 0x79, 0x5b, 0x2f, 0x13, 0x06, 0x93, 0x00,
 0x15, 0x05, 0x0e, 0x28, 0x54, 0x73, 0x84, 0x92, 0x9e, 0xa9, 0xb5, 0xbd,
 0xc0, 0xbc, 0xb0, 0xa5, 0x99, 0x8d, 0x81, 0x67, 0x3f, 0x21, 0x0b, 0x93,
 0x00, 0x15, 0x01, 0x04, 0x1b, 0x47, 0x67, 0x7d, 0x8e, 0x99, 0xa5, 0xb0,
 0xb9, 0xc1, 0xbf, 0xb4, 0xa9, 0x9e, 0x92, 0x86, 0x70, 0x50, 0x30, 0x10,
 0x91, 0x00, 0x11, 0x01, 0x04, 0x1d, 0x4b, 0x73, 0x94, 0xab, 0xb6, 0xbe,
 0xc3, 0xc0, 0xb8, 0xab, 0x9c, 0x74, 0x34, 0x0f, 0x05, 0x93, 0x00, 0x07,
 0x14, 0x3b, 0x5f, 0x81, 0x8e, 0x87, 0x63, 0x21, 0x8d, 0x00, 0x07, 0x1a,
 0x4d, 0x71, 0x87, 0x89, 0x78, 0x54, 0x1c, 0x8d, 0x00, 0x07, 0x1f, 0x5c,
 0x81, 0x8c, 0x84, 0x68, 0x44, 0x17, 0x87, 0x00, 0x1d, 0x05, 0x10, 0x29,
 0x51, 0x73, 0x91, 0xa5, 0xb0, 0xb9, 0xc1, 0xc2, 0xbb, 0xb0, 0xa2, 0x94,
 0x86, 0x71, 0x57, 0x37, 0x12, 0x00, 0x00, 0x23, 0x68, 0x8c, 0x90, 0x79,
 0x47, 0x22, 0x0b, 0x83, 0x00, 0x09, 0x0b, 0x20, 0x44, 0x78, 0x92, 0x92,
 0x75, 0x3b, 0x17, 0x08, 0x8d, 0x00, 0x07, 0x1a, 0x4e, 0x72, 0x87, 0x89,
 0x77, 0x53, 0x1c, 0x87, 0x00, 0x1d, 0x03, 0x08, 0x1e, 0x44, 0x67, 0x88,
 0x9f, 0xac, 0xb7, 0xbf, 0xc1, 0xbd, 0xb4, 0xa7, 0x99, 0x8b, 0x79, 0x64,
 0x43, 0x16, 0x00, 0x00, 0x1e, 0x59, 0x7e, 0x8b, 0x7f, 0x5b, 0x37, 0x12,
 0x8d, 0x00, 0x1d, 0x02, 0x06, 0x13, 0x29, 0x3e, 0x50, 0x61, 0x70, 0x7c,
 0x86, 0x85, 0x79, 0x69, 0x57, 0x41, 0x29, 0x15, 0x07, 0x00, 0x00, 0x01,
 0x04, 0x41, 0xb7, 0xf5, 0xfc, 0xdc, 0x95, 0x55, 0x1c, 0x8b, 0x00, 0x15,
 0x0e, 0x2a, 0x4a, 0x6e, 0x86, 0x92, 0x9e, 0xa9, 0xb4, 0xbf, 0xc0, 0xb8,
 0xad, 0xa1, 0x94, 0x86, 0x78, 0x69, 0x50, 0x2c, 0x13, 0x06, 0x89, 0x00,
 0x07, 0x13, 0x38, 0x5c, 0x80, 0x8f, 0x8a, 0x65, 0x22, 0xff, 0x00, 0xb1,
 0x00, 0x1f, 0x05, 0x0f, 0x1b, 0x29, 0x30, 0x30, 0x24, 0x0c, 0x00, 0x00,
 0x03, 0x08, 0x12, 0x1f, 0x29, 0x31, 0x36, 0x3b, 0x42, 0x4b, 0x4e, 0x4b,
 0x45, 0x3c, 0x36, 0x32, 0x2d, 0x28, 0x1e, 0x10, 0x06, 0x02, 0x93, 0x00,
 0x15, 0x02, 0x05, 0x0d, 0x1c, 0x26, 0x2c, 0x31, 0x35, 0x3a, 0x40, 0x46,
 0x4b, 0x48, 0x3e, 0x37, 0x33, 0x2f, 0x2b, 0x22, 0x15, 0x0b, 0x04, 0x94,
 0x00, 0x14, 0x01, 0x09, 0x18, 0x22, 0x2a, 0x2f, 0x33, 0x37, 0x3b, 0x41,
 0x4b, 0x4b, 0x40, 0x38, 0x35, 0x31, 0x2d, 0x25, 0x1b, 0x10, 0x05, 0x92,
 0x00, 0x10, 0x01, 0x0a, 0x19, 0x26, 0x31, 0x3a, 0x40, 0x47, 0x4d, 0x4b,
 0x41, 0x39, 0x34, 0x27, 0x11, 0x05, 0x02, 0x93, 0x00, 0x07, 0x07, 0x14,
 0x20, 0x2b, 0x2f, 0x2d, 0x21, 0x0b, 0x8d, 0x00, 0x07, 0x09, 0x1a, 0x26,
 0x2d, 0x2e, 0x28, 0x1c, 0x09, 0x8d, 0x00, 0x07, 0x0a, 0x1f, 0x2b, 0x2f,
 0x2c, 0x23, 0x17, 0x08, 0x87, 0x00, 0x1d, 0x02, 0x05, 0x0e, 0x1b, 0x26,
 0x30, 0x37, 0x3b, 0x42, 0x4c, 0x4e, 0x46, 0x3e, 0x37, 0x31, 0x2d, 0x26,
 0x1d, 0x12, 0x06, 0x00, 0x00, 0x0c, 0x23, 0x2f, 0x30, 0x28, 0x18, 0x0b,
 0x04, 0x83, 0x00, 0x09, 0x04, 0x0b, 0x17, 0x28, 0x31, 0x31, 0x27, 0x14,
 0x08, 0x03, 0x8d, 0x00, 0x07, 0x09, 0x1a, 0x26, 0x2d, 0x2e, 0x28, 0x1c,
 0x09, 0x87, 0x00, 0x1d, 0x01, 0x03, 0x0a, 0x17, 0x22, 0x2d, 0x35, 0x39,
 0x40, 0x49, 0x4c, 0x47, 0x41, 0x39, 0x33, 0x2e, 0x28, 0x21, 0x16, 0x07,
 0x00, 0x00, 0x0a, 0x1e, 0x2a, 0x2e, 0x2a, 0x1e, 0x12, 0x06, 0x8d, 0x00,
 0x1d, 0x01, 0x02, 0x06, 0x0e, 0x15, 0x1b, 0x20, 0x25, 0x29, 0x2d, 0x2c,
 0x28, 0x23, 0x1d, 0x16, 0x0e, 0x07, 0x02, 0x00, 0x00, 0x04, 0x0c, 0x4b,
 0xbf, 0xfb, 0xfe, 0xd8, 0x8a, 0x4a, 0x19, 0x8b, 0x00, 0x15, 0x05, 0x0e,
 0x19, 0x25, 0x2d, 0x31, 0x35, 0x38, 0x40, 0x4b, 0x4b, 0x41, 0x3a, 0x36,
 0x31, 0x2d, 0x28, 0x23, 0x1b, 0x0f, 0x06, 0x02, 0x89, 0x00, 0x07, 0x06,
 0x13, 0x1f, 0x2b, 0x30, 0x2e, 0x22, 0x0b, 0xff, 0x00, 0xc3, 0x00, 0x05,
 0x04, 0x0c, 0x0f, 0x0c, 0x08, 0x03, 0xa3, 0x00, 0x05, 0x01, 0x04, 0x08,
 0x0c, 0x0b, 0x04, 0xa5, 0x00, 0x03, 0x04, 0x0c, 0x0c, 0x04, 0x9f, 0x00,
 0x05, 0x01, 0x04, 0x08, 0x0e, 0x0c, 0x04, 0xe3, 0x00, 0x05, 0x05, 0x0e,
 0x0f, 0x08, 0x04, 0x01, 0xc7, 0x00, 0x05, 0x04, 0x0b, 0x0d, 0x09, 0x06,
 0x02, 0xb1, 0x00, 0x09, 0x0a, 0x1e, 0x5d, 0xc8, 0xfe, 0xfe, 0xd3, 0x7b,
 0x3c, 0x14, 0x93, 0x00, 0x03, 0x04, 0x0c, 0x0c, 0x04, 0xff, 0x00, 0xe1,
 0x00, 0x05, 0x01, 0x04, 0x05, 0x04, 0x03, 0x01, 0xa4, 0x00, 0x04, 0x01,
 0x03, 0x04, 0x04, 0x01, 0xa5, 0x00, 0x03, 0x01, 0x04, 0x04, 0x01, 0xa0,
 0x00, 0x04, 0x01, 0x03, 0x05, 0x04, 0x01, 0xe3, 0x00, 0x04, 0x02, 0x05,
 0x05, 0x03, 0x01, 0xc8, 0x00, 0x05, 0x01, 0x04, 0x04, 0x03, 0x02, 0x01,
 0xb1, 0x00, 0x09, 0x13, 0x38, 0x78, 0xd2, 0xfe, 0xfd, 0xcb, 0x69, 0x29,
 0x0e, 0x93, 0x00, 0x03, 0x01, 0x04, 0x04, 0x01, 0xff, 0x00, 0xff, 0x00,
 0xff, 0x00, 0xff, 0x00, 0xb8, 0x00, 0x01, 0x01, 0x01, 0x94, 0x00, 0x09,
 0x1d, 0x56, 0x96, 0xdc, 0xfb, 0xf4, 0xbc, 0x54, 0x18, 0x08, 0xff, 0x00,
 0xff, 0x00, 0xff, 0x00, 0xff, 0x00, 0xd1, 0x00, 0x03, 0x01, 0x04, 0x04,
 0x01, 0x93, 0x00, 0x09, 0x28, 0x78, 0xb7, 0xe7, 0xf5, 0xe1, 0xa4, 0x3e,
 0x08, 0x03, 0xff, 0x00, 0xff, 0x00, 0xff, 0x00, 0xff, 0x00, 0xcf, 0x00,
 0x07, 0x08, 0x17, 0x26, 0x35, 0x30, 0x19, 0x0a, 0x03, 0x8f, 0x00, 0x09,
 0x07, 0x14, 0x45, 0x9c, 0xd5, 0xf1, 0xeb, 0xc5, 0x86, 0x2d, 0xff, 0x00,
 0xff, 0x00, 0xff, 0x00, 0xff, 0x00, 0xd1, 0x00, 0x07, 0x17, 0x44, 0x6e,
 0x93, 0x87, 0x48, 0x1f, 0x0a, 0x8f, 0x00, 0x09, 0x14, 0x3b, 0x75, 0xc3,
 0xef, 0xf9, 0xde, 0xa0, 0x61, 0x20, 0xff, 0x00, 0xff, 0x00, 0xff, 0x00,
 0xff, 0x00, 0xcf, 0x00, 0x0c, 0x04, 0x0c, 0x32, 0x77, 0xac, 0xd1, 0xc4,
 0x84, 0x52, 0x2f, 0x17, 0x09, 0x01, 0x89, 0x00, 0x0c, 0x01, 0x09, 0x17,
 0x39, 0x70, 0xa7, 0xe0, 0xf6, 0xe8, 0xbc, 0x73, 0x3b, 0x14, 0xff, 0x00,
 0xff, 0x00, 0xff, 0x00, 0xff, 0x00, 0xcf, 0x00, 0x0d, 0x0c, 0x25, 0x5b,
 0xaf, 0xe0, 0xef, 0xe8, 0xcb, 0xa4, 0x72, 0x44, 0x1a, 0x04, 0x01, 0x87,
 0x00, 0x0d, 0x01, 0x04, 0x1a, 0x44, 0x77, 0xb3, 0xdc, 0xf3, 0xe9, 0xbe,
 0x85, 0x3e, 0x14, 0x07, 0xff, 0x00, 0xff, 0x00, 0xff, 0x00, 0xff, 0x00,
 0xcf, 0x00, 0x23, 0x0c, 0x25, 0x59, 0xaa, 0xdd, 0xf1, 0xf8, 0xf2, 0xd9,
 0xae, 0x82, 0x55, 0x3b, 0x33, 0x2d, 0x28, 0x23, 0x1e, 0x1a, 0x17, 0x18,
 0x1d, 0x21, 0x25, 0x2c, 0x36, 0x53, 0x82, 0xb0, 0xdf, 0xf3, 0xed, 0xca,
 0x89, 0x4f, 0x1a, 0xff, 0x00, 0xff, 0x00, 0xff, 0x00, 0xff, 0x00, 0xd1,
 0x00, 0x23, 0x04, 0x0c, 0x2e, 0x68, 0xa1, 0xd7, 0xf4, 0xf8, 0xf2, 0xe4,
 0xd1, 0xb9, 0xa5, 0x96, 0x87, 0x79, 0x6a, 0x59, 0x4d, 0x45, 0x48, 0x56,
 0x62, 0x6e, 0x80, 0x98, 0xb2, 0xcf, 0xe5, 0xf4, 0xed, 0xd0, 0x99, 0x4a,
 0x1a, 0x09, 0xff, 0x00, 0xff, 0x00, 0xff, 0x00, 0xff, 0x00, 0xd3, 0x00,
 0x1f, 0x12, 0x35, 0x64, 0x9d, 0xc5, 0xda, 0xea, 0xf4, 0xf6, 0xee, 0xe4,
 0xd5, 0xc7, 0xb9, 0xaa, 0x99, 0x8d, 0x85, 0x88, 0x95, 0xa2, 0xad, 0xbf,
 0xd6, 0xe6, 0xef, 0xed, 0xe1, 0xc5, 0x99, 0x63, 0x21, 0xff, 0x00, 0xff,
 0x00, 0xff, 0x00, 0xff, 0x00, 0xd5, 0x00, 0x1f, 0x06, 0x12, 0x26, 0x43,
 0x69, 0x98, 0xbf, 0xdf, 0xf1, 0xf6, 0xf6, 0xf1, 0xec, 0xe8, 0xe3, 0xdd,
 0xd9, 0xd6, 0xd7, 0xdc, 0xe0, 0xe4, 0xea, 0xf1, 0xef, 0xe1, 0xc9, 0xa5,
 0x7b, 0x4b, 0x26, 0x0d, 0xff, 0x00, 0xff, 0x00, 0xff, 0x00, 0xff, 0x00,
 0xd7, 0x00, 0x1d, 0x06, 0x11, 0x2d, 0x59, 0x7f, 0xa0, 0xb9, 0xc9, 0xd5,
 0xde, 0xe4, 0xe7, 0xea, 0xec, 0xed, 0xee, 0xed, 0xea, 0xe7, 0xe3, 0xde,
 0xd6, 0xc4, 0xa8, 0x89, 0x66, 0x41, 0x1b, 0x06, 0x02, 0xff, 0x00, 0xff,
 0x00, 0xff, 0x00, 0xff, 0x00, 0xd7, 0x00, 0x1d, 0x02, 0x06, 0x0f, 0x1e,
 0x2c, 0x39, 0x4d, 0x68, 0x82, 0x9c, 0xae, 0xb7, 0xbf, 0xc6, 0xca, 0xcb,
 0xc8, 0xbf, 0xb6, 0xac, 0x9b, 0x84, 0x67, 0x45, 0x2e, 0x22, 0x16, 0x09,
 0x02, 0x01, 0xff, 0x00, 0xff, 0x00, 0xff, 0x00, 0xff, 0x00, 0xdb, 0x00,
 0x13, 0x01, 0x04, 0x11, 0x29, 0x42, 0x5c, 0x6e, 0x78, 0x80, 0x86, 0x8a,
 0x8c, 0x88, 0x7f, 0x76, 0x6c, 0x5c, 0x44, 0x2a, 0x0e, 0xff, 0x00, 0xff,
 0x00, 0xff, 0x00, 0xff, 0x00, 0xe2, 0x00, 0x12, 0x01, 0x06, 0x0e, 0x16,
 0x1f, 0x25, 0x28, 0x2b, 0x2d, 0x2e, 0x2f, 0x2d, 0x2a, 0x27, 0x24, 0x1f,
 0x17, 0x0e, 0x05, 0xff, 0x00, 0xff, 0x00, 0xff, 0x00, 0xff, 0x00, 0xff,
 0x00, 0xff, 0x00, 0xff, 0x00, 0xff, 0x00, 0xff, 0x00, 0xff, 0x00, 0xff,
 0x00, 0xff, 0x00, 0xff, 0x00, 0xff, 0x00, 0xff, 0x00, 0xff, 0x00, 0xff,
 0x00, 0xff, 0x00, 0xff, 0x00, 0xff, 0x00, 0xff, 0x00, 0xff, 0x00, 0xff,
 0x00, 0xff, 0x00, 0xff, 0x00, 0xff, 0x00, 0xff, 0x00, 0xff, 0x00, 0xff,
 0x00, 0xff, 0x00, 0xff, 0x00, 0xff, 0x00, 0xff, 0x00, 0xff, 0x00, 0xff,
 0x00, 0xff, 0x00, 0xff, 0x00, 0xff, 0x00, 0xff, 0x00, 0xff, 0x00, 0xff,
 0x00, 0xff, 0x00, 0xff, 0x00, 0xff, 0x00, 0xff, 0x00, 0xff, 0x00, 0xff,
 0x00, 0xff, 0x00, 0xff, 0x00, 0xff, 0x00, 0xff, 0x00, 0xff, 0x00, 0xff,
 0x00, 0xff, 0x00, 0xff, 0x00, 0xff, 0x00, 0xff, 0x00, 0xff, 0x00, 0xff,
 0x00, 0xff, 0x00, 0xff, 0x00, 0xff, 0x00, 0xff, 0x00, 0xff, 0x00, 0xff,
 0x00, 0xff, 0x00, 0xff, 0x00, 0xff, 0x00, 0xff, 0x00, 0xff, 0x00, 0xff,
 0x00, 0xff, 0x00, 0xff, 0x00, 0xff, 0x00, 0xff, 0x00, 0xff, 0x00, 0xff,
 0x00, 0xff, 0x00, 0xff, 0x00, 0xff, 0x00, 0xff, 0x00, 0xff, 0x00, 0xff,
 0x00, 0xff, 0x00, 0xff, 0x00, 0xff, 0x00, 0xff, 0x00, 0xff, 0x00, 0xff,
 0x00, 0xff, 0x00, 0xff, 0x00, 0xff, 0x00, 0xff, 0x00, 0xff, 0x00, 0xff,
 0x00, 0xff, 0x00, 0xff, 0x00, 0xff, 0x00, 0xff, 0x00, 0xff, 0x00, 0xff,
 0x00, 0xff, 0x00, 0xff, 0x00, 0xff, 0x00, 0xff, 0x00, 0xff, 0x00, 0xff,
 0x00, 0xff, 0x00, 0xff, 0x00, 0xff, 0x00, 0xff, 0x00, 0xff, 0x00, 0xff,
 0x00, 0xff, 0x00, 0xff, 0x00, 0xff, 0x00, 0xff, 0x00, 0xff, 0x00, 0xff,
 0x00, 0xff, 0x00, 0xff, 0x00, 0xff, 0x00, 0xff, 0x00, 0xff, 0x00, 0xff,
 0x00, 0xff, 0x00, 0xff, 0x00, 0xff, 0x00, 0xff, 0x00, 0xff, 0x00, 0xff,
 0x00, 0xff, 0x00, 0xff, 0x00, 0xff, 0x00, 0xff, 0x00, 0xff, 0x00, 0xff,
 0x00, 0xff, 0x00, 0xff, 0x00, 0xff, 0x00, 0xff, 0x00, 0xff, 0x00, 0xff,
 0x00, 0xff, 0x00, 0xff, 0x00, 0xff, 0x00, 0xff, 0x00, 0xff, 0x00, 0xff,
 0x00, 0xff, 0x00, 0xff, 0x00, 0xff, 0x00, 0xff, 0x00, 0xff, 0x00, 0xff,
 0x00, 0xff, 0x00, 0xff, 0x00, 0xff, 0x00, 0xff, 0x00, 0xff, 0x00, 0xff,
 0x00, 0xff, 0x00, 0xff, 0x00, 0xff, 0x00, 0xff, 0x00, 0xff, 0x00, 0xff,
 0x00, 0xff, 0x00, 0xff, 0x00, 0xff, 0x00, 0xff, 0x00, 0xff, 0x00, 0xff,
 0x00, 0xff, 0x00, 0xff, 0x00, 0xff, 0x00, 0xff, 0x00, 0xff, 0x00, 0xff,
 0x00, 0xff, 0x00, 0xff, 0x00, 0xff, 0x00, 0xff, 0x00, 0xff, 0x00, 0xff,
 0x00, 0xff, 0x00, 0xff, 0x00, 0xff, 0x00, 0xff, 0x00, 0xff, 0x00, 0xff,
 0x00, 0xff, 0x00, 0xff, 0x00, 0xff, 0x00, 0xff, 0x00, 0xff, 0x00, 0xff,
 0x00, 0xff, 0x00, 0xff, 0x00, 0xff, 0x00, 0xff, 0x00, 0xff, 0x00, 0xff,
 0x00, 0xff, 0x00, 0xff, 0x00, 0xff, 0x00, 0xff, 0x00, 0xff, 0x00, 0xff,
 0x00, 0xff, 0x00, 0xff, 0x00, 0xff, 0x00, 0xff, 0x00, 0xff, 0x00, 0xff,
 0x00, 0xff, 0x00, 0xff, 0x00, 0xff, 0x00, 0xff, 0x00, 0xff, 0x00, 0xff,
 0x00, 0xff, 0x00, 0xff, 0x00, 0xff, 0x00, 0xff, 0x00, 0xff, 0x00, 0xff,
 0x00, 0xff, 0x00, 0xff, 0x00, 0xff, 0x00, 0xff, 0x00, 0xff, 0x00, 0xcc,
 0x00, 0x00, 0x8f, 0xff, 0xbf, 0xff, 0xbf, 0xff, 0xbf, 0xff, 0xbf, 0xf3,
 0xbf, 0x01, 0x8f, 0xbf, 0xff, 0xff, 0xff, 0xff, 0xff, 0xff, 0xff, 0xff,
 0xf3, 0xff, 0x01, 0xbf, 0xbf, 0xff, 0xff, 0xff, 0xff, 0xff, 0xff, 0xff,
 0xff, 0xf3, 0xff, 0x01, 0xbf, 0xbf, 0xff, 0xff, 0xff, 0xff, 0xff, 0xff,
 0xff, 0xff, 0xf3, 0xff, 0x01, 0xbf, 0xbf, 0xff, 0xff, 0xff, 0xff, 0xff,
 0xff, 0xff, 0xff, 0xf3, 0xff, 0x01, 0xbf, 0xbf, 0xff, 0xff, 0xff, 0xff,
 0xff, 0xff, 0xff, 0xff, 0xf3, 0xff, 0x01, 0xbf, 0xbf, 0xff, 0xff, 0xff,
 0xff, 0xff, 0xff, 0xff, 0xff, 0xf3, 0xff, 0x01, 0xbf, 0xbf, 0xff, 0xff,
 0xff, 0xff, 0xff, 0xff, 0xff, 0xff, 0xf3, 0xff, 0x01, 0xbf, 0xbf, 0xff,
 0xff, 0xff, 0xff, 0xff, 0xff, 0xff, 0xff, 0xf3, 0xff, 0x01, 0xbf, 0xbf,
 0xff, 0xff, 0xff, 0xff, 0xff, 0xff, 0xff, 0xff, 0xf3, 0xff, 0x01, 0xbf,
 0xbf, 0xff, 0xff, 0xff, 0xff, 0xff, 0xff, 0xff, 0xff, 0xf3, 0xff, 0x01,
 0xbf, 0xbf, 0xff, 0xff, 0xff, 0xff, 0xff, 0xff, 0xff, 0xff, 0xf3, 0xff,
 0x01, 0xbf, 0xbf, 0xff, 0xff, 0xff, 0xff, 0xff, 0xff, 0xff, 0xff, 0xf3,
 0xff, 0x01, 0xbf, 0xbf, 0xff, 0xff, 0xff, 0xff, 0xff, 0xff, 0xff, 0xff,
 0xf3, 0xff, 0x01, 0xbf, 0xbf, 0xff, 0xff, 0xff, 0xff, 0xff, 0xff, 0xff,
 0xff, 0xf3, 0xff, 0x01, 0xbf, 0xbf, 0xff, 0xff, 0xff, 0xff, 0xff, 0xff,
 0xff, 0xff, 0xf3, 0xff, 0x01, 0xbf, 0xbf, 0xff, 0xff, 0xff, 0xff, 0xff,
 0xff, 0xff, 0xff, 0xf3, 0xff, 0x01, 0xbf, 0xbf, 0xff, 0xff, 0xff, 0xff,
 0xff, 0xff, 0xff, 0xff, 0xf3, 0xff, 0x01, 0xbf, 0xbf, 0xff, 0xff, 0xff,
 0xff, 0xff, 0xff, 0xff, 0xff, 0xf3, 0xff, 0x01, 0xbf, 0xbf, 0xff, 0xff,
 0xff, 0xff, 0xff, 0xff, 0xff, 0xff, 0xf3, 0xff, 0x01, 0xbf, 0xbf, 0xff,
 0xff, 0xff, 0xff, 0xff, 0xff, 0xff, 0xff, 0xf3, 0xff, 0x01, 0xbf, 0xbf,
 0xff, 0xff, 0xff, 0xff, 0xff, 0xff, 0xff, 0xff, 0xf3, 0xff, 0x01, 0xbf,
 0xbf, 0xff, 0xff, 0xff, 0xff, 0xff, 0xff, 0xff, 0xff, 0xf3, 0xff, 0x01,
 0xbf, 0xbf, 0xff, 0xff, 0xff, 0xff, 0xff, 0xff, 0xff, 0xff, 0xf3, 0xff,
 0x01, 0xbf, 0xbf, 0xff, 0xff, 0xff, 0xff, 0xff, 0xff, 0xff, 0xff, 0xf3,
 0xff, 0x01, 0xbf, 0xbf, 0xff, 0xff, 0xff, 0xff, 0xff, 0xff, 0xff, 0xff,
 0xf3, 0xff, 0x01, 0xbf, 0xbf, 0xff, 0xff, 0xff, 0xff, 0xff, 0xff, 0xff,
 0xff, 0xf3, 0xff, 0x01, 0xbf, 0xbf, 0xff, 0xff, 0xff, 0xff, 0xff, 0xff,
 0xff, 0xff, 0xf3, 0xff, 0x01, 0xbf, 0xbf, 0xff, 0xff, 0xff, 0xff, 0xff,
 0xff, 0xff, 0xff, 0xf3, 0xff, 0x01, 0xbf, 0xbf, 0xff, 0xff, 0xff, 0xff,
 0xff, 0xff, 0xff, 0xff, 0xf3, 0xff, 0x01, 0xbf, 0xbf, 0xff, 0xff, 0xff,
 0xff, 0xff, 0xff, 0xff, 0xff, 0xf3, 0xff, 0x01, 0xbf, 0xbf, 0xff, 0xff,
 0xff, 0xff, 0xff, 0xff, 0xff, 0xff, 0xf3, 0xff, 0x01, 0xbf, 0xbf, 0xff,
 0xff, 0xff, 0xff, 0xff, 0xff, 0xff, 0xff, 0xf3, 0xff, 0x01, 0xbf, 0xbf,
 0xff, 0xff, 0xff, 0xff, 0xff, 0xff, 0xff, 0xff, 0xf3, 0xff, 0x01, 0xbf,
 0xbf, 0xff, 0xff, 0xff, 0xff, 0xff, 0xff, 0xff, 0xff, 0xf3, 0xff, 0x01,
 0xbf, 0xbf, 0xff, 0xff, 0xff, 0xff, 0xff, 0xff, 0xff, 0xff, 0xf3, 0xff,
 0x01, 0xbf, 0xbf, 0xff, 0xff, 0xff, 0xff, 0xff, 0xff, 0xff, 0xff, 0xf3,
 0xff, 0x01, 0xbf, 0xbf, 0xff, 0xff, 0xff, 0xff, 0xff, 0xff, 0xff, 0xff,
 0xf3, 0xff, 0x01, 0xbf, 0xbf, 0xff, 0xff, 0xff, 0xff, 0xff, 0xff, 0xff,
 0xff, 0xf3, 0xff, 0x01, 0xbf, 0xbf, 0xff, 0xff, 0xff, 0xff, 0xff, 0xff,
 0xff, 0xff, 0xf3, 0xff, 0x01, 0xbf, 0xbf, 0xff, 0xff, 0xff, 0xff, 0xff,
 0xff, 0xff, 0xff, 0xf3, 0xff, 0x01, 0xbf, 0xbf, 0xff, 0xff, 0xff, 0xff,
 0xff, 0xff, 0xff, 0xff, 0xf3, 0xff, 0x01, 0xbf, 0xbf, 0xff, 0xff, 0xff,
 0xff, 0xff, 0xff, 0xff, 0xff, 0xf3, 0xff, 0x01, 0xbf, 0xbf, 0xff, 0xff,
 0xff, 0xff, 0xff, 0xff, 0xff, 0xff, 0xf3, 0xff, 0x01, 0xbf, 0xbf, 0xff,
 0xff, 0xff, 0xff, 0xff, 0xff, 0xff, 0xff, 0xf3, 0xff, 0x01, 0xbf, 0xbf,
 0xff, 0xff, 0xff, 0xff, 0xff, 0xff, 0xff, 0xff, 0xf3, 0xff, 0x01, 0xbf,
 0xbf, 0xff, 0xff, 0xff, 0xff, 0xff, 0xff, 0xff, 0xff, 0xf3, 0xff, 0x01,
 0xbf, 0xbf, 0xff, 0xff, 0xff, 0xff, 0xff, 0xff, 0xff, 0xff, 0xf3, 0xff,
 0x01, 0xbf, 0xbf, 0xff, 0xff, 0xff, 0xff, 0xff, 0xff, 0xff, 0xff, 0xf3,
 0xff, 0x01, 0xbf, 0xbf, 0xff, 0xff, 0xff, 0xff, 0xff, 0xff, 0xff, 0xff,
 0xf3, 0xff, 0x01, 0xbf, 0xbf, 0xff, 0xff, 0xff, 0xff, 0xff, 0xff, 0xff,
 0xff, 0xf3, 0xff, 0x01, 0xbf, 0xbf, 0xff, 0xff, 0xff, 0xff, 0xff, 0xff,
 0xff, 0xff, 0xf3, 0xff, 0x01, 0xbf, 0xbf, 0xff, 0xff, 0xff, 0xff, 0xff,
 0xff, 0xff, 0xff, 0xf3, 0xff, 0x01, 0xbf, 0xbf, 0xff, 0xff, 0xff, 0xff,
 0xff, 0xff, 0xff, 0xff, 0xf3, 0xff, 0x01, 0xbf, 0xbf, 0xff, 0xff, 0xff,
 0xff, 0xff, 0xff, 0xff, 0xff, 0xf3, 0xff, 0x01, 0xbf, 0xbf, 0xff, 0xff,
 0xff, 0xff, 0xff, 0xff, 0xff, 0xff, 0xf3, 0xff, 0x01, 0xbf, 0xbf, 0xff,
 0xff, 0xff, 0xff, 0xff, 0xff, 0xff, 0xff, 0xf3, 0xff, 0x01, 0xbf, 0xbf,
 0xff, 0xff, 0xff, 0xff, 0xff, 0xff, 0xff, 0xff, 0xf3, 0xff, 0x01, 0xbf,
 0xbf, 0xff, 0xff, 0xff, 0xff, 0xff, 0xff, 0xff, 0xff, 0xf3, 0xff, 0x01,
 0xbf, 0xbf, 0xff, 0xff, 0xff, 0xff, 0xff, 0xff, 0xff, 0xff, 0xf3, 0xff,
 0x01, 0xbf, 0xbf, 0xff, 0xff, 0xff, 0xff, 0xff, 0xff, 0xff, 0xff, 0xf3,
 0xff, 0x01, 0xbf, 0xbf, 0xff, 0xff, 0xff, 0xff, 0xff, 0xff, 0xff, 0xff,
 0xf3, 0xff, 0x01, 0xbf, 0xbf, 0xff, 0xff, 0xff, 0xff, 0xff, 0xff, 0xff,
 0xff, 0xf3, 0xff, 0x01, 0xbf, 0xbf, 0xff, 0xff, 0xff, 0xff, 0xff, 0xff,
 0xff, 0xff, 0xf3, 0xff, 0x01, 0xbf, 0xbf, 0xff, 0xff, 0xff, 0xff, 0xff,
 0xff, 0xff, 0xff, 0xf3, 0xff, 0x01, 0xbf, 0xbf, 0xff, 0xff, 0xff, 0xff,
 0xff, 0xff, 0xff, 0xff, 0xf3, 0xff, 0x01, 0xbf, 0xbf, 0xff, 0xff, 0xff,
 0xff, 0xff, 0xff, 0xff, 0xff, 0xf3, 0xff, 0x01, 0xbf, 0xbf, 0xff, 0xff,
 0xff, 0xff, 0xff, 0xff, 0xff, 0xff, 0xf3, 0xff, 0x01, 0xbf, 0xbf, 0xff,
 0xff, 0xff, 0xff, 0xff, 0xff, 0xff, 0xff, 0xf3, 0xff, 0x01, 0xbf, 0xbf,
 0xff, 0xff, 0xff, 0xff, 0xff, 0xff, 0xff, 0xff, 0xf3, 0xff, 0x01, 0xbf,
 0xbf, 0xff, 0xff, 0xff, 0xff, 0xff, 0xff, 0xff, 0xff, 0xf3, 0xff, 0x01,
 0xbf, 0xbf, 0xff, 0xff, 0xff, 0xff, 0xff, 0xff, 0xff, 0xff, 0xf3, 0xff,
 0x01, 0xbf, 0xbf, 0xff, 0xff, 0xff, 0xff, 0xff, 0xff, 0xff, 0xff, 0xf3,
 0xff, 0x01, 0xbf, 0xbf, 0xff, 0xff, 0xff, 0xff, 0xff, 0xff, 0xff, 0xff,
 0xf3, 0xff, 0x01, 0xbf, 0xbf, 0xff, 0xff, 0xff, 0xff, 0xff, 0xff, 0xff,
 0xff, 0xf3, 0xff, 0x01, 0xbf, 0xbf, 0xff, 0xff, 0xff, 0xff, 0xff, 0xff,
 0xff, 0xff, 0xf3, 0xff, 0x01, 0xbf, 0xbf, 0xff, 0xff, 0xff, 0xff, 0xff,
 0xff, 0xff, 0xff, 0xf3, 0xff, 0x01, 0xbf, 0xbf, 0xff, 0xff, 0xff, 0xff,
 0xff, 0xff, 0xff, 0xff, 0xf3, 0xff, 0x01, 0xbf, 0xbf, 0xff, 0xff, 0xff,
 0xff, 0xff, 0xff, 0xff, 0xff, 0xf3, 0xff, 0x01, 0xbf, 0xbf, 0xff, 0xff,
 0xff, 0xff, 0xff, 0xff, 0xff, 0xff, 0xf3, 0xff, 0x01, 0xbf, 0xbf, 0xff,
 0xff, 0xff, 0xff, 0xff, 0xff, 0xff, 0xff, 0xf3, 0xff, 0x01, 0xbf, 0xbf,
 0xff, 0xff, 0xff, 0xff, 0xff, 0xff, 0xff, 0xff, 0xf3, 0xff, 0x01, 0xbf,
 0xbf, 0xff, 0xff, 0xff, 0xff, 0xff, 0xff, 0xff, 0xff, 0xf3, 0xff, 0x01,
 0xbf, 0xbf, 0xff, 0xff, 0xff, 0xff, 0xff, 0xff, 0xff, 0xff, 0xf3, 0xff,
 0x01, 0xbf, 0xbf, 0xff, 0xff, 0xff, 0xff, 0xff, 0xff, 0xff, 0xff, 0xf3,
 0xff, 0x01, 0xbf, 0xbf, 0xff, 0xff, 0xff, 0xff, 0xff, 0xff, 0xff, 0xff,
 0xf3, 0xff, 0x01, 0xbf, 0xbf, 0xff, 0xff, 0xff, 0xff, 0xff, 0xff, 0xff,
 0xff, 0xf3, 0xff, 0x01, 0xbf, 0xbf, 0xff, 0xff, 0xff, 0xff, 0xff, 0xff,
 0xff, 0xff, 0xf3, 0xff, 0x01, 0xbf, 0xbf, 0xff, 0xff, 0xff, 0xff, 0xff,
 0xff, 0xff, 0xff, 0xf3, 0xff, 0x01, 0xbf, 0xbf, 0xff, 0xff, 0xff, 0xff,
 0xff, 0xff, 0xff, 0xff, 0xf3, 0xff, 0x01, 0xbf, 0xbf, 0xff, 0xff, 0xff,
 0xff, 0xff, 0xff, 0xff, 0xff, 0xf3, 0xff, 0x01, 0xbf, 0xbf, 0xff, 0xff,
 0xff, 0xff, 0xff, 0xff, 0xff, 0xff, 0xf3, 0xff, 0x01, 0xbf, 0xbf, 0xff,
 0xff, 0xff, 0xff, 0xff, 0xff, 0xff, 0xff, 0xf3, 0xff, 0x01, 0xbf, 0xbf,
 0xff, 0xff, 0xff, 0xff, 0xff, 0xff, 0xff, 0xff, 0xf3, 0xff, 0x01, 0xbf,
 0xbf, 0xff, 0xff, 0xff, 0xff, 0xff, 0xff, 0xff, 0xff, 0xf3, 0xff, 0x01,
 0xbf, 0xbf, 0xff, 0xff, 0xff, 0xff, 0xff, 0xff, 0xff, 0xff, 0xf3, 0xff,
 0x01, 0xbf, 0xbf, 0xff, 0xff, 0xff, 0xff, 0xff, 0xff, 0xff, 0xff, 0xf3,
 0xff, 0x01, 0xbf, 0xbf, 0xff, 0xff, 0xff, 0xff, 0xff, 0xff, 0xff, 0xff,
 0xf3, 0xff, 0x01, 0xbf, 0xbf, 0xff, 0xff, 0xff, 0xff, 0xff, 0xff, 0xff,
 0xff, 0xf3, 0xff, 0x01, 0xbf, 0xbf, 0xff, 0xff, 0xff, 0xff, 0xff, 0xff,
 0xff, 0xff, 0xf3, 0xff, 0x01, 0xbf, 0xbf, 0xff, 0xff, 0xff, 0xff, 0xff,
 0xff, 0xff, 0xff, 0xf3, 0xff, 0x01, 0xbf, 0xbf, 0xff, 0xff, 0xff, 0xff,
 0xff, 0xff, 0xff, 0xff, 0xf3, 0xff, 0x01, 0xbf, 0xbf, 0xff, 0xff, 0xff,
 0xff, 0xff, 0xff, 0xff, 0xff, 0xf3, 0xff, 0x01, 0xbf, 0xbf, 0xff, 0xff,
 0xff, 0xff, 0xff, 0xff, 0xff, 0xff, 0xf3, 0xff, 0x01, 0xbf, 0xbf, 0xff,
 0xff, 0xff, 0xff, 0xff, 0xff, 0xff, 0xff, 0xf3, 0xff, 0x01, 0xbf, 0xbf,
 0xff, 0xff, 0xff, 0xff, 0xff, 0xff, 0xff, 0xff, 0xf3, 0xff, 0x01, 0xbf,
 0xbf, 0xff, 0xff, 0xff, 0xff, 0xff, 0xff, 0xff, 0xff, 0xf3, 0xff, 0x01,
 0xbf, 0xbf, 0xff, 0xff, 0xff, 0xff, 0xff, 0xff, 0xff, 0xff, 0xf3, 0xff,
 0x01, 0xbf, 0xbf, 0xff, 0xff, 0xff, 0xff, 0xff, 0xff, 0xff, 0xff, 0xf3,
 0xff, 0x01, 0xbf, 0xbf, 0xff, 0xff, 0xff, 0xff, 0xff, 0xff, 0xff, 0xff,
 0xf3, 0xff, 0x01, 0xbf, 0xbf, 0xff, 0xff, 0xff, 0xff, 0xff, 0xff, 0xff,
 0xff, 0xf3, 0xff, 0x01, 0xbf, 0xbf, 0xff, 0xff, 0xff, 0xff, 0xff, 0xff,
 0xff, 0xff, 0xf3, 0xff, 0x01, 0xbf, 0xbf, 0xff, 0xff, 0xff, 0xff, 0xff,
 0xff, 0xff, 0xff, 0xf3, 0xff, 0x01, 0xbf, 0xbf, 0xff, 0xff, 0xff, 0xff,
 0xff, 0xff, 0xff, 0xff, 0xf3, 0xff, 0x01, 0xbf, 0xbf, 0xff, 0xff, 0xff,
 0xff, 0xff, 0xff, 0xff, 0xff, 0xf3, 0xff, 0x01, 0xbf, 0xbf, 0xff, 0xff,
 0xff, 0xff, 0xff, 0xff, 0xff, 0xff, 0xf3, 0xff, 0x01, 0xbf, 0xbf, 0xff,
 0xff, 0xff, 0xff, 0xff, 0xff, 0xff, 0xff, 0xf3, 0xff, 0x01, 0xbf, 0xbf,
 0xff, 0xff, 0xff, 0xff, 0xff, 0xff, 0xff, 0xff, 0xf3, 0xff, 0x01, 0xbf,
 0xbf, 0xff, 0xff, 0xff, 0xff, 0xff, 0xff, 0xff, 0xff, 0xf3, 0xff, 0x01,
 0xbf, 0xbf, 0xff, 0xff, 0xff, 0xff, 0xff, 0xff, 0xff, 0xff, 0xf3, 0xff,
 0x01, 0xbf, 0xbf, 0xff, 0xff, 0xff, 0xff, 0xff, 0xff, 0xff, 0xff, 0xf3,
 0xff, 0x01, 0xbf, 0xbf, 0xff, 0xff, 0xff, 0xff, 0xff, 0xff, 0xff, 0xff,
 0xf3, 0xff, 0x01, 0xbf, 0xbf, 0xff, 0xff, 0xff, 0xff, 0xff, 0xff, 0xff,
 0xff, 0xf3, 0xff, 0x01, 0xbf, 0xbf, 0xff, 0xff, 0xff, 0xff, 0xff, 0xff,
 0xff, 0xff, 0xf3, 0xff, 0x01, 0xbf, 0xbf, 0xff, 0xff, 0xff, 0xff, 0xff,
 0xff, 0xff, 0xff, 0xf3, 0xff, 0x01, 0xbf, 0xbf, 0xff, 0xff, 0xff, 0xff,
 0xff, 0xff, 0xff, 0xff, 0xf3, 0xff, 0x01, 0xbf, 0xbf, 0xff, 0xff, 0xff,
 0xff, 0xff, 0xff, 0xff, 0xff, 0xf3, 0xff, 0x01, 0xbf, 0xbf, 0xff, 0xff,
 0xff, 0xff, 0xff, 0xff, 0xff, 0xff, 0xf3, 0xff, 0x01, 0xbf, 0xbf, 0xff,
 0xff, 0xff, 0xff, 0xff, 0xff, 0xff, 0xff, 0xf3, 0xff, 0x01, 0xbf, 0xbf,
 0xff, 0xff, 0xff, 0xff, 0xff, 0xff, 0xff, 0xff, 0xf3, 0xff, 0x01, 0xbf,
 0xbf, 0xff, 0xff, 0xff, 0xff, 0xff, 0xff, 0xff, 0xff, 0xf3, 0xff, 0x01,
 0xbf, 0xbf, 0xff, 0xff, 0xff, 0xff, 0xff, 0xff, 0xff, 0xff, 0xf3, 0xff,
 0x01, 0xbf, 0xbf, 0xff, 0xff, 0xff, 0xff, 0xff, 0xff, 0xff, 0xff, 0xf3,
 0xff, 0x01, 0xbf, 0xbf, 0xff, 0xff, 0xff, 0xff, 0xff, 0xff, 0xff, 0xff,
 0xf3, 0xff, 0x01, 0xbf, 0xbf, 0xff, 0xff, 0xff, 0xff, 0xff, 0xff, 0xff,
 0xff, 0xf3, 0xff, 0x01, 0xbf, 0xbf, 0xff, 0xff, 0xff, 0xff, 0xff, 0xff,
 0xff, 0xff, 0xf3, 0xff, 0x01, 0xbf, 0xbf, 0xff, 0xff, 0xff, 0xff, 0xff,
 0xff, 0xff, 0xff, 0xf3, 0xff, 0x01, 0xbf, 0xbf, 0xff, 0xff, 0xff, 0xff,
 0xff, 0xff, 0xff, 0xff, 0xf3, 0xff, 0x01, 0xbf, 0xbf, 0xff, 0xff, 0xff,
 0xff, 0xff, 0xff, 0xff, 0xff, 0xf3, 0xff, 0x01, 0xbf, 0xbf, 0xff, 0xff,
 0xff, 0xff, 0xff, 0xff, 0xff, 0xff, 0xf3, 0xff, 0x01, 0xbf, 0xbf, 0xff,
 0xff, 0xff, 0xff, 0xff, 0xff, 0xff, 0xff, 0xf3, 0xff, 0x01, 0xbf, 0xbf,
 0xff, 0xff, 0xff, 0xff, 0xff, 0xff, 0xff, 0xff, 0xf3, 0xff, 0x01, 0xbf,
 0xbf, 0xff, 0xff, 0xff, 0xff, 0xff, 0xff, 0xff, 0xff, 0xf3, 0xff, 0x01,
 0xbf, 0xbf, 0xff, 0xff, 0xff, 0xff, 0xff, 0xff, 0xff, 0xff, 0xf3, 0xff,
 0x01, 0xbf, 0xbf, 0xff, 0xff, 0xff, 0xff, 0xff, 0xff, 0xff, 0xff, 0xf3,
 0xff, 0x01, 0xbf, 0xbf, 0xff, 0xff, 0xff, 0xff, 0xff, 0xff, 0xff, 0xff,
 0xf3, 0xff, 0x01, 0xbf, 0xbf, 0xff, 0xff, 0xff, 0xff, 0xff, 0xff, 0xff,
 0xff, 0xf3, 0xff, 0x01, 0xbf, 0xbf, 0xff, 0xff, 0xff, 0xff, 0xff, 0xff,
 0xff, 0xff, 0xf3, 0xff, 0x01, 0xbf, 0xbf, 0xff, 0xff, 0xff, 0xff, 0xff,
 0xff, 0xff, 0xff, 0xf3, 0xff, 0x01, 0xbf, 0xbf, 0xff, 0xff, 0xff, 0xff,
 0xff, 0xff, 0xff, 0xff, 0xf3, 0xff, 0x01, 0xbf, 0xbf, 0xff, 0xff, 0xff,
 0xff, 0xff, 0xff, 0xff, 0xff, 0xf3, 0xff, 0x01, 0xbf, 0xbf, 0xff, 0xff,
 0xff, 0xff, 0xff, 0xff, 0xff, 0xff, 0xf3, 0xff, 0x01, 0xbf, 0xbf, 0xff,
 0xff, 0xff, 0xff, 0xff, 0xff, 0xff, 0xff, 0xf3, 0xff, 0x01, 0xbf, 0xbf,
 0xff, 0xff, 0xff, 0xff, 0xff, 0xff, 0xff, 0xff, 0xf3, 0xff, 0x01, 0xbf,
 0xbf, 0xff, 0xff, 0xff, 0xff, 0xff, 0xff, 0xff, 0xff, 0xf3, 0xff, 0x01,
 0xbf, 0xbf, 0xff, 0xff, 0xff, 0xff, 0xff, 0xff, 0xff, 0xff, 0xf3, 0xff,
 0x01, 0xbf, 0xbf, 0xff, 0xff, 0xff, 0xff, 0xff, 0xff, 0xff, 0xff, 0xf3,
 0xff, 0x01, 0xbf, 0xbf, 0xff, 0xff, 0xff, 0xff, 0xff, 0xff, 0xff, 0xff,
 0xf3, 0xff, 0x01, 0xbf, 0xbf, 0xff, 0xff, 0xff, 0xff, 0xff, 0xff, 0xff,
 0xff, 0xf3, 0xff, 0x01, 0xbf, 0xbf, 0xff, 0xff, 0xff, 0xff, 0xff, 0xff,
 0xff, 0xff, 0xf3, 0xff, 0x01, 0xbf, 0xbf, 0xff, 0xff, 0xff, 0xff, 0xff,
 0xff, 0xff, 0xff, 0xf3, 0xff, 0x01, 0xbf, 0xbf, 0xff, 0xff, 0xff, 0xff,
 0xff, 0xff, 0xff, 0xff, 0xf3, 0xff, 0x01, 0xbf, 0xbf, 0xff, 0xff, 0xff,
 0xff, 0xff, 0xff, 0xff, 0xff, 0xf3, 0xff, 0x01, 0xbf, 0xbf, 0xff, 0xff,
 0xff, 0xff, 0xff, 0xff, 0xff, 0xff, 0xf3, 0xff, 0x01, 0xbf, 0xbf, 0xff,
 0xff, 0xff, 0xff, 0xff, 0xff, 0xff, 0xff, 0xf3, 0xff, 0x01, 0xbf, 0xbf,
 0xff, 0xff, 0xff, 0xff, 0xff, 0xff, 0xff, 0xff, 0xf3, 0xff, 0x01, 0xbf,
 0xbf, 0xff, 0xff, 0xff, 0xff, 0xff, 0xff, 0xff, 0xff, 0xf3, 0xff, 0x01,
 0xbf, 0xbf, 0xff, 0xff, 0xff, 0xff, 0xff, 0xff, 0xff, 0xff, 0xf3, 0xff,
 0x01, 0xbf, 0xbf, 0xff, 0xff, 0xff, 0xff, 0xff, 0xff, 0xff, 0xff, 0xf3,
 0xff, 0x01, 0xbf, 0xbf, 0xff, 0xff, 0xff, 0xff, 0xff, 0xff, 0xff, 0xff,
 0xf3, 0xff, 0x01, 0xbf, 0xbf, 0xff, 0xff, 0xff, 0xff, 0xff, 0xff, 0xff,
 0xff, 0xf3, 0xff, 0x01, 0xbf, 0xbf, 0xff, 0xff, 0xff, 0xff, 0xff, 0xff,
 0xff, 0xff, 0xf3, 0xff, 0x01, 0xbf, 0xbf, 0xff, 0xff, 0xff, 0xff, 0xff,
 0xff, 0xff, 0xff, 0xf3, 0xff, 0x01, 0xbf, 0xbf, 0xff, 0xff, 0xff, 0xff,
 0xff, 0xff, 0xff, 0xff, 0xf3, 0xff, 0x01, 0xbf, 0xbf, 0xff, 0xff, 0xff,
 0xff, 0xff, 0xff, 0xff, 0xff, 0xf3, 0xff, 0x01, 0xbf, 0xbf, 0xff, 0xff,
 0xff, 0xff, 0xff, 0xff, 0xff, 0xff, 0xf3, 0xff, 0x01, 0xbf, 0xbf, 0xff,
 0xff, 0xff, 0xff, 0xff, 0xff, 0xff, 0xff, 0xf3, 0xff, 0x01, 0xbf, 0xbf,
 0xff, 0xff, 0xff, 0xff, 0xff, 0xff, 0xff, 0xff, 0xf3, 0xff, 0x01, 0xbf,
 0xbf, 0xff, 0xff, 0xff, 0xff, 0xff, 0xff, 0xff, 0xff, 0xf3, 0xff, 0x01,
 0xbf, 0xbf, 0xff, 0xff, 0xff, 0xff, 0xff, 0xff, 0xff, 0xff, 0xf3, 0xff,
 0x01, 0xbf, 0xbf, 0xff, 0xff, 0xff, 0xff, 0xff, 0xff, 0xff, 0xff, 0xf3,
 0xff, 0x01, 0xbf, 0xbf, 0xff, 0xff, 0xff, 0xff, 0xff, 0xff, 0xff, 0xff,
 0xf3, 0xff, 0x01, 0xbf, 0xbf, 0xff, 0xff, 0xff, 0xff, 0xff, 0xff, 0xff,
 0xff, 0xf3, 0xff, 0x01, 0xbf, 0xbf, 0xff, 0xff, 0xff, 0xff, 0xff, 0xff,
 0xff, 0xff, 0xf3, 0xff, 0x01, 0xbf, 0xbf, 0xff, 0xff, 0xff, 0xff, 0xff,
 0xff, 0xff, 0xff, 0xf3, 0xff, 0x01, 0xbf, 0xbf, 0xff, 0xff, 0xff, 0xff,
 0xff, 0xff, 0xff, 0xff, 0xf3, 0xff, 0x01, 0xbf, 0xbf, 0xff, 0xff, 0xff,
 0xff, 0xff, 0xff, 0xff, 0xff, 0xf3, 0xff, 0x01, 0xbf, 0xbf, 0xff, 0xff,
 0xff, 0xff, 0xff, 0xff, 0xff, 0xff, 0xf3, 0xff, 0x01, 0xbf, 0xbf, 0xff,
 0xff, 0xff, 0xff, 0xff, 0xff, 0xff, 0xff, 0xf3, 0xff, 0x01, 0xbf, 0xbf,
 0xff, 0xff, 0xff, 0xff, 0xff, 0xff, 0xff, 0xff, 0xf3, 0xff, 0x01, 0xbf,
 0xbf, 0xff, 0xff, 0xff, 0xff, 0xff, 0xff, 0xff, 0xff, 0xf3, 0xff, 0x01,
 0xbf, 0xbf, 0xff, 0xff, 0xff, 0xff, 0xff, 0xff, 0xff, 0xff, 0xf3, 0xff,
 0x01, 0xbf, 0xbf, 0xff, 0xff, 0xff, 0xff, 0xff, 0xff, 0xff, 0xff, 0xf3,
 0xff, 0x01, 0xbf, 0xbf, 0xff, 0xff, 0xff, 0xff, 0xff, 0xff, 0xff, 0xff,
 0xf3, 0xff, 0x01, 0xbf, 0xbf, 0xff, 0xff, 0xff, 0xff, 0xff, 0xff, 0xff,
 0xff, 0xf3, 0xff, 0x01, 0xbf, 0xbf, 0xff, 0xff, 0xff, 0xff, 0xff, 0xff,
 0xff, 0xff, 0xf3, 0xff, 0x01, 0xbf, 0xbf, 0xff, 0xff, 0xff, 0xff, 0xff,
 0xff, 0xff, 0xff, 0xf3, 0xff, 0x01, 0xbf, 0xbf, 0xff, 0xff, 0xff, 0xff,
 0xff, 0xff, 0xff, 0xff, 0xf3, 0xff, 0x01, 0xbf, 0xbf, 0xff, 0xff, 0xff,
 0xff, 0xff, 0xff, 0xff, 0xff, 0xf3, 0xff, 0x01, 0xbf, 0xbf, 0xff, 0xff,
 0xff, 0xff, 0xff, 0xff, 0xff, 0xff, 0xf3, 0xff, 0x01, 0xbf, 0xbf, 0xff,
 0xff, 0xff, 0xff, 0xff, 0xff, 0xff, 0xff, 0xf3, 0xff, 0x01, 0xbf, 0xbf,
 0xff, 0xff, 0xff, 0xff, 0xff, 0xff, 0xff, 0xff, 0xf3, 0xff, 0x01, 0xbf,
 0xbf, 0xff, 0xff, 0xff, 0xff, 0xff, 0xff, 0xff, 0xff, 0xf3, 0xff, 0x01,
 0xbf, 0xbf, 0xff, 0xff, 0xff, 0xff, 0xff, 0xff, 0xff, 0xff, 0xf3, 0xff,
 0x01, 0xbf, 0xbf, 0xff, 0xff, 0xff, 0xff, 0xff, 0xff, 0xff, 0xff, 0xf3,
 0xff, 0x01, 0xbf, 0xbf, 0xff, 0xff, 0xff, 0xff, 0xff, 0xff, 0xff, 0xff,
 0xf3, 0xff, 0x01, 0xbf, 0xbf, 0xff, 0xff, 0xff, 0xff, 0xff, 0xff, 0xff,
 0xff, 0xf3, 0xff, 0x01, 0xbf, 0xbf, 0xff, 0xff, 0xff, 0xff, 0xff, 0xff,
 0xff, 0xff, 0xf3, 0xff, 0x01, 0xbf, 0xbf, 0xff, 0xff, 0xff, 0xff, 0xff,
 0xff, 0xff, 0xff, 0xf3, 0xff, 0x01, 0xbf, 0xbf, 0xff, 0xff, 0xff, 0xff,
 0xff, 0xff, 0xff, 0xff, 0xf3, 0xff, 0x01, 0xbf, 0xbf, 0xff, 0xff, 0xff,
 0xff, 0xff, 0xff, 0xff, 0xff, 0xf3, 0xff, 0x01, 0xbf, 0xbf, 0xff, 0xff,
 0xff, 0xff, 0xff, 0xff, 0xff, 0xff, 0xf3, 0xff, 0x01, 0xbf, 0xbf, 0xff,
 0xff, 0xff, 0xff, 0xff, 0xff, 0xff, 0xff, 0xf3, 0xff, 0x01, 0xbf, 0xbf,
 0xff, 0xff, 0xff, 0xff, 0xff, 0xff, 0xff, 0xff, 0xf3, 0xff, 0x01, 0xbf,
 0xbf, 0xff, 0xff, 0xff, 0xff, 0xff, 0xff, 0xff, 0xff, 0xf3, 0xff, 0x01,
 0xbf, 0xbf, 0xff, 0xff, 0xff, 0xff, 0xff, 0xff, 0xff, 0xff, 0xf3, 0xff,
 0x01, 0xbf, 0xbf, 0xff, 0xff, 0xff, 0xff, 0xff, 0xff, 0xff, 0xff, 0xf3,
 0xff, 0x01, 0xbf, 0xbf, 0xff, 0xff, 0xff, 0xff, 0xff, 0xff, 0xff, 0xff,
 0xf3, 0xff, 0x01, 0xbf, 0xbf, 0xff, 0xff, 0xff, 0xff, 0xff, 0xff, 0xff,
 0xff, 0xf3, 0xff, 0x01, 0xbf, 0xbf, 0xff, 0xff, 0xff, 0xff, 0xff, 0xff,
 0xff, 0xff, 0xf3, 0xff, 0x01, 0xbf, 0xbf, 0xff, 0xff, 0xff, 0xff, 0xff,
 0xff, 0xff, 0xff, 0xf3, 0xff, 0x01, 0xbf, 0xbf, 0xff, 0xff, 0xff, 0xff,
 0xff, 0xff, 0xff, 0xff, 0xf3, 0xff, 0x01, 0xbf, 0xbf, 0xff, 0xff, 0xff,
 0xff, 0xff, 0xff, 0xff, 0xff, 0xf3, 0xff, 0x01, 0xbf, 0xbf, 0xff, 0xff,
 0xff, 0xff, 0xff, 0xff, 0xff, 0xff, 0xf3, 0xff, 0x01, 0xbf, 0xbf, 0xff,
 0xff, 0xff, 0xff, 0xff, 0xff, 0xff, 0xff, 0xf3, 0xff, 0x01, 0xbf, 0xbf,
 0xff, 0xff, 0xff, 0xff, 0xff, 0xff, 0xff, 0xff, 0xf3, 0xff, 0x01, 0xbf,
 0xbf, 0xff, 0xff, 0xff, 0xff, 0xff, 0xff, 0xff, 0xff, 0xf3, 0xff, 0x01,
 0xbf, 0xbf, 0xff, 0xff, 0xff, 0xff, 0xff, 0xff, 0xff, 0xff, 0xf3, 0xff,
 0x01, 0xbf, 0xbf, 0xff, 0xff, 0xff, 0xff, 0xff, 0xff, 0xff, 0xff, 0xf3,
 0xff, 0x01, 0xbf, 0xbf, 0xff, 0xff, 0xff, 0xff, 0xff, 0xff, 0xff, 0xff,
 0xf3, 0xff, 0x01, 0xbf, 0xbf, 0xff, 0xff, 0xff, 0xff, 0xff, 0xff, 0xff,
 0xff, 0xf3, 0xff, 0x01, 0xbf, 0xbf, 0xff, 0xff, 0xff, 0xff, 0xff, 0xff,
 0xff, 0xff, 0xf3, 0xff, 0x01, 0xbf, 0xbf, 0xff, 0xff, 0xff, 0xff, 0xff,
 0xff, 0xff, 0xff, 0xf3, 0xff, 0x01, 0xbf, 0xbf, 0xff, 0xff, 0xff, 0xff,
 0xff, 0xff, 0xff, 0xff, 0xf3, 0xff, 0x01, 0xbf, 0xbf, 0xff, 0xff, 0xff,
 0xff, 0xff, 0xff, 0xff, 0xff, 0xf3, 0xff, 0x01, 0xbf, 0xbf, 0xff, 0xff,
 0xff, 0xff, 0xff, 0xff, 0xff, 0xff, 0xf3, 0xff, 0x01, 0xbf, 0xbf, 0xff,
 0xff, 0xff, 0xff, 0xff, 0xff, 0xff, 0xff, 0xf3, 0xff, 0x01, 0xbf, 0xbf,
 0xff, 0xff, 0xff, 0xff, 0xff, 0xff, 0xff, 0xff, 0xf3, 0xff, 0x01, 0xbf,
 0xbf, 0xff, 0xff, 0xff, 0xff, 0xff, 0xff, 0xff, 0xff, 0xf3, 0xff, 0x01,
 0xbf, 0xbf, 0xff, 0xff, 0xff, 0xff, 0xff, 0xff, 0xff, 0xff, 0xf3, 0xff,
 0x01, 0xbf, 0xbf, 0xff, 0xff, 0xff, 0xff, 0xff, 0xff, 0xff, 0xff, 0xf3,
 0xff, 0x01, 0xbf, 0xbf, 0xff, 0xff, 0xff, 0xff, 0xff, 0xff, 0xff, 0xff,
 0xf3, 0xff, 0x01, 0xbf, 0xbf, 0xff, 0xff, 0xff, 0xff, 0xff, 0xff, 0xff,
 0xff, 0xf3, 0xff, 0x01, 0xbf, 0xbf, 0xff, 0xff, 0xff, 0xff, 0xff, 0xff,
 0xff, 0xff, 0xf3, 0xff, 0x01, 0xbf, 0xbf, 0xff, 0xff, 0xff, 0xff, 0xff,
 0xff, 0xff, 0xff, 0xf3, 0xff, 0x01, 0xbf, 0xbf, 0xff, 0xff, 0xff, 0xff,
 0xff, 0xff, 0xff, 0xff, 0xf3, 0xff, 0x01, 0xbf, 0xbf, 0xff, 0xff, 0xff,
 0xff, 0xff, 0xff, 0xff, 0xff, 0xf3, 0xff, 0x01, 0xbf, 0xbf, 0xff, 0xff,
 0xff, 0xff, 0xff, 0xff, 0xff, 0xff, 0xf3, 0xff, 0x01, 0xbf, 0xbf, 0xff,
 0xff, 0xff, 0xff, 0xff, 0xff, 0xff, 0xff, 0xf3, 0xff, 0x01, 0xbf, 0xbf,
 0xff, 0xff, 0xff, 0xff, 0xff, 0xff, 0xff, 0xff, 0xf3, 0xff, 0x01, 0xbf,
 0xbf, 0xff, 0xff, 0xff, 0xff, 0xff, 0xff, 0xff, 0xff, 0xf3, 0xff, 0x01,
 0xbf, 0xbf, 0xff, 0xff, 0xff, 0xff, 0xff, 0xff, 0xff, 0xff, 0xf3, 0xff,
 0x01, 0xbf, 0xbf, 0xff, 0xff, 0xff, 0xff, 0xff, 0xff, 0xff, 0xff, 0xf3,
 0xff, 0x01, 0xbf, 0xbf, 0xff, 0xff, 0xff, 0xff, 0xff, 0xff, 0xff, 0xff,
 0xf3, 0xff, 0x01, 0xbf, 0xbf, 0xff, 0xff, 0xff, 0xff, 0xff, 0xff, 0xff,
 0xff, 0xf3, 0xff, 0x01, 0xbf, 0xbf, 0xff, 0xff, 0xff, 0xff, 0xff, 0xff,
 0xff, 0xff, 0xf3, 0xff, 0x01, 0xbf, 0xbf, 0xff, 0xff, 0xff, 0xff, 0xff,
 0xff, 0xff, 0xff, 0xf3, 0xff, 0x01, 0xbf, 0xbf, 0xff, 0xff, 0xff, 0xff,
 0xff, 0xff, 0xff, 0xff, 0xf3, 0xff, 0x01, 0xbf, 0xbf, 0xff, 0xff, 0xff,
 0xff, 0xff, 0xff, 0xff, 0xff, 0xf3, 0xff, 0x01, 0xbf, 0xbf, 0xff, 0xff,
 0xff, 0xff, 0xff, 0xff, 0xff, 0xff, 0xf3, 0xff, 0x01, 0xbf, 0xbf, 0xff,
 0xff, 0xff, 0xff, 0xff, 0xff, 0xff, 0xff, 0xf3, 0xff, 0x01, 0xbf, 0xbf,
 0xff, 0xff, 0xff, 0xff, 0xff, 0xff, 0xff, 0xff, 0xf3, 0xff, 0x01, 0xbf,
 0xbf, 0xff, 0xff, 0xff, 0xff, 0xff, 0xff, 0xff, 0xff, 0xf3, 0xff, 0x01,
 0xbf, 0xbf, 0xff, 0xff, 0xff, 0xff, 0xff, 0xff, 0xff, 0xff, 0xf3, 0xff,
 0x01, 0xbf, 0xbf, 0xff, 0xff, 0xff, 0xff, 0xff, 0xff, 0xff, 0xff, 0xf3,
 0xff, 0x01, 0xbf, 0xbf, 0xff, 0xff, 0xff, 0xff, 0xff, 0xff, 0xff, 0xff,
 0xf3, 0xff, 0x01, 0xbf, 0xbf, 0xff, 0xff, 0xff, 0xff, 0xff, 0xff, 0xff,
 0xff, 0xf3, 0xff, 0x01, 0xbf, 0xbf, 0xff, 0xff, 0xff, 0xff, 0xff, 0xff,
 0xff, 0xff, 0xf3, 0xff, 0x01, 0xbf, 0xbf, 0xff, 0xff, 0xff, 0xff, 0xff,
 0xff, 0xff, 0xff, 0xf3, 0xff, 0x01, 0xbf, 0xbf, 0xff, 0xff, 0xff, 0xff,
 0xff, 0xff, 0xff, 0xff, 0xf3, 0xff, 0x01, 0xbf, 0xbf, 0xff, 0xff, 0xff,
 0xff, 0xff, 0xff, 0xff, 0xff, 0xf3, 0xff, 0x01, 0xbf, 0xbf, 0xff, 0xff,
 0xff, 0xff, 0xff, 0xff, 0xff, 0xff, 0xf3, 0xff, 0x01, 0xbf, 0xbf, 0xff,
 0xff, 0xff, 0xff, 0xff, 0xff, 0xff, 0xff, 0xf3, 0xff, 0x01, 0xbf, 0xbf,
 0xff, 0xff, 0xff, 0xff, 0xff, 0xff, 0xff, 0xff, 0xf3, 0xff, 0x01, 0xbf,
 0xbf, 0xff, 0xff, 0xff, 0xff, 0xff, 0xff, 0xff, 0xff, 0xf3, 0xff, 0x01,
 0xbf, 0xbf, 0xff, 0xff, 0xff, 0xff, 0xff, 0xff, 0xff, 0xff, 0xf3, 0xff,
 0x01, 0xbf, 0xbf, 0xff, 0xff, 0xff, 0xff, 0xff, 0xff, 0xff, 0xff, 0xf3,
 0xff, 0x01, 0xbf, 0xbf, 0xff, 0xff, 0xff, 0xff, 0xff, 0xff, 0xff, 0xff,
 0xf3, 0xff, 0x01, 0xbf, 0xbf, 0xff, 0xff, 0xff, 0xff, 0xff, 0xff, 0xff,
 0xff, 0xf3, 0xff, 0x01, 0xbf, 0x8f, 0xff, 0xbf, 0xff, 0xbf, 0xff, 0xbf,
 0xff, 0xbf, 0xf3, 0xbf, 0x00, 0x8f,
};
static EG_EMBEDDED_IMAGE egemb_refindplus_banner_hidpi = {
    640, 280, EG_EIPIXELMODE_ALPHA, EG_EICOMPMODE_RLE,
    egemb_refindplus_banner_hidpi_data, 39834
};
